Time	dkaiA_AnPan_1_1a	dkaiA_AnPan_1_1b	dkaiA_AnPan_1_1c	dkaiA_AnPan_1_1d	dkaiA_AnPan_1_2a	dkaiA_AnPan_1_2b	dkaiA_AnPan_1_2c	dkaiA_AnPan_1_2d	dkaiA_AnPan_1_3a	dkaiA_AnPan_1_3c	dkaiA_AnPan_2_1a	dkaiA_AnPan_2_1b	dkaiA_AnPan_2_1c	dkaiA_AnPan_2_1d	dkaiA_AnPan_2_2a	dkaiA_AnPan_2_2b	dkaiA_AnPan_2_2c	dkaiA_AnPan_2_2d	dkaiA_AnPan_2_3a	dkaiA_AnPan_2_3c	dkaiA_AnPan_3_1a	dkaiA_AnPan_3_1b	dkaiA_AnPan_3_1c	dkaiA_AnPan_3_1d	dkaiA_AnPan_3_2a	dkaiA_AnPan_3_2b	dkaiA_AnPan_3_2c	dkaiA_AnPan_3_2d	dkaiA_AnPan_4_1a	dkaiA_AnPan_4_1b	dkaiA_AnPan_4_1c	dkaiA_AnPan_4_1d	dkaiA_AnPan_4_2a	dkaiA_AnPan_4_2b	dkaiA_AnPan_4_2c	dkaiA_AnPan_4_2d	dkaiA_AnPan_4_3b	dkaiA_AnPan_4_3d	dkaiA_AnPse_1_1a	dkaiA_AnPse_1_1b	dkaiA_AnPse_1_1c	dkaiA_AnPse_1_1d	dkaiA_AnPse_1_2a	dkaiA_AnPse_1_2b	dkaiA_AnPse_1_2c	dkaiA_AnPse_1_2d	dkaiA_AnPse_2_1a	dkaiA_AnPse_2_1b	dkaiA_AnPse_2_1c	dkaiA_AnPse_2_1d	dkaiA_AnPse_2_2a	dkaiA_AnPse_2_2b	dkaiA_AnPse_2_2c	dkaiA_AnPse_2_2d	dkaiA_AnPse_2_3b	dkaiA_AnPse_2_3d	dkaiA_AnPse_3_1a	dkaiA_AnPse_3_1b	dkaiA_AnPse_3_1c	dkaiA_AnPse_3_1d	dkaiA_AnPse_3_2a	dkaiA_AnPse_3_2b	dkaiA_AnPse_3_2c	dkaiA_AnPse_3_2d	dkaiA_AnPse_3_3a	dkaiA_AnPse_3_3c	dkaiA_AnPse_4_1a	dkaiA_AnPse_4_1b	dkaiA_AnPse_4_1c	dkaiA_AnPse_4_1d	dkaiA_AnPse_4_2a	dkaiA_AnPse_4_2b	dkaiA_AnPse_4_2c	dkaiA_AnPse_4_2d	dkaiA_AnPse_4_3a	dkaiA_AnPse_4_3c	dkaiA148_1_1a	dkaiA148_1_1b	dkaiA148_1_1c	dkaiA148_1_1d	dkaiA148_1_2a	dkaiA148_1_2b	dkaiA148_1_2c	dkaiA148_1_2d	dkaiA148_1_3a	dkaiA148_1_3c	dkaiA148_2_1a	dkaiA148_2_1b	dkaiA148_2_1c	dkaiA148_2_1d	dkaiA148_2_2a	dkaiA148_2_2b	dkaiA148_2_2c	dkaiA148_2_2d	dkaiA148_3_1a	dkaiA148_3_1b	dkaiA148_3_1c	dkaiA148_3_1d	dkaiA148_3_2a	dkaiA148_3_2b	dkaiA148_3_2c	dkaiA148_3_2d	dkaiA148_3_3b	dkaiA148_3_3d	dkaiA148_4_1a	dkaiA148_4_1b	dkaiA148_4_1c	dkaiA148_4_1d	dkaiA148_4_2a	dkaiA148_4_2b	dkaiA148_4_2c	dkaiA148_4_2d	dkaiA148L156A_1_1a	dkaiA148L156A_1_1b	dkaiA148L156A_1_1c	dkaiA148L156A_1_1d	dkaiA148L156A_1_2a	dkaiA148L156A_1_2b	dkaiA148L156A_1_2c	dkaiA148L156A_1_2d	dkaiA148L156A_1_3a	dkaiA148L156A_1_3c	dkaiA148L156A_2_1a	dkaiA148L156A_2_1b	dkaiA148L156A_2_1c	dkaiA148L156A_2_1d	dkaiA148L156A_2_2a	dkaiA148L156A_2_2b	dkaiA148L156A_2_2c	dkaiA148L156A_2_2d	dkaiA148L156A_2_3b	dkaiA148L156A_2_3d	dkaiA148L156A_3_1a	dkaiA148L156A_3_1b	dkaiA148L156A_3_1c	dkaiA148L156A_3_1d	dkaiA148L156A_3_2a	dkaiA148L156A_3_2b	dkaiA148L156A_3_2c	dkaiA148L156A_3_2d	dkaiA148L156A_3_3a	dkaiA148L156A_3_3c	dkaiA148L156A_4_1a	dkaiA148L156A_4_1b	dkaiA148L156A_4_1c	dkaiA148L156A_4_1d	dkaiA148L156A_4_2a	dkaiA148L156A_4_2b	dkaiA148L156A_4_2c	dkaiA148L156A_4_2d	dkaiA148L156A_4_3a	dkaiA148L156A_4_3c	dkaiA181_1_1a	dkaiA181_1_1b	dkaiA181_1_1c	dkaiA181_1_1d	dkaiA181_1_2a	dkaiA181_1_2b	dkaiA181_1_2c	dkaiA181_1_2d	dkaiA181_1_3b	dkaiA181_1_3d	dkaiA181_2_1a	dkaiA181_2_1b	dkaiA181_2_1c	dkaiA181_2_1d	dkaiA181_2_2a	dkaiA181_2_2b	dkaiA181_2_2c	dkaiA181_2_2d	dkaiA181_2_3a	dkaiA181_2_3c	dkaiA181_3_1a	dkaiA181_3_1b	dkaiA181_3_1c	dkaiA181_3_1d	dkaiA181_3_2a	dkaiA181_3_2b	dkaiA181_3_2c	dkaiA181_3_2d	dkaiA181_3_3b	dkaiA181_3_3d	dkaiA181_4_1a	dkaiA181_4_1b	dkaiA181_4_1c	dkaiA181_4_1d	dkaiA181_4_2a	dkaiA181_4_2b	dkaiA181_4_2c	dkaiA181_4_2d	dkaiA181_4_3b	dkaiA181_4_3d	dkaiACTRL_1_1a	dkaiACTRL_1_1b	dkaiACTRL_1_1c	dkaiACTRL_1_1d	dkaiACTRL_1_2a	dkaiACTRL_1_2b	dkaiACTRL_1_2c	dkaiACTRL_1_2d	dkaiACTRL_2_1a	dkaiACTRL_2_1b	dkaiACTRL_2_1c	dkaiACTRL_2_1d	dkaiACTRL_2_2a	dkaiACTRL_2_2b	dkaiACTRL_2_2c	dkaiACTRL_2_2d	dkaiACTRL_2_3a	dkaiACTRL_2_3c	dkaiACTRL_3_1a	dkaiACTRL_3_1b	dkaiACTRL_3_1c	dkaiACTRL_3_1d	dkaiACTRL_3_2a	dkaiACTRL_3_2b	dkaiACTRL_3_2c	dkaiACTRL_3_2d	dkaiACTRL_3_3a	dkaiACTRL_3_3c	dkaiACTRL_4_1a	dkaiACTRL_4_1b	dkaiACTRL_4_1c	dkaiACTRL_4_1d	dkaiACTRL_4_2a	dkaiACTRL_4_2b	dkaiACTRL_4_2c	dkaiACTRL_4_2d	dkaiACTRL_4_3b	dkaiACTRL_4_3d	dkaiACTRLgm_1_1a	dkaiACTRLgm_1_1b	dkaiACTRLgm_1_1c	dkaiACTRLgm_1_1d	dkaiACTRLgm_1_2a	dkaiACTRLgm_1_2b	dkaiACTRLgm_1_2c	dkaiACTRLgm_1_2d	dkaiACTRLgm_1_3b	dkaiACTRLgm_1_3d	dkaiACTRLgm_2_1a	dkaiACTRLgm_2_1b	dkaiACTRLgm_2_1c	dkaiACTRLgm_2_1d	dkaiACTRLgm_2_2a	dkaiACTRLgm_2_2b	dkaiACTRLgm_2_2c	dkaiACTRLgm_2_2d	dkaiACTRLgm_3_1a	dkaiACTRLgm_3_1b	dkaiACTRLgm_3_1c	dkaiACTRLgm_3_1d	dkaiACTRLgm_3_2a	dkaiACTRLgm_3_2b	dkaiACTRLgm_3_2c	dkaiACTRLgm_3_2d	dkaiACTRLgm_3_3b	dkaiACTRLgm_3_3d	dkaiACTRLgm_4_1a	dkaiACTRLgm_4_1b	dkaiACTRLgm_4_1c	dkaiACTRLgm_4_1d	dkaiACTRLgm_4_2a	dkaiACTRLgm_4_2b	dkaiACTRLgm_4_2c	dkaiACTRLgm_4_2d	dkaiACTRLgm_4_3a	dkaiACTRLgm_4_3c	dkaiAL156A_1_1a	dkaiAL156A_1_1b	dkaiAL156A_1_1c	dkaiAL156A_1_1d	dkaiAL156A_1_2a	dkaiAL156A_1_2b	dkaiAL156A_1_2c	dkaiAL156A_1_2d	dkaiAL156A_1_3b	dkaiAL156A_1_3d	dkaiAL156A_2_1a	dkaiAL156A_2_1b	dkaiAL156A_2_1c	dkaiAL156A_2_1d	dkaiAL156A_2_2a	dkaiAL156A_2_2b	dkaiAL156A_2_2c	dkaiAL156A_2_2d	dkaiAL156A_3_1a	dkaiAL156A_3_1b	dkaiAL156A_3_1c	dkaiAL156A_3_1d	dkaiAL156A_3_2a	dkaiAL156A_3_2b	dkaiAL156A_3_2c	dkaiAL156A_3_2d	dkaiAL156A_3_3a	dkaiAL156A_3_3c	dkaiAL156A_4_1a	dkaiAL156A_4_1b	dkaiAL156A_4_1c	dkaiAL156A_4_1d	dkaiAL156A_4_2a	dkaiAL156A_4_2b	dkaiAL156A_4_2c	dkaiAL156A_4_2d	dkaiAL156A_4_3a	dkaiAL156A_4_3c	dkaiAWT_1_1a	dkaiAWT_1_1b	dkaiAWT_1_1c	dkaiAWT_1_1d	dkaiAWT_1_2a	dkaiAWT_1_2b	dkaiAWT_1_2c	dkaiAWT_1_2d	dkaiAWT_1_3b	dkaiAWT_1_3d	dkaiAWT_2_1a	dkaiAWT_2_1b	dkaiAWT_2_1c	dkaiAWT_2_1d	dkaiAWT_2_2a	dkaiAWT_2_2b	dkaiAWT_2_2c	dkaiAWT_2_2d	dkaiAWT_2_3a	dkaiAWT_2_3c	dkaiAWT_3_1a	dkaiAWT_3_1b	dkaiAWT_3_1c	dkaiAWT_3_1d	dkaiAWT_3_2a	dkaiAWT_3_2b	dkaiAWT_3_2c	dkaiAWT_3_2d	dkaiAWT_3_3b	dkaiAWT_3_3d	dkaiAWT_4_1a	dkaiAWT_4_1b	dkaiAWT_4_1c	dkaiAWT_4_1d	dkaiAWT_4_2a	dkaiAWT_4_2b	dkaiAWT_4_2c	dkaiAWT_4_2d	dkaiAWT_4_3a	dkaiAWT_4_3c	dkaiAWTgm_1_1a	dkaiAWTgm_1_1b	dkaiAWTgm_1_1c	dkaiAWTgm_1_1d	dkaiAWTgm_1_2a	dkaiAWTgm_1_2b	dkaiAWTgm_1_2c	dkaiAWTgm_1_2d	dkaiAWTgm_1_3b	dkaiAWTgm_1_3d	dkaiAWTgm_2_1a	dkaiAWTgm_2_1b	dkaiAWTgm_2_1c	dkaiAWTgm_2_1d	dkaiAWTgm_2_2a	dkaiAWTgm_2_2b	dkaiAWTgm_2_2c	dkaiAWTgm_2_2d	dkaiAWTgm_2_3b	dkaiAWTgm_2_3d	dkaiAWTgm_3_1a	dkaiAWTgm_3_1b	dkaiAWTgm_3_1c	dkaiAWTgm_3_1d	dkaiAWTgm_3_2a	dkaiAWTgm_3_2b	dkaiAWTgm_3_2c	dkaiAWTgm_3_2d	dkaiAWTgm_3_3b	dkaiAWTgm_3_3d	dkaiAWTgm_4_1a	dkaiAWTgm_4_1b	dkaiAWTgm_4_1c	dkaiAWTgm_4_1d	dkaiAWTgm_4_2a	dkaiAWTgm_4_2b	dkaiAWTgm_4_2c	dkaiAWTgm_4_2d
3.77	1147				3585				2912		1229				1893				1869		2570				1972				2203				2712						1512				1671				1330				2159						1439				1718				1937		976				1482				4109		280				475				1270		207				329				182				323						324				463				1859				1293				1592		1477				1450						513				481				1504		694				862				1506		381				514						715				1159				544		517				865						716				1017						679				761				204				240				243		222				157				333		210				271						598				1012						409				552				343				540						324				634				627		609				1145						584				555				544				1441				1016		779				786				1224		1401				1583						1228				2217				2260		1092				1368						1504				2258				1651		867				1029						566				1054						1178				1342						549				1113			
3.83		3304				1040						5397				1291						1182				1578				3122				3779			1781			4582				3189				1567				1361			3110			4122				3011						2160				3091						464				620						383				326				1015				412			297			738				919				6819				1383						5720				1446			5477			4767				5726						2461				2665						1792				918			815			5255				2181						630				470			884			1461				5538			2246			617				537				723				232						212				3100						550				341			283			719				260			607			761				463				251				516			428			429				196						5364				1895			7391			5531				2497				2844				4173						2489				2881						3426				3707			3325			2478				2526						3740				3357			2795			6062				4127						638				1297			2186			2264				1512			2069			2490				728			1519			1619				1195		
3.89			2126				1192			908			4790				4598			4544			1240				3428				4595				1710						3342				822				4542				4829						5406				1183			1594			3445				1442			1520			181				579			924			552				290				653				312						914				782				2441				3861			6451			3137				6864						4139				5359			6924			4634				3453			5596			2503				3278						2876				5138			5738			1253				729						4268				1209						409				560				211				197			402			530				468			276			325				473						437				622						634				647				257				304						591				344			669			2164				5497						3998				5926				6551				3323			6915			1130				5220			1311			2413				3299						2311				1088			2104			2760				1084						1638				3026			4463			586				1287						1145				1420						942				2186						2293				2531	
3.95				1439				2168						1567				1232						1802				2283				2776				3576		1314				2543				4017				1818				1796		2736				2164				2239						1512				1950						314				1204						384				606				673				426		311				508				409				6053				1707						3608				1110		7741				4824				4630						2189				5186						1484				985		1028				4586				4981						433				454		463				2408				2700		1181				297				336				404				281						523				423						370				276		230				501				212		370				401				285				300				330		510				277				180						2498				1914		3189				5290				5746				3691				5102						1909				5622						2678				2059		2646				2680				1380						1506				1545		2914				4305				4111						588				1744		1808				1142				1032		1691				1141				765		1395				673				2131
5.77	2606				7762				6024		3201				4974				4536		6291				5313				6066				6340						3927				4409				4966				6607						3997				5050				5692		2991				3641				10449		605				822				2160		485				691				490				696						608				991				8204				5869				6923		6453				6139						2858				3081				8204		3317				4093				7223		1743				2145						3153				5735				3607		1229				1972						3443				3587						1289				1391				433				440				526		416				248				706		365				659						1201				1785						876				1292				693				1008						415				1050				1143		2833				5230						3065				2667				2616				5400				4479		3352				3567				4363		5310				6271						5028				8870				9466		4965				4751						4966				9773				7019		1830				3889						2303				4017						4927				5426						2336				4401			
5.83		4160				1872						8058				2120						1798				3125				5077				6202			2739			7085				6718				2906				2671			4681			5581				3771						3829				4723						573				766						570				457				1250				488			379			1140				1095				12672				3664						11244				3713			9223			10802				11571						5308				7296						2656				2393			1197			8000				3899						821				996			1042			2210				8139			3339			763				757				855				239						222				510						704				368			268			863				392			695			1120				558				262				704			485			571				247						9014				4678			12391			9944				3909				4219				6857						5358				5659						7051				6852			6736			5624				6189						8099				7534			6175			12374				8681						1477				3128			4046			3923				3293			3843			4331				1313			2750			3328				2392		
5.89			2972				1965			1374			6602				6720			6380			1960				4000				6751				2449						4714				1639				7021				6948						7350				1680			2354			5677				2279			2487			316				716			1236			746				405				781				337						1134				983				4839				7415			13316			7110				13013						7638				10678			13967			9679				7172			11900			3633				4756						3906				8393			8590			1726				723						5917				2596						510				634				263				224			536			562				526			367			355				593						614				812						764				763				283				294						666				458			718			3760				9018						6525				8683				10674				5337			11302			2147				9290			3796			5318				7621						5907				2993			4979			6847				3308						3063				5441			9270			1692				2736						2425				3113						1709				4575						3785				5326	
5.95				2287				2801						2689				1680						2991				3355				4417				5600		2397				4098				6637				2892				2860		5451				3056				3078						2523				3427						405				1843						510				816				883				715		441				659				648				12382				6294						8219				3346		15280				10263				11149						5785				10466						2431				1903		1795				7299				8460						656				695		932				3849				4103		2679				402				459				542				438						779				462						381				351		264				607				207		526				501				497				435				428		798				417				236						4297				3170		5858				9273				9182				6606				8114						4371				11720						6113				4063		6029				6941				3564						4024				4505		6811				9567				9569						1381				4797		4518				2475				3147		3823				2749				1895		2622				1619				5324
7.77	5575				11204				9641		7053				10034				7712		10032				7903				10147				9700						6579				7192				10880				12459						7448				8399				9338		5871				7129				16817		1296				1911				4032		1087				1553				1034				1515						1537				2131				24168				14806				19242		17016				14571						7516				10782				21841		11151				12473				19470		5193				6702						9630				18088				10610		3138				4654						11540				9834						2453				2585				755				877				1057		812				467				946		729				1156						2327				3346						1750				2517				1318				1975						889				2029				2062		10904				17113						12403				9144				11151				16332				11664		10736				12005				11476		16901				18224						14788				28714				24002		15333				12470						11839				25253				18677		4802				14618						8510				13632						20309				18554						9100				13689			
7.83		5642				2834						11687				3422						3027				5252				7636				9792			4266			11332				11804				4776				4528			7090			7853				5698						6819				7146						811				1212						1079				840				1851				826			665			1642				1923				18344				6413						15971				6901			13055			15463				16244						8172				14515						3147				3248			1491			9403				5355						995				1524			1381			2751				9508			4830			1148				1275				1187				339						300				581						880				498			368			1415				668			1095			1682				874				396				1035			780			838				390						12744				6973			16918			13032				5596				5524				9865						8136				8210						15078				14697			14483			12326				12900						17766				15199			11320			25779				16461						3743				7965			10679			9939				7875			10826			11400				2810			7337			8748				4636		
7.89			4153				3103			2176			10054				11002			10212			3050				5833				10132				3493						7347				3066				10581				10820						9859				2455			4930			8514				3901			4114			553				1177			1860			1164				773				1133				575						1877				1435				7817				11263			20018			13696				18438						10427				15183			20783			13494				10013			17018			4449				5494						4710				9189			9505			2111				812						6636				3674						748				1087				364				376			743			813				738			570			503				737						902				1332						1336				1259				442				426						1011				685			1233			5107				11901						7988				11756				13629				7566			16132			3162				13179			8052			11945				19861						13520				8247			12202			14066				7789						6430				11976			24170			4935				7035						8027				8311						4122				10525						10130				13745	
7.95				3915				3962						4495				3000						5418				5487				7325				8452		4166				6654				10902				4975				4614		10040				4933				4275						4464				5876						720				2679						945				1281				1308				1173		698				1146				1145				18121				13623						11712				7481		22194				15493				16856						10927				16518						2858				2555		2312				8388				9852						722				925		1241				4780				4771		4280				930				887				778				624						1301				627						578				529		421				933				273		1094				704				958				650				647		1245				606				314						5689				4435		9068				12122				12195				8383				10981						6667				18114						13891				8352		12625				14967				8604						9051				10065		12814				18963				20757						4034				12772		12508				7904				9603		10306				8327				5245		6696				4189				13626
9.77	8433				13762				12814		11509				14991				10162		12309				10710				12869				11402						8255				9625				15907				15357						11300				11542				12537		8209				9781				21123		1830				2378				5354		1547				1936				1357				1923						2607				2474				29184				19208				27100		21096				19135						10343				15381				26846		13553				15020				22407		6068				7933						10767				22409				13390		3383				5848						12540				10643						3591				3611				1108				1281				1462		1384				882				1288		1152				1597						3009				4316						2522				3354				2156				2748						1684				3119				3112		12847				20546						18129				11605				16172				20736				14864		12136				14081				14049		25193				26080						19099				37052				32486		22653				14510						13382				31193				26272		6570				23081						12093				21176						30452				28801						16557				22423			
9.83		7000				3975						15406				4955						4495				8262				9629				13386			6285			14477				17740				7299				6441			9628			10712				8539						10379				9242						1162				1937						1808				1465				2714				1273			1256			2643				2940				20583				8123						17061				8746			15329			16322				17230						9607				20192						3159				3090			1506			8382				5231						1098				1883			1592			2671				8953			5123			1792				2005				1901				577						381				846						1428				763			491			2232				1281			1903			2695				1336				639				1561			1245			1378				679						14067				8398			19275			14748				6866				5852				11833						8501				9403						20426				21125			20423			16318				20788						23481				20094			16055			38686				24272						6441				14114			16845			15636				12338			20204			18372				4175			11950			13328				7792		
9.89			5300				4455			3116			13072				14288			13629			4016				7381				12900				4863						9663				4717				13473				13908						12849				3314			9241			11217				5229			6371			1029				1748			2836			1705				1085				1802				919						3209				2138				8846				13263			22002			18210				20266						11331				15331			21688			13564				10629			17655			4076				4764						4450				8129			8410			2430				1015						5562				3454						1154				1689				552				587			1171			1187				1008			902			796				1039						1309				1894						1831				2013				725				778						1805				1117			1867			5280				13039						8152				12556				14201				7998			18091			3373				13813			10599			16319				30176						18263				14362			22931			18502				12466						9763				17359			36693			8404				11815						12710				15597						7348				16893						15478				23520	
9.95				4904				4297						5441				3799						7586				5928				9204				10626		6172				8453				13924				6500				5830		14931				6308				5387						6210				7652						1016				3747						1206				1972				1782				1655		880				1647				1724				19254				17838						12180				10209		24439				15441				17298						14645				18453						2386				2219		1894				6701				8068						755				847		1394				3834				4168		4446				1438				1421				1169				917						1899				847						773				726		508				1460				437		1911				1106				1558				935				1004		1905				1005				479						5882				4647		10657				13027				12878				8203				11577						7000				19696						19750				12394		17847				19004				11980						12338				12404		18907				27338				30762						5833				18165		18291				11666				16054		16748				11878				7967		9270				6192				21171
11.77	11598				14829				14331		18199				20956				12479		16121				13457				16576				14839						10508				12495				19888				21300						14125				13418				13528		9715				11723				23561		2269				2899				5539		1521				2338				1609				2424						2621				2945				28428				18204				23919		20608				19007						12167				17155				24475		13869				15689				21054		5450				7912						10564				19665				10954		3527				5711						12311				8978						4565				4303				1367				1636				1675		1512				1231				1876		1577				2028						3456				5164						3260				3895				3024				3346						2167				4070				3734		14802				24396						23128				13336				19458				22128				15605		11089				13773				12905		30731				30736						24107				40865				34004		28082				16310						15159				33050				28691		7232				25683						14033				26277						37286				31992						23727				27347			
11.83		8868				5391						18484				6685						5692				11229				13608				15958			8109			18676				21638				10190				10119			13872			14042				12227						14472				12119						1497				2790						3053				2390				3079				1872			1880			3397				4270				21545				11062						18003				11498			14691			17542				15973						10964				22290						2906				2967			1438			7375				4928						1259				2257			2028			2521				8068			4594			2849				2749				1918				785						459				1226						1557				909			784			3431				1978			2797			3175				1940				873				2379			1871			1721				1138						15739				9571			18663			15595				7632				5840				12394						8278				8403						27616				26686			27534			23241				29036						33190				28353			22001			46666				30270						9428				19373			22601			21396				16198			27693			24465				5562			16808			18706				10846		
11.89			6059				5649			3923			16118				17037			16972			5451				8848				16498				6460						11790				6588				16507				17612						15233				4803			13686			14191				7186			8367			1556				2414			3795			2239				1338				2630				1213						3492				2857				8315				12254			17393			19214				18134						11667				14439			17213			13222				10345			15267			3578				4081						3775				7015			6539			2856				1205						5098				2947						1573				2419				680				846			1599			1284				1413			1354			1079				1504						1681				2616						2764				2626				944				983						2203				1671			2714			6056				13765						7981				14320				14474				7229			16398			2910				13608			10944			22835				39931						26199				19184			29516			26415				19581						14631				22004			46170			11745				16701						17374				20497						10232				21140						20157				29315	
11.95				5413				4577						6594				4280						9769				6019				11636				12486		8351				10619				15781				7584				6210		19756				7983				6183						7625				8990						1235				4816						1422				2845				2082				2051		1100				2236				2761				18277				22209						12081				13022		19725				14831				15165						17250				15060						2086				1514		1369				5756				6850						954				946		1735				3468				3925		4154				2365				2047				1238				1161						2340				1224						812				1030		680				1981				524		2571				1384				2174				1247				1307		2749				1344				592						6016				4119		9515				13124				12630				7586				10708						5937				15217						24286				15301		23015				26276				13155						17570				15675		25545				31374				34987						7475				22151		22840				16410				20702		20818				16196				11007		11684				8500				26011
13.77	11115				11367				11136		14598				15136				8727		12496				15292				11265				11528						6383				8589				16175				14266						7729				7656				8572		8142				11020				12784		2114				2493				2802		1534				1885				1720				2158						3083				2209				15389				9902				15169		11622				10976						13036				15097				14458		11125				11925				11858		5349				6423						10581				11314				5376		3474				4288						8221				6194						2581				2558				2073				1956				2400		1868				1510				2013		1306				1429						2667				2762						2348				2433				2244				2010						2505				2471				2459		16088				16568						21302				12112				18477				15440				10716		9448				8237				7780		20430				18484						19367				27340				25632		19839				17374						18022				22002				18914		13788				16342						14581				16925						22802				21871						21078				18996			
13.83		12155				13292						19374				14705						12515				16586				15784				12852			12600			15553				22340				19685				25431			11343			14781				14447						18074				13893						3969				2041						3303				2891				2568				1943			3599			3678				2555				17542				23743						17334				25636			18133			17049				14058						15315				28820						5294				6772			4730			6069				5104						3898				3187			2803			3765				7602			6301			2409				1778				2844				1725						953				780						1357				878			1764			2965				3748			2534			3638				2643				1378				1589			2135			1875				2881						16207				17021			13067			15267				7801				13428				11334						16472				7749						22569				35244			22162			28240				35116						31769				27184			20593			33070				24494						22725				31013			20237			23142				21447			18967			24162				13275			25761			20049				16498		
13.89			8557				9944			10491			14640				14711			10718			8791				13072				11748				9456						13002				15125				15791				12518						9744				11090			16617			13197				11933			14665			2533				2150			3141			2154				2449				1511				2162						3556				2340				17069				21162			13121			20696				12403						12078				13975			12707			12529				8658			13567			3883				3659						4784				6389			4663			3066				3443						3547				5263						2639				2197				1848				2213			1997			1281				935			1870			1353				1216						2793				1863						2102				2603				1911				1851						2404				2061			1967			8965				10934						11887				8901				13885				13759			9987			6748				7601			17261			28626				27495						27435				38701			36537			28937				32469						20204				31529			30436			27484				19050						22866				31229						20903				24820						21143				21113	
13.95				8436				9024						6001				7275						9015				8577				8549				7680		7312				8520				8920				8928				2371		14710				8605				9425						6873				8611						2198				2185						2076				1747				1531				883		2160				1842				1722				11878				21599						10141				18751		11726				10469				11415						15676				12873						3361				3228		2864				3739				4029						2154				1771		1933				3013				3403		4604				2314				1806				1682				1761						738				800						860				835		1347				1392				1282		2016				1439				2124				1362				1269		1368				1538				1580						5553				5965		8193				10835				6631				3462				6831						7964				8462						12894				21981		16080				24719				7698						18526				24860		19126				24101				24647						14364				17672		17530				16185				22311		14376				17655				16062		19530				14032				16144
15.77	9113				8669				8759		9459				9165				5597		7747				9534				7400				6858						3781				4931				9490				7880						5227				4684				5288		5125				6608				7038		1388				1752				1938		1031				1306				1047				1448						2177				1380				9333				6101				9885		7499				7350						8151				9489				8236		6929				7276				7244		3979				4527						6255				6644				3476		2646				3356						5139				4102						1774				1688				1383				1434				1615		1408				1164				1524		952				1029						1648				1889						1554				1639				1623				1471						1882				1875				1760		10823				11211						14078				7937				11434				9604				6885		5474				5117				4526		15594				13929						15515				20242				19160		15579				12390						13099				15900				14804		9195				11768						10024				10396						15775				14094						14865				13299			
15.83		9852				11290						13485				9173						8295				10958				10584				8262			8360			9504				14546				12061				16521			5856			10580				9542						11034				8931						2736				1471						2335				1981				2017				1320			2484			2476				1826				11260				16993						12732				18517			11749			11307				9233						9727				20823						3476				4495			3345			3993				3429						2992				2579			2026			2618				5752			4314			1849				1282				2183				1168						822				608						1088				546			1437			2111				2557			1754			2635				1753				1111				1148			1548			1371				1991						10187				11165			7222			10723				4479				8819				6876						11581				4697						14176				24963			14949			20665				24340						24576				16952			12841			22136				16685						17728				26054			14917			16341				12932			11448			18515				8293			16853			12898				10710		
15.89			6958				8265			9046			9850				9889			6478			5603				8733				7394				6104						8227				10166				11531				7086						5393				7542			12004			8505				7691			10063			1807				1513			2321			1471				1742				1109				1317						2567				1596				11876				14991			8711			14689				7800						8034				9994			8266			8344				5531			9027			2637				2539						3408				4282			3357			2244				2602						2551				3978						1813				1593				1168				1531			1441			1024				588			1679			990				960						1887				1351						1473				1935				1451				1334						1749				1639			1586			5886				6398						9003				4927				9581				8812			5953			4535				4894			12698			19013				18417						18292				32032			27945			20647				23595						14008				22405			21744			23601				13808						14620				21429						13600				15531						16326				13294	
15.95				6247				7191						3762				4931						5570				5935				5359				4848		4791				5200				5427				5489				1573		8680				5530				5902						4163				5583						1323				1518						1451				1130				1055				462		1484				1214				1232				7587				15492						6052				13476		7031				6736				7607						10308				8208						2285				2264		1864				2426				2687						1585				1272		1144				2117				2253		3220				1566				1336				1169				1216						459				607						631				642		1002				935				802		1429				915				1707				933				884		883				1096				1114						3233				3939		5189				6459				3726				2084				4242						5372				5371						7308				14573		10123				16355				4025						12376				16408		11842				15280				15185						10382				12556		13001				10342				13812		8681				11617				9970		12377				8944				9711
17.77	7137				6772				7085		6753				5579				3746		5005				6236				4843				4405						2492				3189				5715				4738						3336				2878				3318		3387				4286				4247		1039				1267				1469		813				974				900				1073						1751				1100				6167				4081				6185		5132				5138						5754				6473				5096		4613				4837				4530		2992				3229						4401				4464				2306		2002				2460						3675				2795						1483				1324				1119				1210				1327		1108				800				1216		850				808						1250				1403						1378				1347				1273				1163						1561				1503				1429		6871				7336						8994				5290				7906				6245				4303		3754				3402				3029		11497				9630						11398				13489				12599		11204				7986						9244				10162				10688		6871				8857						6922				6716						9910				8775						10290				9094			
17.83		7983				9055						10199				6752						6039				8290				8005				5829			6357			6849				10920				8257				11947			4120			7375				6294						7621				6279						2321				1236						1872				1594				1580				1151			2044			2095				1557				8129				12721						9547				14261			8708			7739				6424						6723				16125						2855				3325			2626			3025				2690						2488				2045			1688			2021				4259			3233			1384				1081				1908				988						657				513						934				439			1175			1788				2109			1350			2127				1427				871				896			1338			1074				1791						7485				8128			5248			7498				2923				6363				4820						8526				3244						9304				17935			9691			15237				17580						19179				11457			9072			14989				11644						14217				22381			12769			12433				9010			8309			14468				5966			11758			9243				7673		
17.89			5481				6278			7012			7727				7266			4478			4236				6319				5321				4544						6173				7694				8717				4622						3202				5320			8587			6193				5397			7156			1420				1206			1721			1147				1369				844				1007						2185				1306				8832				10769			6279			11091				5650						5741				7528			5893			5824				3852			6280			1795				1806						2562				3166			2492			1763				2161						1966				3127						1468				1348				1046				1126			1079			864				451			1253			880				736						1458				1127						1170				1573				1121				1079						1392				1292			1175			4251				4438						6726				3225				6996				6301			3815			3422				3383			9704			12849				12199						12441				25958			22071			15298				17721						9783				15515			15542			19772				10725						11097				15697						10049				10966						12249				9784	
17.95				4462				5380						2724				3400						4093				4128				3881				3563		3455				3599				4076				3886				1043		6190				3797				3986						3018				3857						944				1145						1059				918				828				401		1099				1075				1131				5024				10969						3676				9917		5090				4546				5018						7416				5429						1747				1590		1269				1680				1983						1276				1074		859				1496				1559		2550				1158				1029				983				1012						328				501						500				552		795				704				608		1142				790				1306				688				709		702				820				868						2182				2565		3765				4208				2389				1490				2872						3896				4015						4625				9850		6554				10575				2159						8135				11309		8079				10278				9796						7783				9361		10258				7212				9297		6093				8258				6805		8969				6206				6625
19.77	5457				5261				5451		5239				3986				2739		3450				4419				3466				3239						1887				2415				3980				3146						1986				1718				2004		2380				3042				2985		943				1020				1136		627				820				730				985						1322				797				4217				2985				4238		3556				3732						4447				4804				3476		3416				3489				3194		2334				2450						3272				3052				1797		1566				1986						2652				2135						1084				1086				948				843				990		876				614				934		691				649						1009				1069						1000				994				1061				971						1360				1198				1175		4623				5124						6195				3677				5635				4210				3132		2857				2548				2211		8205				6947						8073				8743				8413		7912				5888						6834				6462				7525		5247				6758						4817				5017						6726				5913						7881				6626			
19.83		6206				7289						8229				5218						4688				6342				6242				4690			4888			5329				8095				6163				9092			3396			5657				4602						5956				4845						1940				1006						1663				1252				1379				921			1738			1876				1199				6238				9765						7369				10963			6112			5985				4921						5354				12327						2424				2593			2229			2412				2234						2051				1896			1429			1719				3758			2656			1228				835				1554				840						517				387						800				410			912			1446				1826			1029			1835				1013				751				761			1047			1044				1461						5482				6353			3806			5741				2259				4776				3678						6631				2512						6740				14007			6994			11669				12855						15000				8787			6543			11577				9207						10935				18117			10610			9974				6761			6280			11695				4679			9305			7012				5941		
19.89			4252				4961			5779			6118				5847			3470			3237				4883				4109				3420						4541				5664				6684				3367						2248				3965			6660			4821				4318			5265			1248				979			1327			969				1039				690				791						1799				1100				6523				8369			4879			8397				4050						4541				5864			4328			4571				2975			4981			1477				1406						1919				2581			2022			1534				2026						1595				2747						1152				1064				929				894			922			704				352			1155			611				593						1282				875						968				1233				905				819						1224				1064			1046			3325				3272						5245				2431				5548				4811			2922			2748				2571			7734			9665				8987						9445				21202			17995			11933				13415						7163				11752			11787			15789				8728						8363				12125						7491				8478						10150				7415	
19.95				3530				4135						2014				2385						2742				3206				2854				2674		2745				2780				2934				2913				761		4634				2740				3008						2251				2901						676				879						801				690				765				308		899				735				885				3771				8267						2657				7103		3714				3365				3819						5116				4082						1300				1345		995				1353				1570						961				776		658				1205				1241		2004				1016				859				863				800						267				428						381				474		636				529				478		867				608				1079				577				563		619				714				597						1738				1879		3023				3179				1890				1135				2043						2845				3033						3231				7045		4519				7639				1439						5730				8077		5784				7597				6579						5327				6995		7941				5467				6159		4656				6131				4847		6496				4467				4963
21.77	4463				4112				4373		4393				3128				2231		2674				3303				2513				2349						1507				1859				3022				2417						1270				1232				1371		1951				2451				2309		704				777				940		522				645				551				800						1025				703				3066				2374				3264		2685				3059						3595				4049				2628		2534				2802				2358		1841				1942						2590				2270				1436		1275				1700						2120				1744						840				864				813				701				825		736				415				684		583				594						850				961						885				870				840				724						1058				1012				933		3446				3944						4570				2918				4662				3051				2368		2335				2030				1721		6162				5262						6241				6109				5488		5937				4396						5211				4537				5572		4210				5333						3857				3945						4993				4494						6384				5049			
21.83		5155				6085						6548				4175						3872				4899				5192				3939			3992			4369				6664				4886				7092			3010			4782				3731						4937				4002						1490				896						1411				1113				1223				752			1517			1492				1093				5095				7332						6130				8589			4803			4590				3998						4324				9483						2121				2125			1872			1928				1935						1731				1638			1268			1538				3062			2346			1024				749				1361				629						399				319						587				396			757			1269				1480			865			1544				815				656				673			853			731				1162						4716				5456			3096			4804				2047				3590				3047						5671				2372						5278				11003			5628			9312				9543						12397				7189			5347			9088				7253						9336				14990			8911			8445				5325			5254			10022				3732			7397			5796				4860		
21.89			3631				4087			4533			5119				5077			2781			2722				3918				3356				2595						3729				4428				5702				2730						1856				3119			5382			4030				3609			4026			1036				800			1109			798				895				576				612						1520				931				5168				6336			3778			6666				3319						4112				4959			3455			3684				2383			3984			1225				1131						1623				2086			1726			1229				1542						1270				2334						985				860				807				741			781			614				311			914			491				479						963				731						771				1067				712				701						983				956			884			2712				2714						4652				1845				4714				3758			2250			2227				2210			6162			7327				7026						7253				16791			14955			9320				9822						5573				9148			9088			12448				6950						7068				9265						5825				6709						8322				6040	
21.95				2715				3461						1623				1890						2282				2514				2228				2330		2206				2159				2286				2114				607		3880				2085				2459						1750				2372						514				754						700				566				622				202		692				638				707				2844				6580						1952				5721		2813				2554				3018						3744				3017						989				905		760				1082				1310						791				602		527				946				986		1721				758				707				646				636						191				317						308				381		488				444				430		724				534				856				471				482		512				515				495						1247				1438		2384				2618				1361				879				1512						1941				2218						2332				5153		3397				5867				945						4195				6256		4276				5889				5076						4064				5278		6388				4257				4124		3681				4834				3520		4766				3522				4004
23.77	3675				3159				3566		3701				2454				1787		2090				2511				2040				1819						1244				1604				2565				1843						914				885				987		1773				1914				1727		609				666				739		467				557				486				613						877				556				2308				1757				2419		2093				2357						3119				3097				1983		1996				2072				1714		1516				1586						2163				1884				1221		1047				1351						1593				1340						678				708				605				644				729		580				340				646		500				439						639				687						736				625				698				556						798				731				756		2737				3194						3743				2429				3689				2373				1975		2000				1684				1399		4894				4191						4629				4789				4233		4818				3551						4221				3493				4487		3656				4447						3232				3142						4013				3657						5454				4278			
23.83		4559				5316						5960				3565						3308				4071				4420				3601			3548			4016				5457				4016				5815			2544			4181				3011						4240				3543						1375				765						1136				923				899				625			1242			1439				886				3897				5430						5099				6557			3840			3909				3085						3294				7660						1774				1931			1593			1615				1594						1552				1435			1028			1301				2573			1934			917				625				1179				656						390				236						617				328			645			1092				1360			748			1301				659				543				614			706			718				1041						4272				4534			2691			4343				1824				2812				2503						4607				1862						4716				9195			4677			7276				7803						10406				5792			4594			7722				5981						7691				13103			7642			7816				4008			4463			8688				3248			6067			5312				4186		
23.89			3160				3462			3857			4607				4389			2368			2115				3039				2752				2195						2865				3745				4701				2125						1500				2552			4619			3442				3014			3315			869				688			954			723				655				457				526						1379				742				3995				5210			2913			5185				2687						3288				4204			2739			2875				1792			3181			1069				939						1332				1675			1409			1052				1373						1119				2019						767				704				637				564			633			509				237			845			477				429						818				623						735				835				601				513						854				816			783			2191				2200						4016				1606				4072				3146			2030			1908				1706			4835			5704				5438						6099				13342			11727			7335				7609						4272				6888			7386			10182				5913						5660				7867						4453				5660						7887				5275	
23.95				2384				2845						1337				1384						1841				2065				1883				1971		1783				1715				1830				1528				460		3076				1770				1916						1354				1885						427				616						504				444				592				182		635				541				565				2162				5063						1496				4291		2224				2025				2302						3033				2305						787				800		586				934				1039						657				545		440				744				927		1543				655				609				591				539						121				250						315				319		394				329				306		625				458				754				409				334		379				415				404						1077				1070		2068				2083				1125				601				1221						1555				1905						1818				3981		2773				4233				751						3256				4683		3474				4509				3992						3184				4410		5248				3514				2901		3142				4058				2825		3651				2898				3325
25.77	1969				1752				2013		2596				1889				1532		1268				997				1765				1198						1062				1239				1939				1890						1438				1458				2299		1058				1051				2248		423				507				977		256				375				323				386						444				468				1969				1601				2189		1909				2146						1514				1714				1887		1138				1278				1620		1126				1333						1507				2100				1461		682				1048						1429				1111						816				779				320				351				393		393				252				269		360				447						571				936						671				720				641				644						514				954				898		1128				2054						2049				1374				1986				1862				1471		946				1346				1164		2334				2515						1921				2595				2876		2391				1569						1699				2403				2679		758				1500						849				1467						1742				1739						2448				1962			
25.83		1834				960						3292				975						786				1265				1769				2670			1614			2109				2288				932				1176			1656			2057				1392						1765				1556						323				431						279				250				549				246			250			475				661				2172				799						3084				1004			1859			2036				1483						962				1721						621				640			461			1781				1182						350				352			508			556				2210			846			419				477				506				161						131				305						403				218			194			643				293			342			576				255				182				395			299			323				243						2457				1006			2617			3262				958				922				1583						1164				1171						2551				3259			2833			2309				2594						4403				2426			2382			4665				3136						1032				2392			2337			3105				1633			2575			3577				670			1737			1764				1518		
25.89			1280				1004			705			2859				2459			1931			703				1239				1998				829						1542				748				2567				1839						1866				696			1895			1615				932			966			134				280			575			319				199				375				132						487				407				1101				1571			1812			1607				1978						1508				1672			1527			1353				951			1462			1095				917						1087				1723			1458			534				384						1067				781						297				395				114				144			252			359				361			269			234				309						257				449						386				398				174				237						559				359			595			888				1606						1579				1828				2240				1263			2247			452				1445			1221			1884				2532						1938				1885			3638			2235				1291						1313				2125			3687			1196				1239						1253				1761						999				1792						2895				2390	
25.95				774				834						748				468						823				1031				1107				1773		1085				1010				1824				587				689		1325				869				783						548				1008						160				656						211				388				345				264		153				238				311				1491				1101						1357				708		2083				1261				1225						856				1514						463				463		381				1185				1232						235				230		162				686				930		629				207				190				191				210						304				232						155				188		164				289				90		221				200				170				153				230		418				212				149						830				567		1130				1892				2147				760				1572						615				1605						1548				1203		1591				1603				792						1151				1125		1570				2647				2472						505				1546		1676				1159				1026		1632				969				569		890				536				1665
27.77	2385				2825				2729		4057				3595				2617		2794				2085				3692				2583						2178				2105				4244				4788						3414				3881				5271		2129				2279				5414		356				505				880		245				319				355				366						460				377				5157				4752				4972		5384				4959						4035				4559				6359		3029				3513				4768		2133				2562						3270				5645				4042		845				1180						3219				2951						624				626				234				258				304		381				254				260		358				382						447				796						466				568				442				481						391				559				655		2220				4088						3802				2734				3376				4457				3196		2561				3726				3464		2358				2487						1845				2934				3093		2296				1708						1847				2795				2566		678				1319						818				1814						1827				1868						1788				2072			
27.83		3153				1138						5210				1442						1271				2133				3401				4586			2326			4494				4300				1914				2057			3185			3520				2496						3525				2951						346				575						412				341				825				446			236			690				931				5922				1354						5460				1664			4415			5216				4609						1897				3194						2510				2212			1000			6208				3724						564				654			879			2438				6078			2674			592				607				453				165						176				327						502				326			224			798				245			435			678				325				201				557			339			350				207						6234				2365			7435			6575				2673				2088				4417						2071				2602						3581				3377			3759			2591				3091						4234				3176			2771			6148				4044						1017				1990			2082			2423				1542			2321			2773				835			1740			1771				1439		
27.89			1973				1711			878			4617				4172			4183			1392				2477				4540				1579						2998				1268				4525				4817						4331				983			2873			3641				2079			1925			213				464			739			498				280				627				247						651				583				2089				3023			4696			3435				5497						4006				4505			5309			3635				2972			4187			2840				3382						4385				6965			6070			1018				563						4497				1828						370				497				167				158			335			385				437			253			283				388						343				603						579				554				207				219						554				368			599			2584				5055						3531				5619				5363				2868			6652			1275				3972			2247			2321				3282						2407				1800			3331			2569				1572						1544				2574			4544			1027				1150						1185				1633						1109				1928						2278				2610	
27.95				1425				1482						1656				961						1987				1556				2632				3633		2475				2460				4239				1708				1650		3431				1972				1381						1344				2123						211				1134						258				602				510				426		200				367				441				4985				2480						3746				1338		6591				4027				4348						1970				4607						1860				1401		1470				4984				5283						372				401		331				2757				3103		1820				247				300				295				209						785				354						209				231		188				497				136		330				335				263				231				260		650				272				138						2783				1797		3193				6112				6195				3474				4910						1547				4672						2434				1993		2958				2758				1256						1825				1658		2266				4200				3964						589				1882		1955				1215				1389		1742				1157				891		1122				708				2269
29.77	5799				6607				6278		9516				8173				5491		6752				4446				7861				6455						5102				5518				9068				10960						6774				8350				10503		4810				5583				12561		602				842				1342		500				612				587				574						860				671				18116				13772				15009		14906				13635						9457				15375				18869		10582				11926				15315		5109				6757						9340				13724				9844		1831				2483						8427				7563						1135				994				352				465				357		538				309				301		520				510						820				1281						820				881				646				713						692				871				969		6117				10546						8975				7483				9137				10746				7609		9244				11849				10136		8031				7458						6392				9112				8763		7407				5852						5712				8950				7535		1899				4619						2606				5279						5628				6263						5032				5605			
29.83		5695				2296						10033				3061						2900				4827				7398				8465			4246			9777				10230				4768				5003			7017			6546				4443						8447				6420						562				1039						832				568				1392				680			518			1284				1695				18733				3652						15043				5082			11538			17396				14586						4963				9741						5806				5804			2412			14467				9119						1126				1515			1661			5669				11918			6605			1042				1076				719				258						235				606						673				501			295			1307				680			954			1156				545				363				942			657			642				355						13454				6655			16337			13993				5357				5055				10975						6100				6785						9766				7943			9267			7558				8269						12042				10321			6124			16425				10324						3014				5161			5424			5782				4590			6040			6304				2166			5242			4342				3387		
29.89			3887				3660			1746			9123				8587			8863			3108				5330				9620				3870						7245				2790				9605				10781						7844				1783			5628			7963				5010			4504			438				959			1452			918				514				1111				464						1310				1190				6403				8133			15319			9450				14840						10658				13633			17077			12918				9023			14983			5846				7796						10857				15854			14631			2199				1160						11036				4611						599				1021				298				310			622			574				774			458			521				696						692				1071						1166				1136				400				466						744				736			951			7834				12403						7456				12969				12993				6414			16060			4486				11952			6516			7920				10904						8142				4242			8332			8206				5284						5263				7440			13189			2882				4031						3815				4757						3268				6245						5600				7388	
29.95				2845				2816						3632				2138						4889				3354				6233				6920		5819				5644				8954				3592				4126		7563				3625				2290						3124				4541						512				2016						550				1222				976				852		398				839				1059				15647				8673						11144				4526		18131				14419				13667						5615				13541						4691				3366		3247				10930				11779						682				685		873				6564				6354		5064				458				777				538				430						1662				548						381				492		235				928				246		653				581				535				435				432		1224				515				245						6253				4337		9078				13542				12584				8935				11566						4738				13702						7959				5429		8154				9719				4081						6250				5712		6025				12132				11979						2192				6314		6294				3936				5358		5311				3728				3162		3731				2166				7277
31.77	7771				9382				9368		14419				12662				9392		10206				6758				11878				9623						8288				9172				13878				16005						10679				13164				16750		7961				8604				18824		1014				1204				2175		610				853				792				966						1157				1158				29909				21613				25189		23444				21792						15132				20714				27977		15018				18293				23093		6252				7662						10600				15940				12016		1986				2910						9220				9321						1760				1549				614				656				589		663				447				486		713				743						1301				1951						1256				1615				1022				1107						906				1365				1392		7850				14593						11922				11280				12625				14788				11112		12596				16763				14434		17976				17702						14212				23702				19918		17669				11336						11904				18728				16199		3953				12802						7378				14334						17517				16428						13423				14630			
31.83		8146				3165						14525				4695						4233				7677				11636				13121			6070			15549				15767				7507				7528			10143			10164				6782						13190				10311						855				1666						1488				1041				2333				1160			963			1946				2709				28329				6219						20805				8342			16884			24514				21470						7943				16450						6976				6033			2885			16753				11173						1362				1935			2186			6323				13261			7288			1897				1878				1133				434						347				848						900				728			489			1978				1150			1519			1913				924				696				1538			1019			1086				726						17268				9672			21778			17793				7553				6267				15464						8839				10261						19281				13728			19147			16228				15419						23372				20132			10003			32363				20283						6747				10911			13050			13947				9393			15047			15371				4776			12035			10905				6552		
31.89			5514				4780			2296			13756				13709			14538			4800				7907				14342				5879						11016				4553				14254				16045						11765				3051			9450			12756				7658			6492			766				1577			2320			1496				900				1753				702						2163				1827				9581				12235			23145			14839				22527						15101				19087			25275			18065				13436			22100			7044				8935						11875				17259			15034			2706				1315						12002				5096						895				1601				672				527			940			843				992			751			679				1010						1263				1744						1873				1768				620				738						1299				1038			1589			10738				16355						9067				17571				16476				7633			22326			7274				17729			10030			15475				27424						17642				8736			16818			17460				10630						11625				14623			30177			5592				10577						10978				9578						6640				14143						13045				17447	
31.95				3878				3924						5889				3195						7282				5003				9592				10479		9341				9105				13848				5217				6334		12467				5884				3853						4791				7140						744				3366						808				1900				1501				1486		622				1368				2183				23705				15357						16372				8168		26705				21560				20353						10194				20768						5167				3319		3522				12039				13525						744				740		1274				7399				7280		6267				920				1393				943				616						2470				797						587				753		379				1389				409		1299				940				1019				773				796		1948				852				312						8305				5436		12876				17129				16211				11389				14954						7015				21447						17060				9013		16664				19727				8902						13229				10959		10264				23839				25074						5059				15053		15649				10944				11050		13262				10879				7602		8086				4315				16775
33.77	8834				10967				11491		16497				15456				11627		12108				8724				13866				11723						10361				11415				15831				19577						15036				17885				22451		9533				10217				22692		1301				1596				2632		906				1280				1068				1346						1373				1529				33136				24511				29164		26192				24964						16279				19804				29746		15799				18814				25253		5405				5714						8330				12737				9858		1843				2662						6873				7177						2473				2102				765				966				749		733				561				657		1022				1094						1571				2481						1801				1884				1391				1492						1173				1828				1875		8388				15605						12462				11595				12107				15584				11646		12517				16517				15136		26619				27137						20755				37171				32367		25438				16819						17905				29157				24955		5525				20594						10754				21868						31630				28225						19688				24013			
33.83		9109				4092						17431				5853						5582				10014				14240				15744			7598			18554				20827				9985				9890			12627			12781				9316						16614				12676						1076				2577						2198				1605				3285				1587			1397			3038				3912				29702				7156						21943				9317			19058			24936				21580						9453				19952						5891				4263			2420			13415				9405						1318				2215			2225			5272				10903			5676			2432				2580				1650				676						477				1070						1344				946			656			3045				1574			2151			2731				1166				939				2220			1462			1719				870						17720				10222			22917			18340				8341				5637				16149						9306				11648						25170				18198			26012			22096				21643						29701				26903			13265			46355				28733						9983				15714			19608			19490				13833			25656			21157				7312			16653			16228				10252		
33.89			6182				5581			2781			16498				16362			18734			5929				8962				17373				7226						13290				5926				16710				19214						15215				4167			13650			15012				9324			7830			1220				2189			3120			2172				1250				2575				964						3326				2379				10639				13741			25052			18041				24574						16677				19484			25670			18119				14635			22265			6103				7257						8614				13668			11366			2785				1398						8766				3920						1178				2295				922				675			1287			1109				1311			955			913				1222						1594				2306						2729				2456				790				1102						1887				1463			2344			10586				16782						8357				17719				15564				6721			23113			7941				18451			10485			19976				37805						23951				11306			25115			23982				15148						16560				20597			43213			7116				16146						15965				13499						8851				21296						18245				26588	
33.95				4304				4438						7154				3653						8894				5920				11445				12722		11637				10619				16725				6151				7715		16291				7644				5262						5942				8548						1008				4348						1176				2604				2161				2147		848				1955				3094				24260				18294						17316				10005		29185				22385				20652						13070				22551						3847				2231		2363				10007				10932						725				795		1351				5870				6092		5006				1351				1978				1221				975						3104				1058						849				991		430				2072				549		1983				1341				1443				1117				1118		2714				1229				470						8600				4852		13569				17373				16493				10768				14706						6989				22811						24407				11770		23383				26368				13130						17890				14215		13907				33802				34939						6938				21158		23695				16046				17081		20678				15542				10667		11593				6202				24508
35.77	9343				11118				12028		16310				16382				12344		12467				9107				14217				11945						10272				12046				16208				20161						17301				19577				25425		10180				10167				23186		1507				1814				2970		1024				1561				1421				1704						1555				1703				27387				21078				25305		22987				21661						12901				14349				22531		12038				14537				20316		3982				3791						5639				9091				7543		1703				2684						4931				5074						2701				2238				978				1114				912		804				590				756		1242				1224						1939				2786						1863				2159				1686				1799						1295				2097				2219		7161				13781						10311				9824				9747				13395				10585		9052				12005				11304		31989				34999						25333				45336				42051		30328				20743						21556				37056				32415		6520				25645						13203				26842						38084				34745						22367				29592			
35.83		9364				4132						17240				6083						6147				10984				14020				16926			7967			19421				22247				10908				10459			13696			13584				9860						17182				13177						1196				3018						2664				1927				4123				1690			1823			3816				4582				23494				6502						17891				8099			16342			18929				17051						8981				16923						4464				2594			1723			9068				6979						1317				2372			2328			3811				7966			3986			3196				3068				1968				755						597				1374						1679				1026			697			3733				1944			2481			3292				1306				1255				2732			1706			2019				1132						16353				8185			19674			16339				8080				4309				13473						7053				9952						29118				19450			29819			24479				24860						32027				30162			15769			53483				33306						11178				17008			22880			21533				15348			31315			22819				9256			18348			18315				12872		
35.89			6422				5694			2947			16673				16206			19059			5858				8657				17481				7365						12905				6238				16164				19732						16813				4685			15944			15240				9673			7579			1343				2428			3513			2591				1425				2957				1106						3864				2505				8274				11064			20013			15641				20626						14092				14699			19645			14094				11522			16334			4608				5025						5721				9257			7749			2952				1318						6218				2751						1336				2527				1181				728			1556			1344				1622			1129			1236				1520						1746				2754						3060				2746				1006				1299						2339				1737			2753			8800				13850						7153				15314				12813				5349			19086			6582				14037			8204			21275				41907						26596				11099			28608			26134				17437						18538				23232			47048			6967				18414						18106				14185						9053				24239						18856				31705	
35.95				4350				4307						7237				3442						8625				5719				11142				13262		11733				10911				17453				5826				7619		17252				8357				5916						6228				8877						982				4838						1382				2959				2550				2306		962				2302				3696				17674				14870						13653				8284		23500				16003				14805						12347				17373						2519				1356		1346				6780				7908						782				768		1383				4207				4570		3454				1737				2590				1367				1196						3279				1281						1033				1237		462				2352				590		2329				1656				1725				1208				1270		3048				1344				499						7117				3636		11392				14620				13380				8114				11995						4886				17383						28082				13030		25810				28401				15063						19510				15146		15771				38769				39816						7461				24107		27303				17625				18522		23106				16919				12021		12408				7129				28879
37.77	10526				10894				9806		13686				11953				9384		10505				10442				10747				9902						7889				8894				14926				14859						9316				10450				12800		9118				10550				13329		1307				1577				1650		1019				1250				1289				1346						1617				1276				16733				11983				15167		13156				12048						11287				11818				12648		10415				11399				11839		3615				3219						4245				4389				3226		1943				2410						3262				2985						1676				1421				1492				1386				1399		894				636				933		941				756						1478				1479						1493				1441				1319				1166						1392				1486				1414		6759				9135						8496				6929				8297				8228				6302		7437				7132				6586		24779				21500						23381				32326				29178		23652				17897						19152				25419				21705		12667				18557						15422				18698						25377				23600						20243				20095			
37.83		12867				13338						19957				14698						13827				18101				17429				14106			10980			18355				23903				23868				30775			12549			16772				18060						20479				16203						4377				2379						3451				2731				3366				2764			3806			3995				2798				19540				16886						17835				23287			18286			18994				15364						11084				25196						8208				8674			5343			7571				6775						5098				3852			3303			5765				8559			7192			2719				2004				2831				1630						1152				844						1645				888			2294			3442				4019			2851			3677				2768				1590				1899			2218			2120				3338						17433				18347			13078			16191				8943				14148				12767						14664				8582						23720				35481			23350			29070				35453						30881				27770			13778			34211				25964						26969				32348			20699			23675				23618			20835			24599				16606			32403			20617				15028		
37.89			9303				10972			9180			15603				15632			12010			11325				15096				12940				11727						15844				17369				17594				14845						10987				14600			18558			16617				15540			17719			2884				2356			3188			2575				3017				1995				2298						3868				2739				18676				20007			15520			19595				14329						15254				15513			15084			14581				10495			16122			4806				4500						7128				7153			6295			3412				4517						4390				6688						3290				2524				2210				2266			2429			1396				1006			2168			1504				1293						3150				2228						2422				2779				2518				1746						2580				2556			2230			11655				11504						11064				10670				13035				13072			11565			11373				9727			15928			33272				29806						28409				35834			33655			30593				33858						24206				32077			32859			26340				21263						24460				31178						25865				26400						20878				23015	
37.95				8377				9891						6658				7662						8759				9536				8362				7810		9250				9217				9644				9943				3188		13182				9945				9994						4827				9301						2244				2431						2259				1834				1733				931		2397				2163				2188				12390				16713						11686				15245		13788				11899				12495						11558				12687						3947				3590		3219				4419				5148						2370				2058		1961				3510				3834		5017				2057				1969				1832				1991						1161				904						969				1124		1549				1355				1398		1972				1709				2222				1260				1582		1546				1695				1731						6059				6118		8168				12059				6995				4284				7390						7475				9652						15114				24533		17689				25721				9238						20329				25985		12315				25530				25425						16871				18739		19124				16990				22525		15986				18146				15508		18923				10533				17229
39.77	9105				8820				7521		8750				7150				5391		6606				6505				6474				6021						4458				5238				9129				8467						5806				6731				8368		5016				6103				7486		941				1072				1135		762				903				838				1010						1311				880				10571				7024				9068		7552				7288						6584				7421				7443		6406				6877				7184		2416				2216						2791				3028				2165		1452				1741						2137				2024						1147				1037				1007				1011				981		707				443				777		782				654						983				1138						1067				989				973				853						1029				1128				1140		3950				5065						5308				3643				5252				4699				3473		4802				4298				4129		16987				14574						16281				21923				20267		16924				11278						12743				15862				14447		9022				12872						9263				10125						15700				13776						14026				12569			
39.83		10857				12229						14899				9977						9425				12776				12826				9613			7453			11709				17172				14885				22232			7533			13075				12502						13399				10567						3481				1714						2549				2032				2528				1978			2836			2800				2176				13279				12965						13846				18516			12520			13711				10923						7605				19848						6003				6375			3859			5081				4481						4241				2920			2521			4255				6289			5221			2041				1441				2226				1256						843				607						1249				622			1703			2589				3008			2112			2844				1814				1220				1453			1720			1649				2326						12032				13052			8279			12206				5652				10239				8278						11599				5974						16558				25350			17139			22321				25270						25377				18864			8558			24688				18700						22803				30634			16536			18523				15056			13396			20136				10776			23327			13629				10144		
39.89			8311				9994			8354			11782				10990			7574			8020				10969				8365				8289						10709				13036				14063				9026						6927				10240			14609			11055				10745			13214			2102				1784			2445			1771				2212				1273				1647						2808				1986				14666				15159			11064			14573				9685						11217				11785			10940			10730				6975			11613			3423				3160						5403				5129			4505			2698				3635						3294				4905						2451				1845				1691				1793			1752			1038				724			1562			1158				1026						2251				1704						1705				1956				1860				1281						2036				1989			1758			8138				7139						8976				6484				9695				9389			7569			8118				6575			12601			23754				22682						21473				33106			25940			23630				24927						17549				24208			25570			26575				17038						16883				24153						18763				17900						18138				15741	
39.95				6728				8297						4087				5380						6217				7174				5795				5358		6177				5921				6339				6357				2135		8321				6530				6597						3096				6389						1442				1694						1590				1292				1344				665		1655				1522				1668				8210				12761						7918				11227		8639				8203				8768						7751				8885						2641				2578		2334				2947				3591						1785				1569		1190				2601				2710		3632				1537				1423				1487				1411						708				630						646				799		1063				1014				907		1446				1160				1644				951				1110		1056				1281				1293						3863				4244		5530				7837				4053				2769				4597						5445				6590						9879				17664		12480				18887				5400						15330				17269		7956				17483				18450						13455				13633		15215				11638				15320		10397				12948				10285		13211				6515				10868
41.77	7185				6836				5675		6525				5265				3792		4669				4771				4738				4496						3048				3626				6927				5702						3387				4130				5113		3789				4347				5316		798				939				1074		583				735				684				816						1023				759				7571				4874				6534		5454				5165						4790				5425				5292		4634				4867				5154		1899				1653						2188				2394				1698		1184				1413						1802				1474						902				866				881				827				830		615				295				733		631				535						772				929						872				756				863				712						873				939				888		2702				3729						4311				2687				3828				3373				2265		3687				3173				2993		11087				9088						10718				14089				12976		10921				7812						9031				9681				9252		6806				10283						6419				6944						11246				9545						10354				8692			
41.83		9061				9847						11729				7725						7125				10244				9855				7180			5772			8825				13135				11100				17355			4900			10113				9268						9836				7647						2626				1399						2034				1535				2052				1692			2325			2376				1742				10188				9892						10888				14371			9487			9985				8015						5719				15298						4563				4788			3093			3953				3469						3179				2484			1972			3351				5081			4184			1532				1262				1986				970						722				491						1019				546			1460			2027				2123			1595			2397				1429				1076				1130			1423			1246				1989						9011				9880			5742			9201				3680				7993				6231						8863				4372						11354				20689			11443			17238				20274						21496				13348			5933			18389				13738						19155				25482			14323			14897				11313			10132			16771				8080			18199			10257				7296		
41.89			6468				8215			6717			9109				8934			5759			6222				8487				6573				6178						8284				9961				10810				6213						4183				7910			11157			8703				8285			10174			1511				1511			1910			1419				1647				1055				1290						2292				1650				11553				11964			8452			11702				7110						8797				9252			7740			8012				4923			8841			2681				2376						4302				4127			3426			2209				2894						2523				3999						1970				1602				1390				1354			1391			937				567			1351			1049				847						1844				1306						1326				1610				1534				1053						1760				1611			1590			6064				5085						7069				4414				7456				7135			5128			6290				4902			9899			18025				16462						15400				29233			22130			18067				20239						12977				18502			19720			21890				14434						13339				18784						14450				13927						14845				12133	
41.95				5167				6521						2992				3764						4706				5452				4289				4173		4549				4146				4725				4869				1462		6059				4667				4997						2393				4726						983				1293						1310				1014				1021				456		1238				1164				1350				5894				9264						5071				7967		6028				5853				6181						5719				6177						2009				1817		1595				2168				2497						1397				1220		1000				1895				2035		2659				1217				1086				1214				1165						409				593						550				658		830				756				668		1133				911				1298				735				806		895				964				930						2737				3002		4244				5664				2769				1939				3081						3958				4754						6813				12854		8237				13070				3134						10301				12633		5829				12248				12796						10277				10757		12317				8486				10792		7878				9835				7578		9839				4781				8108
43.77	5968				5433				4710		5325				4039				2770		3819				3697				3635				3453						2342				2875				5563				4357						2165				2959				3676		2856				3472				4227		683				702				793		477				604				513				715						870				615				5847				3497				4821		4076				3752						3647				4397				4040		3380				3915				3823		1353				1327						1878				1965				1343		981				1274						1527				1176						728				646				762				671				702		444				262				500		495				409						667				701						759				650				709				554						726				718				767		2202				2804						3646				2094				3207				2655				1816		2971				2645				2512		8484				6517						7935				10684				9436		7523				5747						7002				7285				6868		5225				8319						4906				5505						8630				7671						8479				6887			
43.83		7470				8449						9560				5960						5543				8022				7699				5888			4633			7140				10048				8712				13581			3974			8322				6995						8209				6305						2146				1099						1764				1256				1670				1299			1820			2059				1474				8158				7430						8634				11232			7224			7862				6078						4302				11611						3648				3608			2475			3225				2871						2520				2223			1703			2749				4205			3220			1385				1089				1775				837						637				420						934				490			1179			1755				1887			1373			2011				1112				839				958			1061			1138				1643						7234				7833			4327			7156				2619				6004				4681						7217				3284						8316				16254			8686			13477				15447						17644				10126			4604			13871				10758						14809				20722			11924			12184				8749			7884			13305				6351			14820			7781				5966		
43.89			5294				6430			5380			7499				7117			4586			4658				6978				5047				4735						6495				7822				8752				4536						2844				6000			8882			6947				6488			7937			1276				1217			1520			1215				1318				863				1026						1905				1339				8875				9103			6560			8772				5405						6774				7369			6042			6130				3714			6722			2036				1823						3387				3375			2832			1871				2516						2054				3238						1519				1232				1215				1019			1162			864				464			1088			810				789						1458				1064						1159				1398				1211				891						1443				1289			1235			4507				3846						5719				3284				6179				5822			4050			5249				3773			7926			14319				12795						11651				23006			17608			13932				15349						9671				14672			15924			16688				11677						10229				15003						11408				10750						11939				9659	
43.95				4172				5172						2149				2695						3533				4266				3200				3079		3755				3218				3635				3652				1051		4839				3601				3781						1792				3489						697				1022						955				768				834				370		912				946				1059				4377				6826						3627				5847		4595				4407				4849						4401				4616						1527				1359		1147				1641				1980						1054				887		751				1362				1507		2018				932				972				971				895						296				489						506				551		718				621				484		924				757				1106				622				692		722				782				744						2110				2157		3252				4123				1943				1479				2257						3055				3753						4816				9616		5782				9024				1950						7180				9344		4228				9029				8785						7855				8411		9797				6623				7181		6174				7601				5707		7278				3625				6234
45.77	4906				4504				4094		4602				3383				2436		3138				3214				2988				2923						2047				2391				4510				3390						1669				2559				3096		2599				2923				3520		561				668				701		375				527				434				596						692				475				4550				2832				4175		3285				3225						3027				3774				3312		2982				3239				3085		1201				1102						1512				1690				1131		885				1137						1293				1142						659				592				623				596				604		411				177				457		440				321						594				615						589				560				593				511						591				707				610		1877				2459						3023				1731				2879				2193				1476		2568				2153				2095		6660				5339						6242				8604				7261		5879				4745						5682				5656				5380		4456				6764						4211				4526						7026				6327						6893				5810			
45.83		6388				7213						8063				5041						4778				6638				6522				4954			3947			5795				8425				7362				10821			3397			7226				6077						6560				5190						1792				1041						1489				1022				1520				1004			1633			1755				1234				6531				5881						7013				8964			5660			6399				5122						3717				9916						3262				3180			2036			2709				2465						2336				2037			1368			2398				3685			2586			1151				956				1546				663						554				309						741				376			984			1408				1574			1123			1814				896				811				842			870			951				1374						6106				6736			3772			6228				2242				5093				3843						6252				2761						6886				12794			6777			10730				11822						14463				8491			3885			11110				8688						12598				17348			10291			10515				7178			6674			11528				5645			12542			6791				5011		
45.89			4518				5534			4755			6595				6050			3818			3657				5362				4285				3652						5213				6022				7290				3643						2294				4867			7643			5757				5836			6765			1138				992			1347			1011				1023				698				794						1761				1102				6983				7113			5198			7140				4355						5802				6193			4675			4987				2998			5341			1682				1494						2795				2684			2285			1572				2084						1681				2815						1295				996				996				918			970			710				372			914			630				561						1282				894						952				1077				969				707						1198				1139			1083			3888				3213						4982				2577				5256				4660			3317			4617				3305			6609			11504				10358						9247				18464			14632			11327				11503						7881				11928			13153			13652				9948						8803				12070						8765				9179						10412				8194	
45.95				3445				4089						1870				2242						2793				3336				2678				2662		3191				2579				2794				2819				843		4091				2889				2958						1538				2815						550				795						865				607				720				264		707				791				880				3134				5532						2616				4593		3442				3649				3808						3481				3644						1229				1128		1017				1368				1576						925				786		624				1178				1292		1766				808				770				771				718						197				350						365				518		453				462				427		641				613				887				479				581		518				561				685						1615				1592		2555				3382				1501				1117				1821						2279				3108						3503				7753		4504				6834				1290						5403				7301		3572				7124				6557						5874				6669		8119				5522				5129		5032				5982				4434		5627				3147				5096
47.77	4357				3881				3570		3874				2891				2081		2610				2815				2637				2337						1776				2106				4175				2927						1317				2099				2418		2092				2597				2767		529				531				566		369				412				366				475						579				422				3497				2267				3039		2748				2486						2406				3009				2673		2315				2459				2397		1061				972						1338				1450				908		763				887						1090				889						604				469				530				475				490		331				119				431		338				298						439				501						517				483				525				364						514				548				487		1473				2024						2710				1493				2460				1737				1297		2161				1847				1745		5472				4164						5137				7111				5944		4943				4084						4679				4532				4460		3937				5583						3708				3730						5993				5435						6353				4967			
47.83		5520				6305						7148				4186						4041				5669				5717				4333			3587			5084				7113				5958				8661			3093			6443				5218						5498				4633						1458				866						1254				953				1321				927			1327			1605				1047				5429				4598						5979				7157			4669			5195				3955						2933				7919						2688				2638			1804			2159				2299						1780				1521			1218			1967				3041			2465			1081				741				1447				597						472				279						696				387			707			1340				1420			914			1522				708				658				737			772			995				1109						5466				5736			3104			5483				1993				4350				3422						5464				2400						5426				10774			5477			8621				10240						12270				6899			3453			9410				7305						10344				15537			9290			9385				5920			5958			10210				4813			10544			6341				4654		
47.89			3941				4706			4087			5702				5332			3249			3027				4483				3607				3006						4510				5137				6306				2857						2010				4179			6642			4693				4831			6164			1039				825			1119			882				936				595				608						1479				987				5939				5792			4129			5554				3673						5119				5412			3932			3944				2423			4407			1368				1223						2314				2227			1932			1379				1830						1427				2416						1126				934				918				782			830			632				277			822			549				515						1018				821						804				1045				751				660						1060				974			988			3347				2409						4498				2252				4605				3797			2648			3809				2638			5567			9047				8394						7616				14349			11963			8926				8694						6446				9438			10494			11839				8312						7356				10115						7241				7567						8919				6948	
47.95				3032				3348						1652				1899						2265				2679				2306				2434		2613				2223				2437				2290				697		3559				2472				2518						1262				2088						469				649						644				548				685				233		640				593				822				2549				4352						2135				3720		2829				2787				2948						2837				2838						1009				943		820				1078				1405						750				634		535				1003				1000		1568				634				641				619				596						188				270						330				482		477				404				315		616				533				779				426				493		370				510				567						1460				1344		2282				2798				1338				906				1512						1875				2482						2731				5753		3258				5253				1052						4167				5536		3008				6050				4999						4644				5382		6699				4567				4270		4256				4979				3538		4361				2685				4257
49.77	1779				1722				2398		2664				1969				1634		1305				1297				1809				1264						1118				1255				2211				1934						1876				1689				2400		1347				1083				2147		321				365				708		168				251				310				324						373				315				2100				1741				2232		2220				2138						1295				1470				1869		1076				1324				1748		1271				1107						1417				2323				1732		480				671						1263				1143						467				488				199				232				259		263				183				152		224				340						297				625						405				507				330				375						348				582				590		1086				1881						1681				1446				1563				2055				1542		879				1303				1199		2405				2548						1952				3263				3531		2508				1581						1638				2979				2917		832				1735						974				1792						2349				2355						2760				2594			
49.83		2105				1123						3666				1060						964				1356				1993				2805			1546			2478				2708				1124				1316			1996			2390				1281						1966				1815						265				399						213				195				677				246			187			461				584				2683				884						3609				1009			2289			2230				1673						1007				1440						834				517			488			1668				1219						381				339			513			847				2141			922			418				523				433				132						159				314						376				251			180			594				191			328			549				216				215				383			332			322				219						3047				1077			2892			4014				1423				1032				2017						1393				1462						3452				2953			3728			3196				2760						5678				3011			2183			6052				4119						1231				2098			2610			3766				2218			3263			3882				996			2764			2001				1714		
49.89			1513				1115			707			3487				2947			2255			953				1386				2121				976						1708				883				3286				1984						1986				718			1916			1826				1241			1346			107				298			394			336				254				417				168						525				354				1380				1832			2348			1258				2596						2121				1960			1804			1566				1183			1664			1183				958						1046				1534			1166			434				414						1089				544						249				373				208				159			240			327				472			204			219				257						243				421						389				385				217				328						527				388			540			1435				1959						1827				2041				2507				1072			2779			835				1491			1044			2762				3720						2985				1370			3502			3125				1072						2118				3350			5081			1021				1681						1620				1647						1294				2363						3363				2967	
49.95				1040				1044						958				600						954				1002				1147				1989		1594				1157				2029				737				737		1613				1081				810						560				1160						133				649						157				333				337				195		138				217				470				1724				744						1824				564		2620				1304				1381						966				1817						636				379		416				1129				1527						159				157		210				723				1041		459				170				236				240				177						328				233						227				237		116				312				137		184				220				168				170				169		460				213				100						1134				669		1692				2410				2935				863				1991						770				1795						2396				1530		2288				2553				1031						1862				1300		1865				3622				3681						616				1753		2082				1481				934		2119				1331				922		1163				702				2024
51.77	2513				3125				3136		3993				3838				3008		2561				2609				3835				2529						2288				2387				4026				4366						4166				3914				5271		2452				2157				5330		410				500				934		278				408				385				379						431				438				5576				5214				5439		5576				5367						3720				4680				6178		3035				3344				4695		3353				3571						5358				9781				6466		947				1520						4860				4516						670				614				306				330				236		307				223				178		365				392						449				829						543				654				395				452						365				520				553		3313				5491						5522				4222				4817				6376				4572		2751				3520				3349		2983				2959						2171				3750				4290		2709				2179						1991				3885				3476		670				1580						932				1799						2303				2380						1929				2287			
51.83		3240				1186						5328				1458						1413				2076				3610				4786			2620			4850				4038				2201				2015			3691			3885				2186						3467				3276						237				608						281				243				984				330			211			606				825				6123				1180						5860				1438			4578			5240				4486						1986				2319						2571				977			1202			5709				3532						448				538			790			2466				5385			2120			666				679				569				211						193				371						441				329			187			846				220			444			731				296				277				524			375			421				198						6481				2110			7925			7279				3449				1908				5082						2292				2876						4165				2796			4622			3148				2625						5102				3902			3204			7088				4587						1106				1866			2307			2961				2114			3004			3151				1284			2572			1980				2187		
51.89			2282				1762			894			5136				4407			4527			1583				2803				4774				1834						3676				1280				4981				5357						4510				1050			3219			3955				2370			2034			169				453			633			483				290				647				182						688				510				1923				2813			4942			2242				5607						4360				4388			5269			3976				2973			4023			2777				3205						4005				5954			4808			976				468						3967				1216						301				537				248				174			335			362				562			167			305				375						352				684						645				594				252				315						489				385			572			3429				5646						3537				5991				5905				1852			7216			1950				3675			1826			3046				3982						3148				1444			4067			3403				1139						2126				3494			5518			798				1392						1508				1377						1084				2224						2687				2949	
51.95				1842				1736						2058				1006						2061				1855				2687				4022		3012				2883				4802				1584				1906		3655				2032				1746						1681				2533						191				1063						281				647				570				474		248				430				633				5043				1540						3862				974		6806				3928				4382						1856				5091						2273				1117		1268				4989				5211						328				310		410				2984				3284		1274				231				352				323				242						823				354						252				361		144				615				137		227				366				276				279				220		683				277				156						3454				1873		5083				6790				7132				3178				6025						1888				5284						3251				2054		3384				3434				1501						2446				1786		2874				4724				4664						646				2096		2280				1432				1100		2224				1384				993		1177				1080				2553
53.77	5661				6549				7018		8191				8761				6133		6170				5455				7804				6089						5524				5669				8915				10189						8069				7572				10107		5959				5359				11737		786				1033				1741		533				707				681				728						984				878				19380				15747				18337		16311				15266						9417				14552				19856		10461				11276				16104		7160				8207						13480				21293				13737		1968				3131						11750				9498						1211				1121				508				450				483		479				391				324		477				680						908				1389						916				1155				678				714						559				879				923		9019				14277						14150				10950				12944				14999				10968		9194				11353				10018		9896				9597						7485				12858				12446		8867				7081						6372				11692				9629		1629				4814						2632				5797						7102				7468						4566				5909			
53.83		6183				2484						9419				2659						2831				4368				7451				9187			5258			10241				9183				4816				4136			6993			6415				3755						7191				6944						515				1158						668				543				1600				661			416			1241				1706				17299				2927						13662				4014			12527			16592				13633						5267				6881						5346				2755			2584			13457				9360						857				1169			1633			5118				10332			5412			1047				1239				790				357						280				641						630				514			267			1467				446			790			1269				520				493				935			633			610				289						13713				5434			17270			14434				6060				4246				11961						7147				7671						10050				6392			10467			8300				6172						11989				11166			7036			17817				11475						2868				4030			5479			5900				5857			7032			6198				3637			6648			4565				5022		
53.89			3755				3373			1506			9431				8895			9860			3401				6005				9444				3971						7561				2335				9595				11040						7871				1689			6054			8011				5237			3773			312				873			1269			1015				579				1165				413						1413				905				5300				7831			15049			5772				15223						11074				12307			16103			11593				8911			13931			5705				7286						9319				13866			11498			1717				938						9200				2854						529				821				418				313			591			566				805			272			446				547						671				996						1179				1110				400				590						782				651			909			8340				12249						7113				13627				12140				4388			17699			6004				11338			4405			9226				11132						8630				3043			10014			8630				3328						5919				8909			13740			1887				3820						4069				3463						2698				6276						5346				7451	
53.95				3827				3181						3880				2087						4556				3865				6320				7346		5960				6153				9745				3288				4685		8413				3992				3188						3641				5926						354				1962						441				1229				1042				959		455				802				1251				14265				5218						9874				3009		17806				13352				14550						4943				14178						5542				2262		2928				10800				11631						520				555		755				6251				6440		3097				439				815				568				455						1670				456						385				473		171				987				290		540				656				432				447				436		1247				483				173						7590				4651		12446				14842				12852				8128				12813						6236				14591						9533				4685		8708				9843				4307						6692				5786		6206				12546				12270						2156				6340		6842				4284				3876		6300				4068				3733		4440				3422				7544
55.77	8667				9850				11240		13442				14746				10216		9654				8844				12079				9700						8720				9569				14279				16106						13129				13033				17691		9686				8587				18475		1440				1862				2987		957				1284				1085				1289						1853				1600				32404				25352				32085		25340				23271						13766				21168				31819		15470				17751				25907		8566				9359						14537				25101				16459		2296				3742						13358				11557						2069				2006				778				928				777		742				536				493		781				876						1611				2604						1560				1996				1133				1354						1143				1581				1507		11749				19534						18266				15217				17409				20728				15669		13000				17024				15251		21407				22878						17218				30663				28252		20459				13344						12702				24810				21979		3356				13760						7400				14746						20811				19937						13340				16433			
55.83		8760				3238						13867				3975						4172				6033				11365				13504			8445			16360				14179				7769				6043			10448			9529				5872						11897				10938						785				1865						1348				817				2601				1185			776			2194				2904				26317				4999						19906				6760			20161			24477				20352						8792				12292						6529				3013			3059			15844				11667						932				1498			2090			5962				11683			6003			1639				1920				1155				597						406				786						851				664			351			2272				858			1318			2042				889				807				1600			1169			1011				469						17562				7848			23662			17951				8481				5691				16303						11110				11643						19832				11110			20837			17150				10972						22188				21968			12015			36127				21945						6490				8366			13198			13503				13606			17761			13566				8247			16314			11725				10051		
55.89			5489				4462			2369			13885				12983			15508			5196				8787				14599				6196						11526				3489				14118				16778						11932				2829			10625			12616				7587			4961			653				1494			2246			1527				1000				1932				621						2299				1374				8512				12797			24253			9928				24154						16334				18339			24738			17138				13688			21223			7152				9158						10171				16345			13156			2265				1114						10239				3476						919				1457				721				508			886			801				1136			393			728				794						1117				1755						1996				1796				651				977						1346				1162			1607			10684				17005						8285				18583				15165				6321			24080			8762				16812			6824			18579				26367						17844				5568			21778			17697				6528						13739				19235			30153			3514				10320						10717				6458						5986				14842						11992				17995	
55.95				5818				4473						6252				3149						7459				5889				9687				10964		9441				9150				14446				5392				7513		13900				6404				4966						5830				9421						597				3288						648				2100				1658				1625		752				1483				2184				22450				10352						15859				5459		28081				21346				22683						8382				21556						6302				2590		3330				12499				14235						608				619		908				7403				7532		3668				833				1505				909				814						2772				745						673				688		293				1557				447		988				1093				827				790				766		2051				855				293						9893				6262		17682				18810				15973				10639				16078						10446				22794						19328				7789		17773				19631				9444						13638				11189		10691				25691				25430						5026				15311		17854				11911				8768		14685				10648				9384		10648				7378				18064
57.77	9675				10938				12988		16198				17851				12325		11631				10987				12041				11770						10340				11765				16944				19206						17329				17214				24642		11832				10149				21546		1957				2473				4114		1164				1783				1546				1790						2422				2153				33913				28130				35082		27689				26495						14654				21603				33582		16062				18971				27701		6888				7373						11074				19394				13909		1933				3719						9835				8783						2864				2803				1033				1241				1086		1047				644				671		1141				1278						2250				3360						2215				2666				1792				2077						1688				2278				2279		11639				19789						17809				15229				16858				20721				16501		13376				17165				16080		30626				33934						23931				43163				41685		28251				18717						17604				35761				32623		4814				21533						10901				21944						33151				30448						19781				26103			
57.83		9452				3611						15187				4964						5080				5869				12844				16458			10174			18341				16845				9598				6888			12942			11197				7492						14523				12908						1040				2699						1732				1244				3437				1535			1006			3195				3995				25647				5360						20973				7566			21944			24335				21276						11188				13583						5526				2016			2619			12278				8487						953				1792			2258			4972				9689			5193			2554				2769				1648				780						554				1033						1170				946			524			3143				1286			1879			2709				1233				1185				2107			1542			1481				611						17895				7477			23516			17876				9057				5001				16511						10970				12871						26755				13930			27428			22255				13987						27706				28866			15413			48248				29969						8225				10433			18301			18223				19332			28856			18637				10937			18934			16142				13697		
57.89			5720				4813			2718			15070				14493			18450			5918				9567				16669				7249						13091				4161				15269				19362						14874				3763			13971			14552				8849			5355			888				1872			2824			2084				1356				2627				869						3231				1775				8988				13416			25411			11682				25738						17626				18396			24681			17673				14759			20591			6211				7166						7182				12400			9508			2201				1084						7525				2637						1151				1851				898				695			987			1054				1465			631			1010				1058						1455				2216						2595				2337				720				1358						1781				1532			2229			10309				17075						7601				18571				14181				5640			23017			9035				17035			6896			23280				34136						22528				6695			30144			23464				9290						18284				26415			39578			4072				15238						14981				8490						8828				20688						15482				25722	
57.95				6657				4971						7511				3653						8528				6876				10758				13023		11088				10417				16699				6130				8933		17962				7731				6719						7155				11315						683				4172						986				2626				2297				2231		816				2171				3140				22677				12623						17509				6698		30648				22216				22945						10252				22123						4454				1778		2299				9916				10989						585				604		901				5561				6268		3072				1258				2219				1380				1122						3234				948						820				1074		391				2104				611		1390				1502				1268				938				1076		2749				1249				367						9870				5104		16890				18498				15627				9691				15874						10489				24567						27414				10057		24797				25539				13521						18306				14659		13958				34949				35443						6662				20791		24525				16160				12296		21043				14592				13094		14242				9817				25689
59.77	9835				11860				14130		17504				18847				13800		12412				11914				15884				12811						11294				13371				17814				21034						19174				20081				29594		12387				10966				24054		2468				3076				4934		1543				2140				1820				2412						2889				2682				29026				25093				31394		25009				23775						13032				16675				27567		13266				15695				23243		5208				5444						7854				13482				10357		2377				3653						6952				6344						3812				3544				1328				1439				1451		1272				716				950		1396				1525						2661				4175						2835				3267				2244				2637						1970				2977				3008		10186				18078						14776				13208				13549				18286				14548		10638				13409				12430		36193				42310						28829				51737				51740		33900				22405						22198				43827				40754		5880				26587						14040				27963						41282				39011						22849				33847			
59.83		10216				4166						15470				5657						5763				7791				13292				18001			11922			19538				19384				10981				7507			14440			12660				8780						15791				13815						1202				3224						2303				1532				4264				1891			1301			3785				4945				21511				5445						17846				6961			19878			20842				17732						11508				13001						4089				1526			2083			9108				7295						1022				1958			2234			3862				7367			4137			3236				3449				1963				924						688				1365						1602				1135			571			3925				1568			2323			3342				1429				1410				2735			2058			2081				749						16662				6540			20897			16412				8779				4032				14468						8942				11512						31492				16647			32781			25992				16036						29735				33061			17752			56438				35485						9856				12527			21765			20976				24124			36062			21070				13191			25884			19568				16839		
59.89			6168				5182			3119			16093				14999			20000			6088				10127				17688				7670						13910				4459				15731				20345						17196				4483			17129			15210				9763			5775			1273				2078			3250			2597				1495				3189				1051						3844				2126				7850				11287			22303			11422				23542						16483				14960			19525			14783				12752			17084			4931				5597						5453				9259			6727			2433				1129						5387				1980						1222				2260				1232				846			1460			1264				1775			807			1280				1317						1785				2763						3277				2670				1012				1688						2267				2056			2873			8952				15354						7006				17077				11997				4948			20375			7867				14289			5555			26277				39815						26012				6957			34891			27286				10954						22435				32216			44947			4518				18927						17523				10229						10657				25605						17456				32178	
59.95				7395				5301						8145				3924						8909				7087				11038				14255		12057				11263				17831				6501				9491		20852				8889				7809						8200				11974						776				4997						1279				3338				2851				2464		1075				2482				3864				18988				11518						15282				6638		26477				18479				17898						9854				17830						3031				1072		1468				7228				8790						586				692		1016				4282				4961		2709				1538				2819				1665				1495						3710				1323						1152				1428		446				2691				728		1802				1804				1622				1439				1459		3420				1607				433						8808				4210		14915				16348				13701				7855				13581						8087				20712						32919				11425		28798				28706				16319						20497				16659		17577				40995				40975						7925				24739		29212				19042				15469		25458				16830				16292		17727				12164				31754
61.77	12235				12407				11174		16144				15801				9702		13227				12574				12060				12147						8999				10766				18409				17524						11322				13190				15645		10683				12738				15738		2129				2584				2904		1559				1646				1754				1878						3074				2068				19311				14608				18336		15157				14412						12384				16112				15864		12559				13381				14390		5002				4764						6604				7584				4894		2647				3441						5172				3915						2199				2213				1829				1818				2060		1444				391				1290		1006				983						2227				2413						1984				2060				1880				1564						2187				2279				2138		11577				13696						15020				9519				13854				12013				8844		9758				9071				7709		27922				25891						26643				37639				33440		27430				19454						20670				28150				25207		11833				20795						16287				19369						28962				26457						21666				21557			
61.83		12056				11729						19475				13672						11521				15919				17928				14544			11816			19538				19110				23541				27089			13088			17257				18711						18677				16992						4477				2558						3782				2332				3619				2391			3475			4256				3151				20459				13699						18433				20337			17505			20995				16972						11281				22331						7705				6810			5939			7582				7223						4305				3850			2886			5939				8287			5984			2919				2264				3011				1582						1353				869						1676				853			2320			3779				4058			3070			3958				2020				1919				1881			1908			2262				2968						17954				17712			14210			16779				9550				14722				13353						14815				9936						24916				32435			23737			29361				31087						28127				29365			13407			33072				26325						24872				27465			20633			23444				20715			22845			22965				21061			32870			21243				17147		
61.89			9121				9808			8093			15386				14829			12678			10956				15498				13376				11385						16266				15818				16532				15732						11866				15583			18987			17728				15717			18160			2744				2645			3522			2687				2698				1913				1972						3894				2995				16761				18070			17022			16669				16209						17638				15493			16267			16331				11865			17191			4819				4852						6978				7324			6601			3577				3820						4702				5964						3182				2747				2468				2226			2609			1422				1013			2050			1362				1617						3073				2423						2558				2876				2181				1521						2668				2390			2490			12393				12353						11002				11396				12771				12988			12945			12908				10932			13750			31203				28605						26925				26392			30056			29197				25732						23162				29054			31222			20436				21235						24162				27877						21316				25949						19466				23269	
61.95				8461				9096						7017				7603						8717				9918				8711				8148		9332				9453				10342				11069				3967		12163				10786				10084						5719				8930						2389				2699						2477				2021				1800				1080		2216				2195				2261				13846				14368						13266				12325		15785				13733				12942						8042				13049						3619				3470		2949				4734				5437						2067				2064		2046				3835				4377		4274				1584				2039				1913				2101						1297				925						1036				1141		1527				1515				1369		1735				1731				2311				1257				1625		1612				1761				1887						6834				5892		9911				12581				7558				4971				8164						7383				11210						17296				23380		18296				24321				10902						20322				25524		10920				24261				24728						16647				18332		19020				17495				21207		17442				17715				15238		17828				13195				18204
63.77	11470				10564				9363		10897				10166				5912		8383				8374				7725				7961						5408				6447				12675				10897						7482				8613				10992		6652				7988				9334		1418				1927				2148		1111				1239				1053				1253						2258				1513				13522				9057				12497		9393				9270						7606				10876				10745		8385				9093				9504		3544				3479						4558				5209				3417		2154				2796						3715				2770						1504				1575				1394				1357				1565		1103				297				1005		770				869						1612				1763						1386				1545				1313				1297						1718				1668				1628		7130				8049						10499				5809				9449				7248				5056		6539				6074				5378		20201				17783						19447				27609				25600		20824				13411						15253				20059				17856		8365				15412						9869				11425						19304				16727						16301				14480			
63.83		10431				10644						15122				9412						7985				11570				13788				10164			8071			12830				13854				15373				21295			8135			14066				13577						12550				11506						3292				1898						2791				1787				2599				1785			2477			3056				2231				15190				10499						15068				17460			12715			16129				12604						8609				17782						5648				5080			4442			5551				5208						3687				3165			2197			4244				6439			4273			2217				1593				2432				1091						973				604						1367				664			1847			2863				3095			2272			2983				1474				1512				1496			1371			1829				2168						12849				12731			9196			13116				5952				10727				8949						11727				6888						18576				25041			18787			24009				22940						24644				21616			9439			26068				20197						22443				27332			16797			18701				13687			15534			19836				15718			25668			15057				11567		
63.89			8288				9188			7667			11572				11534			8661			8071				11446				8854				8208						11304				12114				14251				10246						8259				11149			14824			12769				11516			13311			2104				2066			2771			2040				2092				1444				1273						2969				2255				14269				14945			13538			12173				11713						13338				12664			12443			12743				8116			13457			3625				3495						5088				5343			4785			2947				3264						3694				4534						2269				2259				1866				1785			1946			1220				750			1423			1167				1218						2354				1842						1934				2197				1673				1106						2203				1846			1951			9084				8038						9512				7423				10653				9843			8999			9710				7754			10865			24347				24216						22628				26943			25009			24135				19169						17894				22994			26257			22650				18249						17892				22684						16109				18952						17892				16925	
63.95				7602				8012						4706				5420						6252				7245				6296				5671		6608				6479				7237				7593				2767		8090				7398				7382						3562				6401						1762				1868						1796				1543				1436				776		1569				1642				1568				9753				11526						9897				9476		10873				10390				9994						5243				9574						2546				2462		2039				3422				3769						1787				1651		1361				2717				2797		3231				1194				1503				1481				1582						750				733						636				833		1170				1100				967		1310				1252				1745				1007				1179		1157				1311				1397						3752				4035		6874				8777				4539				3416				5243						5611				8171						11989				17334		14321				20654				7417						16690				18876		7319				19060				20097						14643				14294		15751				12147				15651		11959				13489				10603		13306				8752				11630
65.77	9432				8672				7562		8488				7670				4127		6098				6231				5646				5775						4028				4815				9700				7515						4621				5846				7616		4894				5615				6777		1130				1493				1676		842				941				795				1054						1916				1153				10184				6709				9179		7007				6760						5271				8272				7437		6013				6388				6703		2617				2593						3309				3775				2797		1821				2290						3115				2128						1220				1253				1116				1107				1338		968				205				819		706				746						1263				1499						1139				1246				1198				1033						1407				1361				1258		4785				5948						7883				3974				6783				5108				3640		4922				4501				3999		14093				12177						13631				19616				17554		14378				9364						10909				13558				12335		6556				12687						7206				7990						14976				12619						12899				10847			
65.83		9383				9102						12676				7396						6242				9297				11006				7803			6588			9776				11280				11634				16894			5769			11709				10632						9245				8928						2836				1515						2358				1341				2239				1361			2142			2635				1846				11807				8345						12316				14221			9947			12704				9625						6855				14345						4377				3744			3627			4188				3952						2898				2601			2025			3263				5071			3500			1901				1362				2194				964						802				551						1161				545			1501			2229				2453			1914			2535				1289				1259				1108			1152			1528				1682						10085				10588			6901			10734				4192				8677				6660						9126				5172						13687				21437			13879			19377				18498						21800				15845			6528			20446				15321						19148				24391			15546			15779				10884			12552			17844				12261			21782			11416				9191		
65.89			7168				7818			6636			9723				9366			6658			6446				9437				7110				6288						8931				9709				11712				7267						5284				9127			12758			10136				9192			10731			1734				1641			2239			1689				1664				1142				1196						2546				1808				11252				12169			10488			9914				8884						10610				10214			9586			9763				6120			10513			2838				2526						3988				4183			3880			2436				2687						2794				3507						1808				1687				1522				1358			1500			1029				568			1210			948				959						1924				1336						1406				1643				1352				999						1829				1543			1612			6784				5982						7902				5472				8238				7651			6561			7872				6166			8893			20081				19513						17629				25958			21708			19400				15907						13789				18390			21777			19117				16421						14931				18393						13041				15449						15525				13735	
65.95				5872				6285						3526				4081						4715				5880				4791				4344		4933				4835				5187				5719				1949		6276				5608				5871						2737				4700						1159				1399						1460				1156				1208				563		1241				1252				1228				7220				8408						6956				7134		7804				7750				7015						4194				7040						1874				1862		1489				2536				2873						1348				1234		1048				2057				2234		2356				916				1218				1206				1181						568				567						669				698		934				785				669		1047				932				1451				803				870		947				1042				1056						3237				2951		5323				6703				3224				2444				3854						4371				5887						8606				12846		10396				15517				4626						12575				14140		5235				14088				15124						11414				11462		13193				9807				11335		9117				10651				8070		10261				6682				9011
67.77	7813				6856				6401		6784				6255				3135		4792				4771				4598				4431						3125				3661				7996				5699						3382				4276				5715		3734				4432				5468		958				1251				1383		746				846				649				899						1741				1028				8116				5228				7186		5442				5318						4324				6557				5966		4826				5199				5360		2029				2060						2823				3243				2004		1476				1967						2384				1626						1161				1022				948				991				1206		782				146				698		559				558						1119				1180						1091				1092				963				805						1164				1166				1131		3637				4364						6194				2932				5776				3908				2753		4011				3611				3231		10770				9252						10488				15781				13551		10629				7026						8276				10249				9754		4930				10507						5624				6645						11907				10150						10556				8526			
67.83		8149				7910						10318				6017						5125				7713				8763				6402			5536			8057				8824				9603				13835			4480			9815				8874						7688				7114						2177				1193						1828				1184				1981				1160			1671			2261				1523				9433				6809						9824				11228			7742			10293				7841						5645				11674						3495				3029			2862			3529				3224						2432				2190			1618			2799				4312			2921			1581				1195				1813				851						739				451						1026				515			1131			1914				1888			1475			2247				1005				1102				1104			935			1213				1515						8248				8529			5384			8573				3157				7073				5140						7893				4180						10318				18052			10083			15789				15643						18666				12569			4845			16349				11963						15951				20079			13413			13719				9273			9876			14644				10334			17749			9103				7676		
67.89			6111				6604			5652			8091				7784			5042			5176				7462				5828				5339						7433				7670				9958				5735						3776				7551			11061			8242				7396			9122			1382				1358			1831			1462				1388				926				937						2197				1649				9001				9681			8158			7875				6660						8587				8502			7784			7817				4758			8284			2263				2015						3236				3352			3093			1911				2239						2280				3154						1550				1400				1329				1163			1380			897				503			942			743				829						1583				1265						1308				1511				1099				826						1620				1377			1388			5503				4532						6298				4166				6832				6128			5006			6490				5139			7114			16383				16016						14183				21948			18992			15624				12746						10855				15470			18085			15401				14076						11989				15284						10235				12838						12884				11504	
67.95				5015				5026						2748				2978						3646				4535				3643				3622		3995				3835				4066				4264				1509		5477				4665				4557						2372				3734						967				1208						1203				882				983				419		1018				1078				1075				5061				6680						5233				5408		5861				5967				5595						3218				5398						1451				1473		1084				1991				2254						1061				906		829				1572				1731		1985				776				1045				1012				964						385				476						513				718		751				698				613		772				765				1107				637				767		785				784				804						2571				2361		4089				5264				2228				1857				2863						3311				4793						6356				9907		7402				11588				2973						9310				10732		3993				10641				11314						8679				9329		10954				7785				8375		7666				8698				6445		8049				5508				7433
69.77	6643				5816				5309		5974				5347				2753		3963				4078				3886				3647						2610				3209				6551				4594						2877				3659				4934		3163				3690				4401		886				1100				1231		639				684				560				781						1452				844				6393				4308				5636		4441				4163						3627				5810				4683		3746				3973				4462		1846				1785						2318				2527				1637		1308				1739						1996				1431						859				968				874				843				915		675				148				538		468				511						891				949						781				864				867				740						960				953				950		3039				3636						5517				2478				5025				2945				2189		3265				3144				2617		8910				7562						8661				13376				11088		8444				5625						6797				7996				7956		4187				8833						4947				5530						10110				8317						8961				7014			
69.83		6845				6820						8898				4939						4318				6291				7804				5706			4772			6981				7652				8079				11467			3790			8438				7465						6433				6002						1900				1111						1664				952				1731				978			1529			1916				1303				7504				5302						8359				9271			6502			8156				6255						4574				9519						3019				2416			2462			3013				2834						1998				2039			1439			2420				3564			2423			1308				1072				1721				757						747				383						864				431			1012			1606				1647			1167			1911				856				940				874			871			1029				1213						6914				7043			4538			7149				2670				5607				4301						6584				3530						8012				14554			7935			12891				13080						15553				9944			4139			13218				9871						13145				16966			11248			11720				7368			8617			12710				8884			14809			7893				6695		
69.89			5260				5786			4659			6931				6390			4377			4216				6256				4776				4376						6043				6235				8072				4394						3006				6184			9605			6913				6166			7436			1172				1006			1471			1245				1022				906				786						1874				1264				7327				7920			6375			6519				5364						7464				7099			6320			5856				3748			6652			1904				1517						2631				2855			2654			1648				1783						1916				2622						1279				1223				1145				995			1127			824				392			841			669				769						1281				1095						1092				1267				940				711						1416				1244			1225			4469				3604						5481				3524				5686				4969			4202			5527				4112			5865			12972				12464						11087				18003			16005			12737				9980						8844				12733			14872			12557				12078						10074				12679						8266				10872						10827				9865	
69.95				4288				4178						2322				2326						2848				3651				3143				3124		3407				3014				3399				3447				1157		4449				3921				3724						1904				3097						769				921						941				719				838				369		731				904				971				4072				5464						3699				4348		4373				4610				4215						2807				4206						1235				1158		1000				1549				1810						959				723		649				1289				1400		1602				614				903				862				768						346				447						466				515		660				586				442		603				677				954				546				555		680				692				708						2046				1779		3476				4210				1837				1323				2234						2794				3996						4879				7841		5395				8456				2004						6940				8145		3462				8009				8344						6746				7594		9040				6413				6583		6568				7071				5192		6576				4640				6111
71.77	5656				5213				4869		5256				4510				2365		3352				3630				3187				3197						2355				2601				5886				3624						2462				3129				4365		2786				3251				3707		796				993				1018		479				622				460				601						1292				707				4889				3263				4492		3427				3446						3327				4907				3759		3095				3162				3476		1513				1560						2050				2039				1488		1092				1357						1752				1104						751				835				730				734				842		561				136				532		396				490						814				885						740				799				730				666						884				905				821		2488				3019						4823				2144				4532				2613				1857		2674				2655				2175		7053				5991						6850				10622				9344		6938				4593						5402				6375				6407		3726				7037						4117				4759						8422				7134						7888				6254			
71.83		6209				6096						7595				4188						3687				5479				6480				5006			4157			6118				6692				6468				9315			3298			7642				6609						5929				5313						1625				929						1435				877				1540				844			1248			1703				1182				6188				4499						7167				7387			5456			6641				5171						3782				8049						2350				1897			2154			2280				2482						1667				1618			1298			2013				3134			2157			1277				951				1477				610						520				329						731				391			791			1468				1384			1030			1801				706				851				803			699			985				1012						6065				6458			3628			6629				2321				4684				3591						5563				3028						6770				12761			6445			10228				11071						13087				8438			3539			10770				8235						11209				14604			10185			10309				6343			7466			10678				7459			12826			7034				5647		
71.89			4449				4875			4264			5911				5729			3688			3437				5046				3942				3628						5208				4989				6944				3625						2682				5518			8022			5699				5254			6247			946				1033			1307			1024				910				680				654						1614				1093				6196				6565			5226			5066				4396						6382				5951			4912			4986				2959			5393			1602				1340						2262				2377			2123			1516				1561						1619				2323						1144				1097				901				796			870			749				373			705			584				616						1167				935						926				1062				767				662						1275				1000			1012			3686				3017						4721				2831				4958				4297			3486			4581				3411			5180			10346				10424						8783				14188			13207			10101				7341						7787				10646			11964			10610				9974						8263				10833						6945				9072						9678				8378	
71.95				3702				3581						1904				1724						2512				2919				2597				2728		2999				2587				2937				2640				1048		3879				3293				3204						1619				2562						569				815						754				657				780				251		563				736				849				3096				4270						2853				3394		3552				3706				3629						2334				3293						1032				1019		711				1317				1549						845				641		555				1110				1209		1239				507				733				692				652						215				417						432				484		506				480				370		523				592				891				473				475		495				596				619						1752				1490		2946				3593				1429				1197				1678						2251				3270						3851				6247		4058				6154				1567						5037				6741		2979				6690				6271						5898				6160		7541				5391				5373		5436				5518				4316		5221				3894				5193
73.77	2102				1836				2824		3359				2729				1811		1425				1479				2182				1593						1171				1584				3155				2142						2211				1951				3170		1574				1254				2533		377				426				757		215				287				363				360						470				345				2394				2246				2986		2523				2679						1542				1964				2119		1351				1363				2038		1365				1058						1506				2201				2083		485				746						1374				1170						538				623				271				282				307		300				200				212		284				376						400				747						449				662				407				514						546				582				672		1537				2301						2562				1719				2381				2093				1905		1294				1450				1316		3276				3467						2916				4469				4783		3706				2174						2289				4146				3921		804				2215						1180				2088						3143				2716						3472				3355			
73.83		2307				1256						4132				1207						1128				1394				2073				3060			1981			2793				3238				1401				1420			2161			3046				1211						1927				2074						207				421						233				234				676				256			196			410				508				3077				978						4549				1144			3244			2796				1991						1894				1788						890				496			619			1506				1494						319				279			465			864				2043			1297			477				509				442				168						136				315						353				278			165			527				200			335			566				341				247				347			384			311				148						3458				966			3707			4201				1742				1071				2367						1559				1708						4621				3478			5027			4285				2958						7174				4321			3334			8684				5554						1349				2171			2935			4004				3004			3889			4349				1861			3498			2303				2467		
73.89			1468				1189			943			4078				3437			2712			1046				1779				2233				1126						1869				862				4077				2344						2199				737			2607			2270				1576			1327			152				299			372			301				242				422				205						509				274				1340				2087			3086			1810				3497						2821				2759			2273			2284				1582			2184			1438				1021						933				1458			1280			411				406						888				450						298				370				240				160			255			283				563			127			233				191						237				382						354				419				244				325						539				296			486			1692				2290						2191				2615				2949				984			3253			1217				1518			900			4034				5537						4465				1160			6447			4501				1369						2979				4933			7343			918				2013						1996				1656						1817				2729						3886				3560	
73.95				1377				1080						1220				751						1086				1177				1257				2297		1755				1387				2261				778				870		2323				1272				1083						852				1450						154				585						195				362				495				235		191				288				395				2333				969						2506				797		3441				1613				1843						1641				2206						704				412		433				1467				1584						176				186		187				771				1176		442				232				353				291				172						388				196						219				260		122				356				136		232				260				178				149				217		429				221				101						1559				842		2633				3164				3499				1040				2707						1090				2270						3246				1779		3209				3977				1319						2859				2116		2899				4857				5165						935				2100		2545				1948				1024		2458				1570				1216		1639				1372				2561
75.77	2947				2882				3533		4598				4280				3275		2726				2796				3934				2919						2377				2961				4766				4751						4493				4179				5759		2788				2569				5485		427				616				1013		348				432				471				492						589				505				5246				5500				5867		6086				5724						3552				4508				6196		3094				3379				4923		3376				3266						4733				7900				6672		866				1299						4074				4121						788				671				322				377				319		381				200				219		406				414						471				888						613				715				504				524						478				604				605		3560				5741						5234				4284				4815				5964				4878		2984				2784				3484		3686				3829						2837				4796				5222		3621				2646						2435				4494				4336		761				1846						1025				2204						2700				2837						2486				2980			
75.83		3464				1683						5408				1590						1821				2165				3531				5169			3341			4983				5346				2283				2093			3942			4005				1950						3803				3591						284				517						289				295				1000				395			257			631				822				5701				1376						6007				1741			5862			5346				4625						3000				2660						2462				945			1697			5329				4246						425				470			908			2528				5000			3109			580				711				520				218						220				381						418				339			174			735				184			448			821				411				312				555			473			417				159						6813				1969			8559			7097				3748				2030				5300						2990				3035						5066				3108			5492			4105				2829						6597				4672			4253			8428				5820						1228				1898			2623			3462				2711			3565			3413				1757			2703			2176				2362		
75.89			2206				1876			1367			5517				4601			5013			1666				3406				4865				2170						3760				1325				5740				5566						4611				1015			3982			4202				2530			1840			212				483			573			521				325				724				266						730				458				1978				3179			5501			2994				6568						4551				4830			5036			3980				3374			4208			3129				3661						3885				5700			4739			784				565						3921				998						336				472				296				202			365			334				581			140			317				280						388				608						635				630				270				418						526				420			557			3815				5770						3690				6736				6069				1932			7806			2278				3531			1554			3931				4960						4024				1282			5752			4347				1390						2925				4644			6735			778				1535						1773				1448						1407				2402						3059				3484	
75.95				2250				1756						2253				1315						2168				2379				2855				4298		3134				3091				5166				1797				2352		4952				2308				2037						2071				2857						174				1129						282				676				692				487		263				512				731				4915				1549						3995				1331		6970				4092				4601						3121				4672						2725				1217		1740				5248				5383						288				370		361				3188				3566		1171				373				532				391				275						984				314						240				332		104				569				146		299				464				271				269				289		720				339				115						4010				2532		6380				7741				7865				3488				6987						2577				5509						3818				2108		4040				4289				1832						3044				2654		4174				5666				5582						772				2005		2341				1655				995		2577				1581				1359		1755				1572				2839
77.77	6037				5846				7272		8884				9046				6426		5963				5561				8177				6239						5141				6644				9247				10362						8510				7956				10828		6115				5631				11917		877				1027				1718		601				749				795				833						1027				948				17793				16665				19504		16656				15919						9005				13765				20115		10310				11056				16001		6770				7334						11246				18112				15161		1806				2459						9893				8970						1319				1148				534				535				483		516				365				305		533				573						967				1581						1022				1279				706				844						745				939				952		8840				13539						11970				11054				12086				14134				11435		9229				10911				10147		10892				11501						8700				14104				13977		10124				7045						6464				12647				12088		1879				5168						2761				6416						7872				8238						5069				7078			
77.83		6012				2864						8768				2902						3650				3810				7076				9271			6027			10344				10619				4482				3474			7501			6003				3516						8556				7154						491				1147						535				514				1627				770			459			1131				1532				14641				2924						11855				3820			14317			14876				12212						7442				6036						5096				2071			3672			12707				9553						733				942			1673			5305				9374			7120			1008				1148				740				365						257				498						579				474			276			1333				402			801			1195				733				507				923			865			662				229						13550				4341			16970			13048				6820				3831				11909						8757				8188						11129				6306			11321			9043				5176						11768				11469			7434			17208				11822						2604				3490			5399			5876				6207			7559			5662				3501			6130			4792				4683		
77.89			3554				3003			2374			8679				7817			9611			3602				6203				9313				4338						7354				1951				9387				10474						7900				1720			6528			8357				5209			3122			363				751			1055			893				683				1330				418						1256				659				4558				7998			13800			7291				15038						10728				10909			13732			10190				8529			12262			6219				7623						8749				12681			10407			1573				949						8439				2363						577				795				460				368			559			461				865			189			478				453						644				983						1151				1039				500				716						694				681			846			7929				12292						6291				14568				11348				4299			17288			6069				10040			3550			10041				11206						8943				2417			10478			9471				2837						7024				10006			13586			1479				3976						4161				3212						3193				5926						5295				7479	
77.95				4436				3230						4417				2779						5140				4875				6127				7791		6301				6472				9807				4041				5329		10028				4155				4086						4523				6224						301				1966						559				1246				1205				1010		493				922				1334				12108				4119						8704				3208		16493				12238				13595						7240				11858						5785				2482		4521				11334				12165						457				597		611				6510				6638		2502				672				960				571				498						2158				443						444				533		192				1090				277		594				745				520				487				480		1279				508				206						8166				6167		13511				15268				13137				8548				13885						8163				14535						10476				4475		9342				9908				4863						7069				7305		8609				12818				12487						2647				5836		6451				4517				3121		6587				4107				3887		4943				3572				7847
79.77	7833				7915				10092		13003				13686				10006		8739				8015				11903				9114						7664				10380				13268				15521						12804				12042				16653		9640				8616				17622		1563				1936				2762		973				1275				1039				1415						1723				1557				26301				26423				32194		25140				24949						12644				19232				31727		14847				16521				24667		8181				8296						12007				20309				17582		1994				2907						10318				10189						2136				2020				861				962				845		773				504				521		805				871						1525				2354						1712				2086				1225				1353						1142				1489				1559		11053				18170						15287				15066				15188				18591				16409		12833				15465				14501		22808				25812						18384				29027				30473		21601				14078						12918				25847				25269		3367				13816						7629				15476						20631				19634						12579				17465			
79.83		8324				3561						11094				3763						4937				5083				9341				13530			8312			14677				14545				6251				4660			11098			8204				5651						12878				10353						776				1872						1056				862				2336				1288			696			2015				2506				20027				4243						16846				5745			21139			21722				17950						10829				9204						5757				2174			3845			13866				10892						828				1166			2029			5851				10357			7877			1616				1877				1060				664						366				723						848				659			354			2118				709			1302			1859				1079				773				1488			1294			993				328						16892				5640			21751			15622				8920				4788				15364						12578				12121						20428				9418			20065			16288				7331						19291				21179			11382			31033				21185						5018				6078			11401			11750				13326			18161			11351				7573			12289			11436				8882		
79.89			4546				3528			2822			11549				10559			13932			4935				8135				12734				5874						10016				2706				12104				14498						10967				2566			9202			11324				7005			3688			527				1200			1648			1494				1079				1990				826						2089				1010				6579				11654			20780			11323				22121						15534				15231			19861			14408				12235			16776			7074				8765						9036				13761			11459			1672				1057						8713				2628						887				1130				736				551			849			618				839			270			808				754						1009				1416						1709				1488				754				1008						1106				992			1295			9682				15505						7183				18991				13044				5631			22091			8116				14174			4929			17277				21559						15550				3773			17618			16878				4544						13546				17852			25148			2543				8585						9909				4765						7079				11635						9829				16007	
79.95				5598				4070						6554				3928						7754				7027				8356				10828		9005				8757				13854				5954				8192		14496				5933				6329						6862				9548						453				2829						899				1918				1763				1550		855				1462				2242				17849				6874						13163				5234		25202				19561				19837						11368				17834						5822				2369		4572				12116				14154						499				678		791				7271				7550		3117				970				1574				866				824						3174				693						664				766		290				1612				573		821				1164				798				760				888		1900				848				276						10394				7324		16945				18937				15837				10500				16730						12549				21751						20697				7184		17788				17225				9725						12987				12100		13304				24310				23666						5329				12790		14896				11272				6071		14077				9629				8934		10920				7172				17633
81.77	8943				8828				12068		15619				16712				12181		10655				9931				14664				10920						9354				12734				15559				19140						16600				15895				22501		12112				10411				21507		2252				2726				4136		1478				1863				1433				1970						2526				2198				29406				29897				37446		29653				28705						14095				20440				35163		16622				18958				27468		7058				6915						9322				16225				14656		2041				3071						8041				8232						2946				2997				1274				1385				1184		1072				571				723		1172				1372						2126				3322						2450				3052				1746				2123						1731				2206				2497		11724				19141						15133				16031				14809				20066				17614		12971				16217				15726		32030				37676						25732				40561				43736		30910				20015						18695				37050				37000		4902				21011						11236				22960						32245				29458						18096				26832			
81.83		8835				4172						12619				4606						6271				6003				10630				16157			9918			17294				18311				7739				5255			13613			9870				7348						15815				12456						1049				2490						1488				1099				3369				1837			979			2743				3578				20735				5048						18520				6871			24142			23951				20128						12756				10859						5167				1768			3314			11399				9150						858				1306			2140			5022				8764			6709			2289				2707				1489				845						507				969						1251				935			495			3020				972			1906			2556				1539				1217				2157			1706			1520				495						17887				5720			22083			15581				9831				4614				16020						13245				14230						27724				12914			28292			21870				9571						23964				28091			15042			42025				29018						6583				8098			16258			16432				19691			29749			15534				10187			16693			16817				12591		
81.89			5136				3901			3449			13119				11957			16549			5475				9159				14660				6609						11083				3218				13113				16721						13828				3446			12145			13024				7953			3965			776				1492			2168			1969				1617				2835				1129						2940				1396				7455				12740			22834			14842				25616						17649				16275			20084			15657				13569			17787			6156				7483						7093				11209			8819			1786				1128						6758				2140						1277				1558				1044				802			1010			849				1247			416			1076				841						1159				1899						2354				1980				969				1467						1514				1415			1980			9189				16090						6960				19152				12201				5775			21743			8519				15381			5217			22289				28654						20389				4708			24065			22496				6106						18794				24180			33376			2967				12370						13568				6367						11440				16732						13534				23810	
81.95				6468				4540						7687				4668						9189				8277				9501				13039		10619				10362				16154				7354				10173		18348				7536				8956						8324				11654						616				3886						1159				2634				2426				2212		1185				2088				3320				20370				8795						15961				6496		29323				21733				21684						14016				19270						4586				1826		3423				9938				11769						553				704		780				5873				6444		2861				1609				2350				1319				1285						3994				900						912				1111		413				2248				681		1243				1639				1262				1067				1284		2626				1238				457						10434				6723		16629				18848				15656				9823				16525						13428				24165						29713				10082		24459				23296				14472						17463				16169		18327				33457				32729						6951				17455		21466				15748				8562		20311				13632				12567		15405				10383				25676
83.77	9259				9755				12988		16373				17577				13883		11049				10990				15896				12121						10205				14534				16676				20510						18781				18408				26554		13410				11100				22760		2796				3256				4891		1833				2431				1839				2610						3136				2756				24661				25974				32800		27417				26287						13080				16575				29437		14141				16869				23408		5611				5332						6613				12032				10704		2299				3502						6058				5768						3817				3835				1541				1796				1450		1292				595				970		1542				1677						2716				4117						3140				3669				2552				2724						2275				2918				3088		10755				18098						13146				14517				12322				17525				15774		10910				13607				12769		38295				45581						30677				48034				51232		36188				24051						22736				43736				45903		6513				26489						14390				29692						39779				36752						21166				35451			
83.83		9224				5004						12946				5257						7082				6734				11336				18057			10939			18380				19875				8600				5971			15121			10643				9124						17220				13620						1388				3180						1945				1356				4470				2203			1291			3773				4601				17761				4795						16786				6573			22635			20394				17068						12398				10909						3831				1353			2700			8881				7254						936				1698			2357			4044				6949			5509			3052				3304				1827				1114						676				1326						1440				1209			596			4102				1240			2689			2981				1930				1521				2734			2211			1992				638						16021				5073			19758			14132				9333				3950				14539						11043				12869						33020				15976			33268			24520				11448						25870				32320			17994			49319				35037						8098				9977			19781			18547				24773			36901			17225				12483			19490			20105				16151		
83.89			5200				4022			3662			13284				12354			17676			5671				9484				15067				7034						11556				3199				13401				17276						15383				3832			14006			13497				8642			4097			1141				1811			2463			2274				1932				3451				1369						3507				1567				6507				10849			20394			14846				24239						16661				14069			16886			13517				12472			14995			4909				5611						5245				8361			6393			2019				1129						4708				1806						1566				1787				1231				974			1216			1165				1573			452			1456				1100						1614				2290						2939				2333				1368				1779						2114				1687			2553			8119				14346						5819				16754				10540				4853			18563			7283				12781			4224			25170				32377						22743				4873			28031			25804				7184						22257				27938			36154			3157				14894						16240				7355						14576				20094						15084				29050	
83.95				6748				4609						8172				4938						9669				8752				9877				14214		11186				10571				17278				7671				10858		19755				8559				10611						9143				11715						631				4589						1426				3315				3225				2499		1387				2629				4167				17702				8752						15147				6526		26370				18528				17831						13446				16053						3095				1177		2257				7362				8830						658				768		793				4376				5185		2248				2003				2866				1588				1665						4367				1255						1196				1484		488				2686				821		1680				1998				1563				1358				1625		3198				1486				535						9302				5566		14120				16307				13792				8208				13745						9813				21295						35156				10981		28015				26215				16983						19638				18758		21985				39191				36705						8382				20866		25115				19140				10643		23788				15805				15384		18723				12506				31472
85.77	11936				11094				10555		16241				15361				9778		13271				12497				12580				12431						9987				12604				17583				18230						11705				15195				18107		11984				13740				16621		2169				2835				2999		1677				1944				1558				2079						3187				2339				19812				16748				19430		16908				16719						12949				17155				17769		14155				15507				15968		5661				4744						6543				7165				5467		2722				3414						5134				4004						2306				2457				2118				2073				2361		1653				338				1250		1102				1192						2320				2671						2145				2470				2092				1806						2343				2330				2130		11264				14049						13050				10670				13009				11926				9475		10736				9940				8982		28625				27514						27534				37525				33490		28821				20147						20876				28378				27298		11079				21352						16988				20912						31019				28575						20662				23153			
85.83		11191				10446						16782				10824						12988				13330				17235				14075			11418			19317				17699				19606				21302			13521			15256				18504						18833				16906						4193				2582						3322				1867				3414				1963			2483			4160				3131				20233				10926						16140				17045			18908			20543				17120						12942				19660						7592				5482			6018			7940				6935						3766				3586			2870			6114				8400			6806			3257				2316				2678				1767						1345				803						1736				885			2206			3712				3558			2804			3812				1764				1998				1858			1818			2457				2551						16466				15958			14301			15194				9978				13826				13558						14486				10677						24934				29074			23632			27613				24170						23739				27785			13501			30959				25544						21140				21402			19140			21862				19377			23601			19466				19924			28278			21400				16317		
85.89			7812				8112			6989			12675				12188			11880			9050				13723				12225				9996						14751				11351				13100				14086						11245				13077			16790			16484				14176			14044			2169				2611			3415			2808				2457				1995				1608						3501				2886				14070				16567			16396			14701				16095						16689				13880			15173			15598				12133			16541			5082				5034						6623				7418			6774			3209				3195						4972				5500						2775				2687				2305				2090			2458			1468				946			1561			1506				1660						2810				2245						2568				2636				1693				1640						2327				2408			2330			11362				11734						8949				11237				10994				11290			12191			11710				11518			11464			25935				24899						23943				18257			24777			26390				16433						22409				25098			26074			14554				18763						21707				21428						18508				22793						16493				21654	
85.95				7910				6663						7193				6084						7791				8759				8485				7860		8587				9438				9792				10299				4800		12624				10449				10816						6215				8791						2160				2534						2438				1998				1765				1226		2120				2324				2394				14256				11695						12772				12102		16278				14131				13517						9782				13586						3590				3493		2771				4801				5536						2030				2046		1735				4077				4185		3392				1502				1960				1897				1985						1680				967						1211				1246		1691				1623				1342		1326				1747				2024				1212				1498		1760				1664				1665						6421				5494		9418				12402				7474				5477				8281						6956				12003						18296				21745		17870				22065				11423						18527				23514		13506				22786				22137						15138				17064		17253				16407				17409		17918				16488				14679		16562				12831				17068
87.77	10957				9704				9137		11325				10151				6286		8811				8584				8430				8718						6164				7887				13390				11932						8218				10783				12722		7635				8838				10227		1620				2083				2287		1196				1402				1072				1474						2505				1723				14302				10899				13907		11057				10882						8301				12763				12018		9828				10539				10781		3842				3552						4502				4981				3932		2157				2554						3808				2903						1730				1776				1597				1456				1822		1202				252				987		902				1032						1721				1892						1562				1766				1587				1252						1840				1859				1736		7228				9011						9888				6503				9610				7277				5971		7458				6998				6139		21934				20445						21527				28797				25880		22893				14773						16465				21382				19884		7953				16489						11052				13012						21541				19040						16688				16001			
87.83		9873				10210						13881				7162						9063				9493				13076				10112			8342			12620				12836				13210				18001			8645			13589				13839						13169				11806						3093				1826						2601				1328				2482				1536			2065			3185				2202				15993				8179						14376				14545			14178			17239				13274						10283				15404						5751				4180			4916			5761				4925						3273				2955			2266			4525				6574			5143			2271				1646				2267				1248						1035				629						1385				648			1618			2729				2633			2005			2962				1347				1407				1423			1323			1718				1952						12412				11924			9943			12237				6532				11167				9183						11634				7494						19884				22907			19503			23039				18387						21766				21844			9903			25236				21040						18933				21874			15802			17774				12496			16973			17729				14938			23381			14845				11404		
87.89			7428				7762			6726			10061				9579			7922			6615				10663				8262				7372						11007				9067				11771				9645						7707				10179			13633			11903				10545			10864			1509				1909			2482			2040				1892				1486				1102						2693				2142				12761				13655			13311			11514				12231						13136				11974			12289			12621				9032			13545			3695				3398						4713				5505			5027			2726				2641						3796				4100						2082				1984				1761				1665			1767			1205				684			1157			1114				1300						2203				1617						1840				2149				1316				1292						1933				1838			1805			8474				8042						8607				7474				9622				9044			8866			9026				7979			9123			21756				21783						20521				19458			20900			22822				11721						18312				20770			23593			16905				16547						16333				17961						13457				17359						15235				15887	
87.95				6783				6473						4777				4571						5742				6671				6123				5523		6481				6527				7085				6981				3445		8387				7466				7341						4118				6207						1549				1816						1763				1466				1403				864		1598				1644				1752				11370				9015						10116				9670		12292				11183				10732						6661				10518						2574				2750		1986				3610				3954						1761				1576		1477				3025				3107		2349				1164				1365				1531				1470						1030				697						831				895		1309				1215				954		966				1305				1600				987				1087		1314				1351				1287						4612				4020		6692				9138				4950				3802				5601						5320				8601						13620				16880		14666				19199				8713						16339				17876		9817				19026				18905						13553				13642		14984				11806				13238		12376				12825				10668		12850				8635				11657
89.77	9518				8272				7673		9164				8200				4544		6738				6539				6040				6655						4461				5792				10546				8455						5430				7524				9773		5725				6678				7729		1326				1597				1751		937				1164				698				1155						2126				1355				11427				8217				10621		8573				8085						6241				9780				9212		7273				7869				8307		2914				2629						3427				3802				2952		1886				2344						3001				2232						1333				1354				1329				1291				1477		1022				192				766		690				812						1336				1635						1302				1495				1307				1190						1577				1442				1422		5241				6507						7855				4736				7442				5301				4091		5876				5450				4771		16220				14350						16438				22618				20335		16913				10383						11800				15240				14293		6579				14755						8352				9809						17804				15337						13644				12491			
89.83		8923				9178						11999				5722						7368				7791				10907				7881			6716			10152				10749				10078				15097			6397			12077				11482						10430				9268						2545				1548						2125				1099				2179				1218			1638			2618				1750				13222				6618						12492				12152			11053			14064				10792						8249				13010						4308				3132			3914			4523				4023						2835				2491			1951			3627				5241			4143			1799				1392				1935				990						786				517						1134				527			1275			2285				2162			1677			2435				1119				1229				1241			1206			1456				1585						9726				9734			7385			10122				4589				8759				7247						9463				5918						15190				20465			15179			19821				16017						20456				17303			7001			21560				16948						16868				20166			15168			15981				10333			13853			17095				12021			20537			12071				9040		
89.89			6279				6717			6032			8441				7952			6142			5384				8788				6620				5806						8990				7391				10210				7378						5501				8708			12188			10009				8702			8802			1266				1516			1979			1629				1484				1130				935						2278				1682				10683				11516			10895			9586				9755						10520				10167			9787			10127				6939			10847			2873				2604						3885				4182			3801			2210				2159						2962				3179						1758				1584				1556				1301			1527			1087				558			985			884				966						1594				1414						1480				1620				1019				1022						1686				1576			1556			6494				6104						7494				5567				7598				7126			6914			7214				6603			7414			18837				19212						17163				20375			19359			18920				9774						14167				17640			20650			15275				15972						14444				15457						10999				15317						13977				13434	
89.95				5729				5044						3510				3413						4455				5218				4892				4429		5045				4722				5617				5437				2556		6483				5973				6129						3004				4939						1228				1413						1393				1186				1139				649		1160				1287				1541				8390				7223						7947				7499		9347				8857				8350						5044				8068						1942				1977		1548				2692				3006						1350				1261		1199				2243				2360		1831				941				1169				1149				1122						773				593						701				752		988				878				753		839				1004				1211				743				800		1078				1056				1025						3558				2963		5041				7070				3535				2758				3963						4100				6755						10105				13147		11147				15904				5767						12928				13843		6673				15316				15512						10942				11650		13073				9678				10478		10302				10943				8264		10431				6676				9627
91.77	7749				6835				6332		7625				6926				3579		5457				5131				4997				5153						3643				4497				8395				6748						4087				6040				7969		4612				5248				6025		1137				1493				1492		776				940				621				1063						1813				1102				9093				6497				8477		6461				6380						5165				8009				6952		5854				6196				6422		2389				2177						2856				3366				2333		1531				1838						2380				1854						1192				1242				1138				1056				1272		921				124				674		646				703						1154				1345						1047				1312				1091				945						1256				1229				1189		4151				5092						6244				3652				6085				4174				3151		4728				4369				3723		12801				11421						12532				18953				16153		12860				8029						9378				11881				11655		5374				12191						6581				7782						14224				12209						11571				9943			
91.83		7831				8040						9604				4794						6259				6516				9418				6751			5720			8394				9181				8560				12732			4921			10323				9748						8687				7506						2182				1309						1793				947				1770				1048			1283			2162				1542				10419				5257						10378				9711			8733			10850				8785						6810				10642						3461				2603			3196			3603				3188						2326				2184			1795			3043				4180			3546			1642				1204				1754				837						680				428						1033				478			1002			1974				1834			1528			2066				954				1039				1009			998			1335				1327						7872				7937			5956			8532				3449				7305				5613						8037				4659						11549				17353			11919			17047				13363						18283				13857			5189			17531				13759						13873				16501			13598			13520				8710			11690			14330				10277			17257			9889				7824		
91.89			5514				5522			5268			7071				6674			5124			4312				7240				5293				4851						7189				6073				8493				5575						4273				7383			10411			8004				6982			7235			1014				1297			1749			1409				1222				939				804						1907				1511				8623				9316			8965			7518				7574						8609				8442			7681			8287				5189			8615			2271				1973						2926				3492			3032			1843				1870						2404				2703						1364				1457				1258				1168			1367			866				468			799			747				876						1429				1120						1238				1333				880				988						1422				1370			1412			5169				4590						6138				4365				6184				5669			5278			6092				5459			6126			15397				16178						14224				17711			17312			16161				7998						11985				14952			17380			12355				13566						11748				12376						9265				12858						11800				11427	
91.95				4708				4154						2872				2785						3568				4096				3792				3744		4143				3784				4137				4212				2067		5540				4981				5180						2523				3823						1001				1233						1110				958				989				547		1058				1004				1156				6240				5648						6092				6036		6823				6914				6460						4164				6119						1661				1522		1279				2034				2236						1112				985		903				1699				1897		1522				796				981				1002				903						585				549						614				659		786				758				600		717				898				959				632				694		798				835				807						2746				2265		4127				5451				2392				2062				3025						3411				5432						7986				10252		8291				12654				3899						10109				10719		5210				11950				11917						8632				9221		10673				8014				7944		8613				8445				6521		8326				5505				7973
93.77	6727				5803				5537		6391				5580				3013		4305				4374				4164				4351						2958				3989				7317				5166						3550				4957				6887		3725				4382				5180		949				1264				1358		734				769				521				858						1649				985				7103				5239				6805		5066				5033						4368				6618				5601		4645				4835				5219		2082				1777						2424				2716				1977		1356				1820						2041				1434						973				1126				1066				841				1107		777				132				540		557				576						1004				1146						926				1074				1012				753						1244				1128				1131		3358				4131						5462				3009				5270				3325				2657		3935				3691				3259		10368				9196						10416				15949				13379		10362				6346						7517				9317				9683		4586				10254						5570				6343						11994				10044						9682				8402			
93.83		6676				7034						8243				4103						5534				5525				7503				5836			4971			7127				7861				7324				10187			4000			8756				8485						7415				6400						1786				1244						1623				881				1659				888			1118			1807				1364				8556				4356						8517				8013			7256			8852				6888						5561				8904						2886				2134			2669			2950				2699						1971				1875			1545			2587				3514			3094			1388				1089				1608				832						667				435						896				404			944			1584				1487			1263			1830				820				896				934			897			1093				1131						6805				6678			4661			6985				2890				6121				4649						6949				3883						9321				14923			9160			14334				11752						16085				10883			4171			14440				11033						11962				13866			11699			11622				7417			9825			12161				8731			14442			8468				6543		
93.89			4605				4920			4535			6168				5679			4330			3693				5934				4559				4077						6111				4992				7243				4221						3515				6354			8940			6574				5790			6260			895				1094			1454			1132				1001				888				675						1665				1226				7229				7881			7063			6590				5951						7745				6915			6224			6518				4217			7023			1868				1605						2484				2947			2504			1645				1585						2042				2253						1199				1159				1093				964			1007			810				400			613			664				705						1226				973						1073				1189				804				835						1329				1193			1130			4390				3688						5141				3537				5199				4847			4308			5031				4410			5203			12758				13485						11619				15055			14588			12907				6790						9661				12275			14583			10509				11211						9816				10547						7951				10640						10126				9965	
93.95				3987				3442						2283				2184						2966				3339				3055				3087		3685				3192				3565				3203				1566		4637				4188				4153						2155				3204						777				1008						1016				769				833				395		841				816				964				4820				4622						4595				4784		5233				5238				5002						3516				5010						1310				1239		1031				1690				1868						946				742		848				1439				1557		1185				673				845				838				817						501				510						575				577		645				599				475		584				657				843				490				566		626				748				700						2202				1870		3292				4296				1962				1698				2313						3011				4452						6020				8153		6312				9649				2847						7667				8425		3911				9264				9241						6928				7694		9137				6596				6693		7261				6915				5464		7127				4570				6442
95.77	6026				5169				4931		5722				4657				2440		3825				3775				3729				3506						2506				3214				6507				4322						3070				4278				6070		3288				3736				4272		921				1017				1173		575				637				457				778						1533				784				5687				4103				5499		4280				4271						3746				5798				4465		3709				3855				4202		1793				1507						1969				2212				1869		1185				1560						1755				1283						889				938				915				736				918		667				93				547		466				466						890				1054						858				993				775				729						1037				963				935		2877				3597						4862				2596				4746				2798				2238		3293				3321				2856		8438				7689						8649				12831				11035		8201				5218						6098				7657				8146		3904				8612						4709				5497						10319				8720						8605				7431			
95.83		5842				6116						6950				3558						4883				4628				6514				5049			4330			6106				6721				6242				8491			3407			7450				7489						6417				5491						1530				956						1383				648				1478				777			987			1614				1259				6879				4047						7201				6751			6010			7156				5606						4677				7329						2466				1848			2229			2606				2191						1663				1533			1398			2154				2985			2689			1299				981				1374				642						546				345						767				389			799			1479				1314			1152			1666				707				845				810			790			1030				971						5996				5918			3806			6366				2460				5171				3833						5501				3370						7242				12290			7156			11293				10145						12679				8747			3644			11381				9104						10152				12155			10400			10359				6513			8539			10346				7345			12187			7253				5722		
95.89			3986				4211			3863			5478				4812			3805			3210				4965				3851				3370						5194				4382				6402				3592						2924				5300			7583			5267				4805			5190			845				941			1165			1026				931				719				580						1446				1064				6160				6298			5675			5321				4651						6520				5801			5101			5316				3382			5666			1604				1404						2141				2422			2087			1473				1401						1703				2039						1098				1041				1002				826			855			674				309			622			606				676						1043				819						910				1003				665				715						1210				1063			1065			3571				2987						4394				2875				4778				4048			3508			4396				3713			4397			10724				10764						9187				11894			12189			10542				5240						8389				10093			12044			8899				9587						8171				9124						6561				8992						9055				8444	
95.95				3420				2890						2051				1856						2386				2594				2560				2693		2940				2742				3063				2657				1224		3814				3517				3604						1856				2699						693				813						767				598				707				333		635				765				899				3848				3868						3560				3827		4160				4161				3952						3061				3781						1099				947		833				1327				1670						918				641		634				1148				1215		1117				625				692				738				637						375				407						438				526		548				508				429		470				607				695				423				491		528				639				607						1975				1522		2773				3809				1551				1414				1908						2409				3873						4706				6776		4717				7283				2098						5975				6777		3389				7145				7297						5696				6526		7795				5356				5351		6137				5531				4489		5438				3832				5572
97.77	2099				1551				2978		3732				3203				2026		1633				1793				2477				1768						1431				2031				3660				2537						2535				2139				3260		1997				1591				2696		400				426				623		347				313				285				438						481				344				2490				2615				3378		3125				3217						1752				2273				2339		1737				1627				2468		1515				1035						1241				1934				2497		443				581						1156				1061						481				537				312				294				287		405				245				180		327				359						358				623						396				609				421				460						507				518				604		1958				2627						2976				1906				2678				2427				2199		1510				1660				1511		4505				4842						4055				6018				6416		4727				2966						2900				5472				5154		978				2510						1450				2551						3544				3279						3849				3894			
97.83		2279				1375						4362				1287						1394				1384				2240				3159			2254			3204				4154				1631				1361			2444			3440				1552						2574				2207						300				456						221				289				842				300			260			448				514				3813				1231						5607				1322			4038			3107				2504						3395				1997						970				534			874			1655				1420						364				332			540			950				1983			1370			441				571				511				257						186				385						360				297			171			591				198			384			763				418				306				394			417			372				156						4358				982			4242			4330				2002				1101				2831						1936				2103						6130				3796			6351			5776				2702						8841				5215			3889			10517				7020						1548				2030			3056			4734				3165			4282			4474				1991			3011			2694				2517		
97.89			1610				1104			1202			4492				3572			2847			1099				1806				2376				1220						1904				895				4459				2696						2210				683			2164			2363				1529			1102			225				309			370			390				281				506				252						589				262				1433				2131			3653			2650				4591						3319				3361			2521			2661				2170			2362			1539				1205						972				1460			1315			405				351						923				456						280				348				286				222			222			319				531			166			203				174						204				391						338				353				284				422						511				339			438			1924				2910						2451				3056				3411				1168			3921			1333				1678			834			4787				6902						5662				983			6165			5805				1449						3586				5315			9232			642				1935						2245				1587						2260				2674						4217				3817	
97.95				1240				1041						1368				841						1139				1246				1253				2625		1829				1562				2450				1023				1086		3439				1377				1401						1338				1349						137				685						200				419				540				281		207				339				469				2646				1209						2880				960		4285				2226				2126						2654				2526						789				408		585				1634				1715						153				179		243				960				1354		524				244				374				321				289						460				241						224				288		167				360				136		285				330				240				209				241		377				209				136						2052				973		2631				3629				4035				1182				3377						1245				2809						4141				2273		3989				4873				1978						3678				2728		4269				6310				6252						1034				2201		2933				2271				1217		2846				1814				1475		1768				1396				3031
99.77	3056				2713				3637		5048				4694				3502		2844				2897				4285				3171						2557				3385				5125				5117						4751				4040				5272		3313				2829				5630		522				551				853		439				498				559				594						684				513				4812				5439				5677		6567				6200						3677				4264				5804		3278				3272				4888		3448				3212						4492				6983				6987		841				1103						3877				3909						681				703				344				389				333		365				299				208		376				352						523				832						572				693				465				450						517				538				558		4325				6227						5825				4877				5069				6471				5296		2942				3417				3614		4327				4750						3779				5402				5984		4329				3095						3037				5327				5259		1029				2062						1171				2480						2885				2918						2990				3393			
99.83		3346				1880						5574				1832						2577				2065				3444				5276			3427			5468				5860				2331				1833			4361			4290				2307						4486				3957						356				722						295				338				1152				517			308			648				892				5317				1653						6568				1723			6251			5124				4416						4255				2691						2314				1116			1865			4860				3969						459				460			972			2518				4346			3303			561				691				574				359						255				401						432				358			221			766				277			532			954				552				329				542			506			454				165						7421				1668			8599			7006				4259				1903				5793						3348				3384						6125				3258			6494			5163				2550						7558				5285			4321			9158				6624						1271				2016			2814			3775				2769			3949			3707				1728			2562			2469				2379		
99.89			2143				1628			1534			5883				4798			5278			1959				3026				4556				2331						3461				1223				5938				5291						4538				1078			3483			4158				2618			1666			277				457			542			540				452				821				365						813				398				1510				2982			5043			4146				7034						4962				4724			4386			4076				3424			4070			3318				3691						3514				4971			4159			672				530						3479				865						341				465				326				238			306			285				606			156			317				227						355				577						582				627				435				418						561				357			519			3818				6504						3764				7447				5903				2156			7689			2291				3379			1409			4368				5868						4837				1048			5449			5347				1494						3331				4772			7719			693				1608						1940				1428						1767				2333						3500				3629	
99.95				2079				1522						2460				1403						2320				2475				2677				4348		3016				3045				4973				2085				2534		5918				2416				2513						2629				2848						157				1144						325				695				804				462		329				493				800				4270				1736						3593				1494		6495				4186				4207						4035				3995						2426				1240		2274				5317				5360						240				365		477				3075				3414		1218				452				568				404				338						1086				232						307				339		129				665				168		440				471				296				276				309		685				314				130						4546				2952		6023				8303				8471				3359				7553						2638				5379						4555				2158		4529				4943				2002						3485				2978		4838				6213				5813						845				1958		2397				1824				979		2669				1650				1383		1630				1507				2980
101.77	5467				4935				6778		8737				8612				6749		5507				5485				8619				6194						4791				7195				9003				10491						8624				7393				9846		7084				6040				11406		964				1035				1718		767				891				887				1036						1122				910				14239				15654				18664		16458				16360						8724				11779				18621		9807				10105				14910		6808				7294						10995				17102				16431		1642				2163						8863				8724						1292				1277				524				597				500		572				323				336		620				509						851				1460						1003				1308				696				815						776				841				956		9328				13917						11494				12189				11038				14392				13394		7922				9697				9340		11260				12355						8927				13477				13982		10813				7486						6769				12753				12786		2399				4824						2959				6181						7134				7570						5174				7451			
101.83		5825				3509						8262				2653						5323				3496				6799				9237			6337			10304				10559				4514				3073			8333			6255				4198						8868				7426						542				1140						480				631				1656				936			507			1122				1512				11095				3218						10765				3497			13855			13146				10895						8679				5331						4516				2460			3417			11248				8521						756				714			1623			5096				8393			6892			1000				1140				811				461						307				574						558				475			294			1439				397			899			1314				889				585				944			836			613				264						12750				3326			15652			11746				7509				3713				11521						8452				8394						11351				6225			11578			9200				4397						11224				10909			7636			16069				11879						2462				3508			4880			5779				5801			7791			5435				3314			4673			4899				4419		
101.89			3519				2571			2572			8796				7704			9717			3671				5474				8741				4494						6530				2091				9081				10049						7848				1897			6244			7956				5037			2635			382				708			902			963				790				1392				656						1390				672				3669				6883			12109			8960				13847						10074				9491			10852			8718				7739			10155			5742				7208						7523				11066			8824			1205				993						7223				1858						616				745				494				376			468			459				714			237			529				410						621				953						1089				964				619				741						743				722			821			7475				11851						5947				15283				9820				4647			17178			5525				9077			2885			9362				9991						8473				1845			9654			9664				2701						7176				9405			12770			1316				3324						4015				2599						3903				5118						5272				7004	
101.95				4016				2644						4681				2985						5130				5271				5580				7859		6056				6030				9377				4937				5766		10704				4166				4928						5117				6329						236				1834						594				1159				1261				935		560				925				1429				9111				3423						7132				3136		13859				10595				11299						8048				9315						4770				2612		5324				10550				11844						428				636		929				6401				6691		2566				768				1002				648				554						2491				443						484				542		259				1157				322		714				851				481				431				555		1076				524				224						8813				6876		12785				15571				13522				8103				13855						8062				12850						10860				4251		9462				9294				5241						6875				7138		9056				12876				12035						2439				4836		5530				4441				2482		6201				3945				3640		4479				3524				7542
103.77	7569				7055				9304		12694				13060				10824		8163				8070				12526				8801						7747				11182				12288				15458						13362				11535				15643		10990				8657				16851		1700				1859				2700		1180				1321				1250				1542						1861				1521				21847				24720				31045		26290				26076						13017				18294				29917		15076				16064				23624		8552				8730						11728				19423				18759		1871				2636						9947				10049						2067				1921				889				933				836		686				443				472		866				863						1380				2345						1746				2105				1168				1393						1122				1380				1509		12326				18880						14340				16592				13889				19644				18769		11876				14124				13747		23283				27162						18734				25900				28958		22394				14554						13718				25725				26907		4715				13211						7461				15550						18827				17781						11434				17970			
103.83		7357				4350						10286				3694						7473				4840				8487				13716			8659			14338				14676				6423				4121			12078			7996				6620						13095				10756						939				1870						928				938				2541				1365			727			1847				2349				14996				4724						14534				5172			20545			19617				16362						12337				8588						5302				2639			3625			13041				10614						752				995			2046			6035				9721			7821			1527				1871				1032				690						448				838						805				757			429			2229				619			1504			1818				1375				874				1321			1229			997				347						16079				4496			20292			14557				9871				4682				15385						11983				13534						20211				10111			20336			15711				6417						17440				18816			12220			27210				20877						4638				6057			10397			10991				12380			18695			9993				7125			9383			11261				8649		
103.89			4624				3125			3166			11321				9870			14386			5244				7089				12383				6359						8842				2679				11641				14297						11422				2936			9330			10914				6994			3462			598				1095			1361			1463				1328				2231				1063						2233				959				5464				10440			18479			13948				21042						14976				13604			16158			12697				12027			14367			7057				8533						8483				12751			9828			1501				1204						7805				2504						1009				1021				793				676			708			638				984			329			756				550						945				1465						1626				1569				1093				1168						1147				963			1210			8928				14990						6571				19615				11924				6103			22131			7807				13243			4009			15153				18382						14340				2750			16057			16258				4048						12979				16032			21578			1844				7440						9193				4073						8858				9626						9219				15203	
103.95				5109				3304						6855				4795						7459				7425				7746				11399		8535				8702				13255				7329				9132		15354				5698				7627						7383				9678						348				2712						899				1774				1971				1514		886				1498				2348				14252				5490						11268				5557		21951				16822				17670						12012				14332						5101				2853		5744				12209				13853						521				656		1114				7098				7703		3078				1186				1633				933				851						3774				631						692				774		345				1608				489		1120				1296				786				692				1039		1559				722				389						11340				8742		16991				18869				16115				10132				16714						12385				20625						21686				7300		17376				15444				10531						12398				12551		15010				23231				21592						4828				11244		13089				11000				4777		13117				8794				8735		10224				7259				16655
105.77	8327				7793				11169		14903				15754				13390		9629				10256				15280				10405						9583				13791				15108				18914						18070				14952				20122		13379				10380				20486		2375				2675				3745		1746				2048				1723				2196						2680				2149				25379				28640				37503		31586				31738						15232				19202				34960		16694				19211				27019		7603				7444						9667				16079				15803		1901				2706						7782				8265						3097				2989				1251				1438				1086		1026				584				650		1327				1209						1921				3253						2625				3101				1719				2007						1754				2044				2416		12615				20071						14294				17215				13454				20572				20324		12704				15701				15837		32430				38854						26179				35584				40985		30733				20986						19226				36195				38712		6997				19869						11436				23360						28329				26465						16368				28901			
105.83		8092				4706						11523				4444						9305				5732				9785				16806			10404			16736				17822				7697				4962			15201			9418				8746						15767				12951						1349				2462						1250				1256				3378				1941			1008			2764				3469				16228				5654						16368				6235			23867			22812				18730						14299				10726						4805				2290			3025			11316				9614						825				1195			2230			5339				8603			6837			2209				2559				1460				860						549				1086						1159				993			661			3258				866			2234			2449				1895				1336				2043			1963			1354				436						17122				4624			20934			14680				10941				4371				16302						13068				15627						27363				13534			27575			20344				8690						21004				24491			15710			35951				28582						6227				8026			14792			14945				18446			30448			12923				9990			12257			16336				12552		
105.89			4975				3476			3674			12600				11392			17810			5879				7813				14043				7308						10311				3203				12517				16458						14318				3723			12684			12981				8406			4024			860				1453			1911			1877				1917				2988				1626						3049				1115				6215				12239			21931			17832				25340						17514				14959			17245			14170				13675			15862			6465				7504						6987				11238			8504			1577				1297						6548				2058						1538				1385				1085				995			912			899				1303			415			1105				888						1181				1807						2279				1825				1505				1547						1594				1380			1789			9147				15923						6330				19873				11688				6554			21557			8728				14649			4569			18895				23939						18049				3528			20824			21606				5329						17713				21464			27472			2401				10530						12672				5389						14443				13850						12218				21818	
105.95				6017				3477						8019				5777						8866				8852				8912				13773		10498				9811				15780				9119				11594		18013				7418				10434						8627				11752						530				3664						1337				2523				2567				2198		1412				2150				3358				16826				7332						14127				6991		26047				19602				20171						14802				16649						4140				2064		4094				9915				11725						582				795		1337				5810				6641		2826				1824				2318				1339				1331						4664				980						953				1238		539				2411				714		1560				1639				1205				1049				1510		2358				1247				490						11402				8367		16659				18387				16062				9566				16402						13474				23545						30901				10347		23700				20562				15825						16554				16646		19951				31768				29225						6560				15435		18126				15655				6953		19162				12500				12094		14430				10466				25219
107.77	8724				7781				11659		15054				16289				14467		10135				10599				16396				10827						9989				14590				15202				19702						20239				16707				22860		14108				10849				21348		2829				3212				4563		1997				2442				2048				2677						3306				2374				21603				25241				33013		28863				28982						14253				15926				29177		14597				17292				23298		5899				5279						6696				11209				11122		2036				3051						5758				6012						3806				3595				1487				1733				1459		1356				632				939		1578				1558						2459				3749						3191				3570				2375				2470						2240				2697				3004		10610				17626						12222				15112				11510				17727				17084		10474				12883				12466		36965				44926						29421				39327				44978		34972				24456						22459				40963				45409		8675				23111						13525				28350						33172				31429						18574				35667			
107.83		8366				5239						11340				4583						9786				6036				9987				17757			10963			17032				19179				8642				5096			16489			9472				10201						16620				13624						1644				3105						1640				1584				4127				2405			1156			3673				4350				13768				5494						14952				5791			21774			19204				16553						13313				10444						3838				1650			2191			8332				7284						848				1396			2367			4333				6741			5409			2667				3131				1675				1042						754				1419						1454				1160			697			3995				971			2972			2943				2217				1689				2656			2323			1824				515						15180				4150			18192			12858				10320				3939				14730						10887				13604						31335				15810			31207			22316				10315						21615				26566			18770			39469				32922						7222				9972			17196			16538				22812			36048			14102				11849			13664			19640				15393		
107.89			5108				3454			3872			12439				11057			17503			5816				7766				14173				7037						10239				3079				12524				16398						15493				4206			13896			13292				8448			4047			913				1581			1957			2223				2260				3737				1863						3557				1343				5356				10552			19030			17338				23977						16619				13278			14617			12478				12356			12974			5079				5699						5101				8528			5701			1801				1380						4916				1679						1671				1615				1412				1240			1127			1019				1476			479			1503				1015						1395				1972						2719				2157				1761				1907						1894				1616			2362			7775				13871						5509				16861				9671				5570			17866			7532				12312			3957			19918				25187						19383				3608			22878			23539				5963						19547				23478			28721			2387				11574						14500				5939						17807				15767						12958				25881	
107.95				6143				3487						8357				5814						8820				8646				8793				14357		10476				9971				15837				9078				11310		19415				7997				11581						9027				11616						572				4021						1517				2953				3064				2416		1529				2439				3944				15349				7153						13437				6783		24007				17393				16939						13847				14036						2670				1299		2590				7281				8737						590				810		1340				4290				5248		2150				2080				2853				1540				1659						4783				1073						1260				1434		632				2720				880		1826				2007				1470				1239				1928		2721				1352				639						9511				6312		13511				15897				13943				7621				13226						9735				21194						34379				11188		26377				21608				17976						17368				18396		22898				33938				31450						7226				17058		20450				17966				8054		22231				13796				13831		16564				12290				29010
109.77	8010				7427				11721		14126				14834				14075		9159				9985				15600				9800						9214				13709				14359				18357						19959				16317				22412		13077				10170				20088		3034				3326				4762		1980				2497				2290				2870						3346				2509				14769				17285				22397		21691				21324						10864				11129				19336		10298				11914				15602		4496				3892						4918				8367				8462		1892				2975						4215				4617						3847				3869				1565				1755				1535		1475				646				1113		1820				1697						2209				4123						3377				3883				2465				2714						2417				2863				3202		9000				14829						10428				12439				9574				14501				13811		6787				8621				8626		37514				45496						29783				38101				45517		35158				24761						23418				40800				46100		8385				23714						13780				28887						33655				31786						17813				38096			
109.83		7963				5166						10470				4427						9276				5919				9047				17319			10339			15954				17475				8400				4575			16062			8862				10110						15662				12585						1600				3142						1714				1667				4682				2500			1246			3834				4404				10478				4512						12007				4654			15335			14342				12259						10350				8247						3158				1202			1826			6699				6079						815				1450			2293			3398				5384			3997			2969				3305				1961				1189						841				1473						1688				1334			732			4298				1037			3343			3045				2347				1764				2871			2461			1933				558						13245				3497			14820			11318				9193				3196				12072						7732				9983						31830				15731			32246			21791				10409						20051				26828			19718			38558				32951						7501				9970			17384			16038				22920			37114			13486				12162			13197			19634				16073		
109.89			4842				3339			3674			11585				9996			16201			5168				6608				13192				6576						8974				2796				11259				14953						14929				3988			12923			12389				7767			3718			1041				1624			2081			2274				2424				3781				1876						3522				1295				3427				7175			14270			13302				18767						12926				10169			9845			9712				9614			9150			3892				4295						3619				6333			4348			1660				1339						3540				1351						1814				1602				1364				1218			1105			1238				1624			513			1697				1092						1309				2070						2852				2224				1735				2144						2185				1687			2441			6524				11933						4554				14098				8414				4965			14640			5426				9059			3065			18747				23394						18017				3354			21805			22519				5950						18698				22380			26532			2379				11492						14058				5248						17447				14839						12364				26303	
109.95				5854				3174						7739				5345						7642				8000				7827				13391		9502				8878				14329				8630				10010		18160				7541				10991						8101				10388						649				4278						1571				3079				3363				2397		1684				2542				4116				10904				6027						10377				5203		17632				12614				11693						10967				9522						2013				894		1808				5563				6724						601				812		1449				3433				4117		1702				2155				2910				1669				1757						4181				1246						1334				1799		639				2788				910		1937				2097				1355				1317				2062		2882				1422				637						8296				5105		11279				13378				11466				6172				11346						6055				15412						33638				10811		25481				19089				17435						15821				16810		22787				32014				28831						6455				16332		19881				17571				7176		21491				13123				13351		15568				12148				28725
111.77	7356				6440				10485		12106				12704				12313		8034				8541				13634				8474						7665				11237				12427				15856						18221				14644				19754		11334				8922				16856		2884				3153				4658		1957				2487				2307				2863						3111				2358				9385				10807				14120		14569				14231						7510				6944				11940		6831				7760				9718		3578				3136						4198				6891				6971		1898				2986						3453				3869						3930				3792				1546				1907				1524		1520				678				1291		1818				1683						2323				4006						3217				3966				2379				2763						2424				2957				3183		7979				13255						8717				10917				8031				13053				12018		4738				5689				5764		31985				40034						25292				32099				40005		31987				21247						20521				34853				42338		5967				17669						10885				21843						25464				24096						13449				31377			
111.83		7390				4599						9582				4212						8371				5484				7945				15495			9191			13910				15018				7588				3978			14514			8128				8907						13716				11099						1684				3106						1895				1774				4753				2521			1256			3799				4557				7139				3367						9249				3292			10762			9954				8505						8016				5976						2565				1017			1446			5466				4966						884				1459			2436			2920				4675			3352			2908				3333				2077				1218						928				1450						1694				1463			783			4329				1085			3111			3145				2276				1780				2917			2365			2091				606						11784				3034			13019			10176				8381				2671				10753						5375				7109						28586				13303			28277			18324				8752						16635				22484			19145			32952				27886						5909				7474			13740			12993				16880			28969			11209				9543			10105			16085				12542		
111.89			4592				2892			3237			10249				8637			13950			4434				5545				11440				5446						8038				2387				9719				12973						13366				3438			11228			10631				6884			3197			1022				1508			1826			2418				2239				3767				1951						3530				1116				2109				4582			9389			9531				13565						9579				7321			6739			6932				6714			6144			3264				3504						3014				5397			3527			1559				1312						3057				1074						1777				1639				1363				1233			1134			1282				1627			508			1699				1009						1309				2059						2810				2072				1813				1929						2115				1758			2567			5601				10662						4138				13026				7604				4180			13256			3883				6197			2088			14062				18324						14351				2488			16776			18445				4888						14888				17381			21710			1552				7983						10544				3618						12676				10838						9833				20967	
111.95				5194				2757						6594				4405						6496				6788				6533				11761		7944				7543				11628				7092				8225		15091				6664				9251						6993				8385						599				4190						1568				2983				3401				2200		1569				2518				4120				7454				3853						7535				3398		12314				8358				7561						8281				6300						1678				794		1446				4779				5862						537				829		1464				2934				3483		1396				2090				2884				1753				1655						3578				1232						1515				1846		667				2903				828		2057				2078				1492				1373				2042		2659				1546				662						7307				4460		9571				12234				10214				5460				10183						3780				10241						26071				7693		19149				13476				12423						10915				11262		19134				23390				20061						3756				11743		14295				12723				4253		15868				10163				9104		10428				9118				21158
113.77	6422				5736				8734		10067				10591				10325		6480				7207				11569				6722						5768				8675				9943				13062						15067				12149				16594		8994				7250				13618		2738				3193				4333		1941				2289				2184				2722						2956				2222				6246				6961				9163		9757				9350						5143				4671				7996		4383				5246				6405		3163				2785						3726				5904				6047		1738				2821						3240				3675						3716				3451				1481				1739				1435		1490				623				1197		1890				1647						2230				3930						3136				3668				2259				2647						2166				2705				2925		7252				12294						7883				10307				7395				12309				11070		3311				3852				4117		21766				27785						17605				21362				28084		23923				14349						15069				23218				31414		3633				9319						6280				12029						14437				13260						8148				18819			
113.83		6494				4236						8660				3709						7180				4794				6667				13723			7679			11823				12475				6761				3372			11881			7184				7710						11322				9277						1673				2986						1855				1762				4746				2529			1231			3695				4405				5129				2713						6992				2378			7873			7141				5983						6032				4529						2486				891			1350			4735				4433						781				1380			2170			2652				4347			2953			2956				3163				1902				1142						1019				1461						1759				1456			710			4506				1061			3242			2976				2221				1788				2935			2292			2010				674						11380				2667			12252			9740				7756				2444				10166						3819				5441						22539				9619			21399			13284				6414						12339				15811			16002			24304				19789						4104				5249			8572			9213				9848			17352			7834				6134			6454			10353				7865		
113.89			4047				2426			2860			9096				7532			11349			3344				4368				9616				4367						6385				2063				8541				10585						11385				2883			9373			9064				5556			2332			1070				1567			1737			2055				2335				3618				1879						3194				1043				1368				2902			6328			6819				9802						6978				5447			4650			4674				4923			4214			2949				3110						2696				4845			3233			1486				1182						2665				1035						1723				1554				1369				1161			1142			1231				1652			520			1704				1054						1231				1919						2497				2018				1773				1939						1990				1605			2271			5248				9975						3994				12189				6985				3893			11924			2918				4315			1551			9050				12238						9163				1491			10605			12677				3303						9755				10893			15046			947				4214						6335				2180						6800				5841						6611				13178	
113.95				4475				2279						5784				3711						5602				5487				5666				9811		6926				6154				9557				5739				6390		12329				5518				7512						5417				6865						570				4126						1541				2816				3344				2128		1438				2465				3806				5253				2957						5787				2435		8750				5817				5465						5894				4189						1516				667		1345				4598				5409						480				728		1401				2634				3352		1397				2102				2989				1653				1657						2845				1239						1408				1769		622				2807				754		1943				1907				1490				1319				1959		2626				1413				649						7192				4258		8977				11377				10165				5102				9664						2781				7137						15565				4258		12091				8404				7037						6892				6238		12893				14142				11776						1819				5975		7577				7105				2261		8639				5986				4818		5266				5234				11237
115.77	5272				4740				7311		8298				8737				8983		5260				5669				9160				5328						4598				6924				8058				10180						12044				9765				13173		7132				5678				10465		2552				2884				4132		1830				2333				2108				2600						2636				2044				4327				5075				6564		7294				6699						4069				3493				6029		3375				3977				4825		2942				2789						3591				5895				5633		1646				2514						3023				3546						3602				3360				1380				1626				1446		1466				568				1305		1668				1610						2094				3583						2898				3235				2149				2325						2099				2467				2790		7288				12181						7989				9786				7027				11993				10508		2700				3233				3239		12815				16121						10733				12303				16810		15122				8300						9008				13214				18830		2085				4467						3395				5955						7587				6885						4817				10111			
115.83		5794				3730						7780				3221						6102				4197				5734				11300			6898			9435				9762				5375				2839			9445			6158				6439						9163				7646						1644				2921						1844				1860				4476				2390			1269			3517				4420				3927				2318						5652				1802			5953			5615				4860						4932				3674						2303				904			1209			4640				4164						762				1431			2030			2583				3956			2850			2779				2950				1908				1186						1018				1404						1629				1546			741			4127				1047			3032			2894				2259				1792				2678			2221			1864				669						11137				2402			11861			9527				7876				2307				10009						3291				4419						15546				6366			14191			9176				4047						8735				10520			11861			16223				12781						2675				3422			5168			5635				5286			9474			5061				3751			3928			6338				4984		
115.89			3495				2061			2301			7962				6532			9380			2861				3580				8031				3650						4851				1569				6798				8519						8909				2291			7437			7025				4435			1835			1034				1434			1657			1938				2153				3449				1745						3178				966				895				2200			4806			4998				7724						5396				4321			3576			3746				3796			3168			2644				2916						2468				4526			2865			1389				1059						2550				989						1517				1459				1366				1102			1031			1174				1587			550			1675				969						1069				1839						2233				1854				1709				1836						1858				1490			2168			4971				9358						3935				11814				6614				3480			11482			2550				3319			1301			5337				7277						5920				907			6554			8345				1990						5532				6338			9262			588				2069						3494				1302						3676				3090						4152				7614	
115.95				3901				2038						4807				2947						4722				4768				4832				8415		5560				5217				7609				4806				5308		9992				4697				6108						4672				5679						555				3790						1472				2784				3225				2035		1460				2462				3797				4004				2175						4510				1965		6704				4381				4287						4499				3326						1397				691		1325				4523				5198						542				747		1373				2711				3287		1319				2032				2771				1533				1646						2149				1201						1422				1814		648				2672				790		2066				1926				1451				1264				1852		2453				1295				697						7181				4020		8651				11725				9717				4880				9895						2328				5319						8151				2301		6981				4968				3373						3917				3355		8398				7889				6453						934				3145		4007				3761				1169		4427				3148				2317		2643				2705				5642
117.77	4475				4251				6481		7157				7396				7713		4480				5080				8350				4754						3844				5488				6821				8632						10011				8171				11120		5559				4781				8711		2484				2898				3917		1759				2122				2080				2554						2549				2023				4253				4851				6364		6868				6593						4007				3496				6116		3417				3707				4651		2944				2674						3399				5962				5384		1575				2472						3007				3534						3487				3274				1319				1620				1212		1342				652				1309		1722				1520						1881				3439						2883				3156				1971				2395						2002				2302				2591		7182				11759						7449				10175				6994				11577				10635		2680				3332				3565		7435				8890						6058				6676				9907		9090				4659						5235				7498				10557		1269				2402						1710				2893						3808				3455						2779				5207			
117.83		5083				3235						6872				2948						5400				3633				5019				10089			5816			7985				8186				4651				2314			8047			5451				5136						7554				6286						1463				2752						1704				1775				4385				2174			1151			3379				4018				3711				2085						5045				1639			5621			5592				4670						4472				3355						2125				818			1203			4504				3996						683				1211			1958			2433				4104			2659			2578				2813				2025				1145						949				1378						1707				1388			698			3785				956			2894			2858				2080				1663				2549			2105			1729				617						11388				2223			11635			9403				7831				2166				9670						3175				4309						9806				4038			9432			5889				2562						6140				6486			8298			9972				7883						1686				2172			3065			3402				2730			5341			3238				2256			2208			3664				3036		
117.89			3094				1704			2086			7051				5805			8370			2471				3213				7288				3050						4000				1315				6051				7416						7416				1909			5996			5855				3897			1536			909				1373			1525			1918				2117				3363				1688						2971				926				796				1909			4701			4624				6825						4839				3848			3358			3506				3541			3043			2625				2932						2515				4339			2949			1277				1108						2389				961						1522				1425				1244				1032			946			1243				1511			524			1505				995						1075				1651						2244				1844				1679				1732						1780				1411			2060			4642				9755						3720				12306				6608				3543			11477			2424				3232			1213			3063				4279						3708				542			4043			5378				1303						3210				3946			6048			348				1164						2017				815						1981				1675						2658				4356	
117.95				3420				1796						4339				2871						4349				4432				4401				7462		4858				4348				6429				4296				4582		8262				4245				5165						3870				4830						519				3789						1327				2645				2941				1896		1477				2405				3489				3599				1932						3998				1646		5884				4062				4256						4112				3047						1401				700		1282				4539				5196						532				676		1355				2758				3295		1297				1973				2737				1644				1494						2090				1184						1375				1703		648				2476				729		1997				1865				1459				1187				1854		2298				1231				609						7122				3958		8797				11361				10024				4730				9558						2301				4857						4540				1321		4207				3125				1737						2326				1851		5263				4550				3628						596				1713		2052				2036				695		2409				1772				1283		1361				1686				3165
119.77	4351				3866				5958		6635				7037				7410		4161				4709				7531				4431						3544				5000				5705				7846						8329				7124				9390		5171				4248				7672		2503				2694				3799		1745				2167				1991				2509						2490				1899				5505				6188				8091		8348				8534						5110				4482				8537		4463				4958				6189		2958				2821						3445				5833				5475		1567				2297						3090				3674						3276				3078				1320				1567				1211		1252				625				1202		1602				1476						1929				3301						2913				3008				1910				2216						1936				2257				2498		7379				12015						7310				10169				6999				11935				11152		3716				4370				4557		4422				5384						3799				4261				5929		5520				3073						3312				4665				6586		882				1362						1096				1758						2191				2085						1869				3238			
119.83		4718				3125						6658				2802						5105				3514				4757				9431			5500			7132				7119				4148				1943			6836			4953				4441						6821				5526						1515				2638						1665				1711				4066				2213			1124			3386				3821				4258				2424						5414				1867			6456			7162				5778						5135				4053						2033				912			1231			4472				4185						658				1274			1940			2757				4093			2524			2441				2817				1815				1107						891				1468						1474				1418			737			3827				915			2832			2768				2099				1630				2494			2025			1770				628						11625				2284			11444			9322				7847				2087				9725						4408				5261						6843				2624			6660			4160				1831						4501				4618			5989			6776				5429						1141				1549			1973			2222				1732			3155			2120				1497			1517			2494				1995		
119.89			2897				1670			1999			6725				5716			7826			2251				2908				6804				3148						3544				1291				5288				6710						6747				1637			5098			5300				3555			1375			1033				1432			1380			1887				2082				3096				1775						2969				980				843				2295			4945			5097				7673						5380				4555			3995			4052				4086			3659			2776				2970						2378				4497			2810			1198				1090						2563				925						1489				1425				1243				972			977			1181				1445			446			1588				923						1093				1667						2188				1863				1717				1778						1771				1395			1981			4949				9803						3813				12602				6643				3451			11524			2810				4028			1538			2172				3049						2689				471			2956			3983				969						2162				2758			4258			314				883						1423				616						1430				1283						1736				2803	
119.95				3394				1626						4263				2681						4140				4335				4224				7231		4850				4142				6263				3880				4515		7572				3829				4502						3686				4516						547				3499						1276				2476				2969				1815		1346				2204				3624				3977				2088						4157				1812		6523				4889				5235						4486				3532						1378				696		1392				4449				5274						552				688		1489				2757				3287		1414				1899				2632				1469				1465						1947				1249						1339				1744		683				2494				719		2052				1836				1479				1106				1789		2280				1301				652						7251				3955		8912				11759				10098				4697				9580						3339				5820						3199				976		2790				2419				1284						1914				1521		3733				3276				2799						424				1149		1444				1303				623		1656				1257				922		1058				1161				2311
121.77	4381				3684				5695		6639				6929				7589		4260				4689				7323				4424						3302				5127				5493				7243						7825				6433				8861		4806				4078				7467		2467				2656				3675		1939				2047				2059				2391						2620				1842				8244				9757				13502		12143				12756						7417				7075				13713		7036				7879				9956		3090				2880						3461				5936				5686		1555				2321						3157				3688						3048				3083				1281				1490				1290		1284				579				1328		1535				1376						1760				3221						3023				3034				1907				2110						1949				2343				2453		7481				12311						7636				10674				6821				12086				11220		5905				7001				7143		4194				4869						3616				4477				5203		4463				3372						3346				4707				5755		1043				1391						1217				1889						2137				2260						1920				2919			
121.83		4459				2933						6552				2900						5063				3437				4673				9377			5513			6874				6802				3913				1851			6393			4552				3987						6373				5320						1489				2613						1618				1701				3945				2148			1196			3079				3786				5733				3297						6679				2257			8875			10680				8330						6940				5290						2283				927			1281			4693				4305						690				1296			1863			2531				4149			2608			2339				2772				1699				1087						870				1291						1454				1369			676			3841				1007			2776			2659				2091				1516				2260			2054			1717				596						11284				2057			11593			9175				8034				2197				9703						6515				7091						5912				2709			6195			4464				2019						4603				4499			4895			6158				5238						1267				1621			1842			2107				1830			2818			1872				1419			1527			2277				2076		
121.89			2811				1659			1907			6604				5655			8133			2349				2750				6756				2912						3638				1249				4989				6523						6382				1479			4811			5196				3412			1412			899				1258			1459			1873				2075				3305				1795						2819				854				1227				3249			7237			6711				10177						7135				6422			5427			5942				5558			5085			2555				3014						2434				4487			2843			1148				1139						2542				959						1365				1419				1217				913			923			1115				1334			477			1593				817						1049				1609						2222				1571				1603				1707						1747				1332			1976			4801				9666						3630				12506				6591				3522			11900			3902				6272			1824			2655				3574						3505				565			3701			4622				1291						2501				3352			4855			485				933						1526				803						1544				1491						1838				2552	
121.95				3254				1557						4313				2803						4303				4352				4267				7151		4843				4177				5801				4028				4464		7269				3652				4441						3721				4609						473				3425						1264				2368				2855				1898		1386				2170				3452				5171				2596						4837				2448		8523				7033				7590						6145				4748						1394				691		1351				4654				5527						540				691		1499				2885				3278		1398				1978				2683				1553				1362						1918				1140						1299				1636		617				2486				682		2164				1859				1454				1137				1812		2260				1249				720						7427				4239		8641				11572				10116				4875				9771						5202				8479						3811				1585		3668				3499				2090						2879				2637		3984				4557				4248						653				1282		1596				1472				974		2109				1342				1175		1397				1471				2461
123.77	4299				3794				5829		6664				7156				7788		4371				5029				7861				4485						3441				5277				5301				7390						7636				6575				8919		5114				4225				7667		2459				2772				3607		1842				2120				2062				2376						2399				1908				12112				15240				21423		18084				19705						10509				10315				21088		10307				11712				15374		2958				3054						3614				6128				5923		1548				2382						3175				3782						3222				2975				1291				1554				1218		1159				488				1412		1642				1350						1797				3226						2947				2978				1894				2117						1880				2172				2481		7686				12811						7296				11025				6974				12319				12035		8338				10243				9793		8148				8740						6618				8788				8924		7287				6450						5591				8528				9638		2062				3223						2510				4405						4576				4838						3587				5344			
123.83		4478				2921						6890				3066						5083				3468				4821				9501			5698			6840				6686				3841				1791			6399			4456				3881						6612				5624						1349				2678						1601				1700				3621				2015			1247			3168				3669				7242				4391						8988				2916			12479			14767				11585						9788				7195						2279				843			1217			4694				4326						581				1238			1892			2777				4236			2758			2370				2708				1529				1153						879				1294						1551				1393			657			3436				955			2654			2488				2066				1544				2339			1977			1783				545						11327				2087			11357			8957				8358				2077				9877						8636				10432						8288				4172			9378			7385				3293						7131				7242			6264			9107				8434						2229				3077			3075			3464				3837			5054			3021				2587			2519			3833				3334		
123.89			2985				1495			1895			6817				5592			8112			2456				2687				6998				3164						3484				1280				4830				6803						6393				1514			4457			5114				3448			1388			905				1289			1295			1780				2122				3176				1762						2698				945				1614				4834			10741			9827				14162						10551				8562			7283			7841				7672			7273			2535				3067						2384				4287			2847			1185				1075						2497				821						1398				1394				1214				970			942			1075				1289			511			1463				823						942				1614						2168				1686				1704				1664						1675				1271			1885			4595				9767						3740				13023				6620				3459			12173			5372				8836			2166			4974				6365						6137				901			6552			7719				2096						4734				6486			8046			712				1918						2921				1466						3305				2774						3056				4593	
123.95				3355				1455						4668				2888						4471				4439				4499				7450		5190				4313				6165				4202				4631		7592				3833				4516						3908				4881						484				3356						1237				2395				2888				1877		1256				2173				3478				7120				3521						6463				3469		11956				9918				10806						8708				7126						1439				687		1489				4685				5572						509				642		1626				2766				3559		1435				1993				2607				1527				1424						2006				1124						1405				1723		584				2396				694		2011				1816				1510				1040				1763		2105				1177				614						7733				4260		8865				11634				10184				4804				9863						7583				13052						8180				3356		7399				7100				4741						5870				5623		7108				9158				8346						1472				2811		3080				3208				2204		4102				2856				2677		2949				2982				4990
125.77	4547				3797				6366		7185				7546				8512		4573				5356				8485				4689						3631				5956				5578				7868						8359				7108				9256		5686				4653				7950		2418				2773				3712		1921				2104				2087				2427						2538				1987				15451				20092				28469		23050				25896						12987				12726				26702		13226				15000				19756		3259				3194						3591				6602				6264		1589				2224						3344				4013						3105				2899				1246				1540				1215		1209				544				1370		1595				1334						1818				3029						2901				3029				1849				2185						1883				2184				2446		7900				12917						7294				11321				6937				12663				12195		10126				12729				12091		16932				18741						13862				16310				17875		14536				13138						11343				17467				19899		3886				8118						5793				10850						11280				11291						7037				12408			
125.83		4312				3062						6857				3166						5374				3600				4978				9837			6081			7248				7154				3889				1763			6861			4344				4074						6963				5769						1297				2636						1555				1754				3870				2067			1208			3323				3523				8321				5401						10238				3640			15092			17370				13740						12111				8759						2345				929			1362			4839				4599						533				1166			1874			2980				4185			2742			2360				2667				1843				1184						947				1308						1441				1293			678			3578				915			2595			2551				2091				1561				2279			2061			1701				562						11316				1992			11085			9197				8395				2065				10085						9960				13452						14584				7048			16978			12350				5504						11617				12832			10245			16302				15938						3803				5289			6575			6894				8840			12777			5696				5644			4812			8121				6670		
125.89			2845				1670			1948			7143				6045			8592			2436				2580				7303				3239						3686				1211				5058				7013						6651				1626			4614			5509				3653			1444			1107				1167			1210			1798				2086				3099				1719						2762				853				2043				6042			13437			12684				17536						13458				10169			8423			9282				9277			8683			2787				3136						2500				4644			2950			1182				1033						2573				832						1445				1326				1291				907			836			1112				1258			482			1447				885						896				1570						2234				1659				1617				1795						1633				1224			1859			4592				10028						3670				13252				6275				3552			12097			6312				10725			2400			7811				12022						10122				1279			11120			13343				3222						9189				11294			14083			1032				3746						6672				2247						8071				5155						5583				9401	
125.95				3364				1531						5064				3328						4703				4770				4501				7950		5451				4590				6879				4621				5342		8188				3846				4547						4142				5261						488				3277						1162				2426				2885				1861		1308				2216				3483				8742				4305						8334				4269		15467				12491				13599						11360				8541						1423				736		1428				4825				5622						484				700		1524				3006				3559		1623				1933				2611				1529				1265						2334				1175						1293				1735		679				2463				739		1974				1893				1480				1087				1655		2104				1142				588						7675				4420		9280				11449				10524				4709				10016						9710				17292						17101				5790		14627				11952				10184						9968				10047		13393				18102				16502						2885				6261		6936				7594				4293		9107				6267				5971		6911				6109				11189
127.77	4852				3871				6730		7531				8039				9110		5018				5762				9043				4875						4021				6040				5997				8416						8851				7154				9585		6011				5028				8970		2582				2723				3518		1875				2163				2045				2466						2547				1864				16279				21861				31372		25340				28326						14365				13840				28694		14525				15884				21639		3230				3179						3356				6599				6184		1521				2324						3329				3775						3040				2918				1255				1497				1134		1283				478				1330		1519				1365						1755				3098						2826				3022				1804				2130						1843				2039				2347		8096				13196						7180				11590				7002				12544				12450		10632				13294				12712		26317				30852						20955				23063				28154		23037				20292						17896				26612				33141		5456				13594						9536				18963						18453				18392						11452				22273			
127.83		4429				2937						6970				3326						5479				3742				5001				10346			6472			7923				7904				4181				1710			7656			4593				4088						7617				6563						1393				2662						1509				1836				3769				2159			1204			3091				3700				8279				5487						11116				3822			15620			17715				13953						12755				9279						2259				949			1368			4858				4642						537				1142			1805			2923				4424			2682			2455				2651				1597				1159						985				1440						1350				1280			636			3554				881			2702			2512				2081				1427				2258			1942			1649				613						11157				1844			10829			9032				8936				2128				9949						9730				14296						22423				9480			24989			16313				7720						15073				17174			15323			22854				23934						4785				6791			10578			10579				13884			23991			8102				8778			6250			13790				10940		
127.89			2918				1525			1926			7337				6076			9320			2469				2633				7518				3423						3875				1319				5336				7145						7106				1688			5048			5864				3818			1414			989				1178			1214			1657				2066				3058				1778						2811				838				2130				6258			14648			14084				18537						14674				10069			8540			9595				10115			8970			2676				3212						2438				4412			2702			1125				1032						2567				910						1352				1358				1106				907			826			1002				1296			454			1403				831						854				1470						2070				1571				1667				1672						1716				1223			1843			4544				9714						3444				12826				5997				3433			12292			6057				11370			2349			9587				15989						13046				1438			13815			17580				3949						12147				14288			18934			1089				5397						9281				2775						13041				7325						7844				15404	
127.95				3434				1483						5237				3540						4845				4767				4633				7900		5718				5177				7117				4725				5655		8570				4094				4509						4717				5417						464				3305						1090				2280				2849				1792		1294				2086				3498				9359				4971						9190				4837		17005				13482				14371						12980				9158						1375				745		1472				4858				5660						513				689		1594				3002				3539		1615				1889				2631				1506				1314						2404				1135						1370				1708		642				2390				649		1997				1775				1503				1184				1751		2096				1143				655						7752				4237		8996				11453				10188				4681				10101						10158				18864						27710				8033		21079				15390				15987						13627				12544		19942				25233				22468						3569				9639		11113				12062				5955		14982				9416				8864		9698				9617				18617
129.77	4922				3950				6854		8234				8534				9680		5172				5959				9921				5318						4657				6906				6419				9666						9967				7626				9846		6643				5515				9461		2524				2917				3443		1986				2054				2122				2603						2387				1848				14775				20818				29267		24298				27808						13839				13061				26021		13142				14899				20156		3283				3477						3620				6508				6344		1562				2256						3406				3925						3177				3075				1275				1483				1201		1307				534				1332		1634				1398						1697				2945						3055				2972				1914				2191						1916				2247				2294		8048				13163						7178				11777				6861				12683				12626		9397				12206				10963		31675				38885						25350				25720				33399		28802				25271						22640				31780				42212		6396				16678						11914				23824						22423				22103						13897				31550			
129.83		4726				3127						7140				3629						5706				3932				5196				10945			6926			8635				8454				4420				1876			8744			5008				4378						8261				7067						1346				2550						1469				1749				3959				2166			1224			3026				3584				7425				5375						10582				3681			14527			15914				12946						12821				8870						2473				1080			1365			5134				4616						535				1235			1808			3057				4445			2773			2344				2709				1601				1088						932				1348						1604				1383			602			3517				871			2827			2567				2005				1569				2258			2087			1649				569						11519				1781			10975			9237				8704				2078				10292						8482				13563						27850				10912			30229			18174				9566						15420				19666			19283			26472				28012						5288				7216			12557			12998				17847			32274			9605				10129			7134			17683				13876		
129.89			2919				1639			1998			7550				6069			9975			2581				2600				7699				3407						3970				1296				5294				7745						7638				1707			5450			6300				4086			1546			928				1207			1155			1745				1995				3121				1837						2692				834				1969				5975			13420			13604				18574						14310				9578			7901			9004				9350			8125			2803				3076						2415				4696			2874			1115				1014						2508				874						1395				1392				1179				896			776			1083				1357			521			1436				805						838				1401						2058				1399				1631				1708						1528				1173			1760			4237				9699						3401				12941				6059				3600			12069			5570				10230			2146			10177				17407						14077				1621			15109			19475				4349						13922				16065			19876			1186				5896						10433				3054						16329				8328						8984				18979	
129.95				3585				1554						5881				3704						5006				5016				4961				8457		6097				5237				7755				4872				6149		9381				4301				4964						5006				5746						445				3179						1143				2309				2840				1831		1228				2125				3530				9116				5145						9669				4690		16557				12628				13123						13236				8753						1342				663		1657				5127				5731						470				682		1628				3061				3612		1610				1867				2660				1436				1276						2765				1205						1358				1691		593				2337				632		1942				1836				1584				1032				1721		2123				1073				653						7926				4330		8980				11011				10230				4815				9775						9059				18239						33363				9136		24689				17281				20236						15148				13766		24076				28488				24837						4069				10893		12835				14420				7260		18346				10469				10234		11088				11668				23523
131.77	5064				4037				7234		8621				9381				10683		5451				6354				10604				5591						5013				7554				6962				10134						10969				8456				10820		7682				5979				10700		2592				2820				3538		2085				2049				2264				2548						2526				1911				12415				17052				24264		21272				22489						11930				10430				21191		10756				12372				16324		3489				3510						3661				6730				6741		1561				2135						3495				4097						3161				3014				1144				1599				1313		1284				552				1471		1709				1317						1728				3084						2935				3056				1855				2021						1905				2107				2510		8141				13199						7190				12031				6781				12924				13084		7501				9296				8490		33499				41541						26854				25967				34603		30732				27325						24455				33023				44896		7168				17539						13190				26868						24518				23662						14601				36820			
131.83		4721				3047						6920				3855						5876				4087				5333				11492			7205			9233				9027				4861				1876			9557			4879				4598						9146				7626						1387				2592						1509				1792				3820				2139			1201			3012				3600				6160				4743						9254				3284			11846			13155				10437						10561				7886						2376				1014			1390			5079				4810						541				999			1836			3110				4559			2862			2370				2548				1672				1126						928				1385						1436				1477			674			3552				851			2882			2366				2220				1566				2248			1982			1709				538						11313				1800			11127			9060				9177				2041				10371						6797				11260						30462				11097			31956			18368				10120						15523				20637			22214			26795				29044						5596				7705			13406			13375				19547			35907			10142				10813			7380			19208				15332		
131.89			3267				1586			2013			7758				6259			10142			2618				2581				7915				3515						4072				1387				5612				8081						8359				1898			5788			6567				3997			1552			1023				1170			1075			1578				1946				3159				1895						2610				774				1678				4937			11314			11956				15717						12338				7870			6563			7520				8087			6740			2926				3287						2367				4588			2645			1036				1008						2725				763						1361				1276				1163				865			859			1097				1193			444			1392				932						722				1440						2009				1522				1777				1795						1552				1299			1753			4308				9701						3427				12987				5992				3454			11885			4578				8228			1681			10011				17149						13745				1703			14276			19527				4539						13701				15363			19385			1191				5868						10724				3202						17309				8001						9083				20678	
131.95				3716				1449						5963				3888						5113				5199				5129				9114		5968				5479				7914				5312				6390		9902				4792				5179						5573				6234						442				3159						1080				2266				2896				1930		1141				2008				3475				7682				5278						8662				4345		14309				10587				10580						11462				7193						1347				799		1679				5115				5903						508				716		1554				3073				3699		1769				1879				2403				1396				1326						2977				1213						1424				1852		669				2368				678		1894				1868				1577				1074				1778		2089				1151				596						7789				4314		8766				10880				10197				4811				9416						6773				14896						35118				9058		25361				16778				21153						14865				13959		26352				29051				24593						3905				10806		12970				14844				7748		18610				10967				10927		11363				12244				24779
133.77	5307				4255				7765		9045				9317				11249		5848				6788				11321				5704						5406				8111				7388				10616						12355				8987				11440		8035				6675				11531		2479				2826				3519		2055				2209				2254				2671						2471				1897				9476				12414				17981		16214				16746						9557				8055				15284		8402				9511				12128		3675				3581						3700				6907				6937		1721				2124						3615				4264						3102				3039				1241				1632				1222		1387				511				1444		1718				1301						1808				3054						2871				3201				2047				2131						1888				2198				2351		8192				13398						7131				12313				6679				12963				13590		5706				6803				6371		33043				41734						26626				25503				33682		30608				27623						24047				33141				45595		7136				17610						13226				27174						23830				23206						14115				37818			
133.83		4837				3276						7085				4007						6097				4032				5326				12259			7563			10093				9588				5345				1969			10545			5422				4984						9665				8069						1284				2705						1464				1884				3902				2109			1223			3034				3529				4761				4233						7675				2701			9262			10324				8297						8434				6225						2547				1075			1400			4995				4843						563				1031			1847			3190				4539			2856			2375				2679				1567				1059						977				1503						1492				1508			659			3400				828			2674			2405				2173				1595				2374			1988			1640				548						11073				1750			10919			8684				9166				2092				10436						5034				8786						30892				11120			31820			18235				10370						14590				20147			22894			26553				29397						5918				7844			13538			13383				19195			36300			9930				10933			7264			19222				15813		
133.89			2905				1606			2152			7841				6273			10818			2670				2498				8269				3706						4154				1494				5812				8511						9238				1994			6016			6672				4171			1744			951				1251			1057			1655				2011				3194				1794						2585				809				1341				3979			8809			9814				13023						10258				6842			4915			5638				6644			5070			2875				3295						2333				4851			2745			1085				1019						2640				703						1320				1260				1094				835			811			1032				1244			446			1431				847						792				1414						2061				1519				1778				1610						1624				1202			1719			4288				9612						3268				13264				5922				3467			12413			3492				6128			1451			9732				16002						13665				1472			13904			18992				4605						13613				14923			18705			1158				5321						10506				2893						16969				7875						8912				20485	
133.95				3739				1414						6238				3949						5154				5149				5143				9391		6139				5906				8295				5702				6925		10420				4825				5648						6102				6425						499				3127						1104				2300				2817				1928		1142				2247				3496				6036				4416						7448				3828		11298				8418				8243						9214				5296						1364				794		1772				5194				6064						500				714		1547				3241				3942		1810				2001				2605				1437				1244						3126				1251						1334				1841		699				2546				646		1932				1911				1605				1089				1794		2024				1075				622						8235				4572		9215				10603				10402				4963				9801						4846				11288						34106				8530		24312				16174				20973						14125				12966		26174				28496				23412						3872				10795		12853				14682				7513		18452				10777				10755		10711				12185				24920
135.77	5575				4104				7621		9068				9538				11752		5691				7252				11582				6176						5701				8357				7622				11003						13480				9202				12214		8792				7003				11920		2609				2749				3496		2067				2310				2410				2797						2558				1734				6967				9036				12829		12137				12645						7570				6170				10871		6587				7058				8722		3731				3783						3759				7158				7134		1591				2147						3671				4331						3270				3008				1217				1632				1312		1375				541				1632		1821				1419						1769				3014						2944				3047				1916				2164						2117				2121				2389		8198				13704						7372				12476				7038				13282				13937		4387				5172				4739		30818				38696						24915				23119				31490		28978				25606						23147				30255				43125		6087				15375						11599				22853						20616				19928						12413				34499			
135.83		4956				3420						7229				4301						6038				4361				5422				12793			8110			10252				10127				5586				1956			11720			5386				5130						10228				8437						1250				2604						1377				1943				3836				2137			1195			2905				3692				3959				3338						6366				2153			7516			8086				6503						6882				5461						2543				1110			1380			5269				5012						515				969			1934			3282				4516			2873			2365				2686				1585				1216						1050				1466						1627				1475			703			3556				716			2641			2492				2298				1617				2321			2094			1724				537						11091				1762			11055			8855				9331				2095				10435						4223				7119						30540				10639			30441			16786				10178						13354				18900			23184			25542				27945						4875				6749			12253			12124				16817			32528			9007				9675			6383			17931				14281		
135.89			3210				1670			2192			7787				6159			10671			2629				2589				8247				3590						4292				1439				5781				8759						9476				2079			6315			6842				4240			1839			959				1153			1066			1691				1893				3131				1967						2682				747				1063				3001			6665			7497				10009						8178				5371			3997			4498				4990			4041			2875				3370						2282				4929			2746			1018				983						2732				739						1322				1412				1083				915			779			1170				1257			504			1368				798						706				1487						2087				1495				1716				1798						1643				1201			1771			4063				9549						3256				13089				5599				3560			12299			2913				4822			1265			8615				14175						11555				1272			12318			16929				3950						12247				13104			16480			780				4502						8720				2334						13616				6657						8004				18874	
135.95				3875				1441						6526				3998						5058				5181				5150				9579		6443				5997				8721				5605				7054		11464				4745				5523						5939				6833						470				3196						1059				2290				3078				1859		1164				2180				3389				4529				3728						6002				2862		8768				6259				6307						7268				3987						1353				753		1934				5416				5942						523				724		1595				3252				4158		1959				1996				2585				1593				1362						3235				1190						1395				1960		616				2436				593		2019				1789				1704				1154				1758		2069				1100				637						8228				4652		9157				10877				10276				4821				9814						3661				8101						29998				6712		21055				13421				17374						11556				10622		23000				23428				19221						2654				8768		10926				12516				5375		15814				9246				8420		8652				10274				21145
137.77	5247				4135				7871		9040				9536				11934		5675				7009				11599				6103						5820				8974				8020				11532						13579				9489				12054		8996				6738				12060		2730				2735				3406		2046				2231				2408				2658						2610				1951				5340				7299				9646		9712				9923						6125				5019				8518		5021				5478				6958		3838				3877						3888				7298				7413		1567				2171						3897				4440						3072				3080				1345				1630				1304		1428				557				1439		1863				1490						1688				2996						2953				3111				1949				2182						1931				2043				2375		8293				13571						7051				12909				6971				13589				14005		3500				4024				4160		24705				31611						19725				17825				26115		24911				20247						19365				24741				36184		3834				9457						7726				14561						14252				12708						9041				24616			
137.83		4725				3318						6906				4437						6105				4508				5332				12706			7866			10350				10202				5591				1972			12268			5290				5093						10193				8567						1328				2634						1515				1773				3858				2104			1303			2873				3559				3182				2885						5359				1887			6023			6820				5741						5776				4558						2498				1236			1401			5210				4934						577				1058			1968			3358				4421			2803			2255				2686				1571				1197						959				1595						1515				1499			722			3546				781			2790			2411				2124				1644				2468			2182			1547				469						10728				1536			10646			8873				9295				2102				10303						3645				6121						26028				8285			25208			13229				7886						10512				15186			21363			20562				22063						3674				4845			8547			9219				10768			22006			6718				6769			4368			12951				9824		
137.89			3151				1600			2223			7640				6056			10753			2462				2565				8272				3540						4166				1468				5835				8736						9881				2136			6584			6969				4275			1877			967				1168			996			1627				2033				3412				1956						2615				727				695				2590			5498			6333				8219						6368				4372			3234			3796				4208			3230			2968				3340						2365				4900			2759			985				960						2676				743						1296				1390				1225				916			747			1130				1394			454			1598				802						732				1438						2079				1479				1834				1807						1700				1166			1863			4283				9938						3141				12883				5627				3727			12515			2518				3837			1038			6429				10649						8524				931			9521			13204				3227						9302				9574			12787			474				2882						6005				1430						8455				4356						5804				13913	
137.95				3949				1423						6628				3970						4978				5094				4896				9694		6184				5920				8632				5876				7023		11220				4955				5638						6228				6815						471				3214						1039				2328				2911				1983		1111				2191				3476				3904				3244						5036				2491		6852				4955				5203						5650				3186						1479				848		1979				5275				6265						526				744		1477				3313				3859		2209				2030				2558				1481				1260						3047				1369						1567				1966		670				2543				636		1903				1826				1780				1161				1770		2071				1058				608						8347				4548		9229				10366				10342				4846				9799						3096				6246						20312				4266		15096				8856				11273						7742				6578		17075				15627				12846						1574				5313		7170				8161				2943		9983				6255				5448		5286				6587				12991
139.77	5253				4167				7732		9355				9219				11849		5458				6888				11355				5962						5811				8687				7944				11235						14385				9303				12020		9041				7054				11970		2637				2762				3375		2130				2381				2508				2778						2627				1864				5090				6514				8559		8731				9535						6218				4679				8400		4675				5168				6427		3770				3858						3812				6985				7363		1638				2129						3695				4336						3101				3073				1244				1620				1211		1375				544				1546		1801				1356						1521				2895						2840				3021				1875				2047						2070				2189				2544		8561				13882						6907				12697				6988				13028				14016		3472				3878				4086		16360				21931						13871				11851				18491		18519				13233						13632				15954				25712		2254				5271						4535				7737						8477				7367						5766				14176			
139.83		4898				3156						6747				4537						5970				4381				5150				12256			7797			10301				10145				5564				1901			12642			5289				5359						10372				8641						1350				2633						1415				1856				3864				2191			1246			2950				3585				3075				2831						5105				1711			5574			6686				5241						5759				4324						2569				1336			1422			5138				5307						503				1082			1815			3419				4403			2960			2236				2613				1590				1122						920				1604						1538				1504			710			3490				818			2708			2456				2219				1743				2270			2072			1644				557						10809				1544			10674			8559				9233				2015				10070						3732				6078						19398				5958			18798			9823				5534						8067				10856			17014			15437				15834						2487				3185			5387			6512				6339			12389			4902				4648			3222			8515				6224		
139.89			3037				1500			2173			7493				5831			10601			2362				2496				7977				3448						4002				1418				5814				8441						9826				2185			6263			6786				4143			1733			1040				1108			1041			1672				2080				3202				1915						2439				743				708				2417			5107			5703				7427						5747				4151			3015			3613				3789			3099			3058				3363						2364				4910			2664			906				1004						2613				718						1391				1451				1158				870			766			1080				1353			440			1481				803						730				1451						2014				1413				1835				1767						1596				1109			1683			4104				9311						3086				12853				5654				3818			12388			2454				3519			1034			4168				7402						5767				566			6170			9360				2110						6076				6231			9273			319				1645						3594				950						4753				2359						4137				8571	
139.95				3862				1373						6379				3919						4889				4834				4818				9706		6150				5966				8651				5844				6775		11460				4875				5576						6342				6663						504				3068						1022				2280				2992				1890		1147				2141				3515				3536				2718						4273				2262		6197				4601				4808						5169				2877						1345				861		2046				5515				6162						564				730		1688				3176				3886		2115				2015				2525				1489				1325						2806				1390						1477				1960		655				2544				650		1915				1839				1661				1058				1755		2025				1021				626						8305				4475		9158				10142				10098				4973				9819						3080				5427						11770				2420		9393				5609				6101						4958				3929		11152				9852				7781						869				2869		4081				4746				1671		5589				3831				2962		3032				3790				7216
141.77	5306				4050				7520		9184				8636				11927		5624				6665				11511				5762						5666				8289				8019				11231						14219				9146				11831		9023				6702				11804		2512				2703				3257		2125				2176				2363				2655						2621				1763				5501				7174				9894		9960				10594						6856				5227				9803		5471				5752				7202		3911				3869						3977				7056				7552		1659				1979						3636				4457						3213				3016				1293				1594				1149		1436				587				1400		1750				1504						1657				2893						3060				2991				1869				2093						1876				2005				2507		8452				13614						7128				12835				6776				13088				14273		4056				4846				4742		10364				13620						8716				7530				11654		12474				7934						8788				10095				16269		1411				2926						2437				4194						5060				4375						3544				8219			
141.83		4600				3120						6437				4348						5567				4216				4857				11733			7451			10190				9898				5921				1838			13252			5291				5304						9984				8373						1222				2494						1410				1822				3704				2027			1352			2876				3475				3351				3021						5279				1747			6026			7683				6045						6450				4767						2454				1275			1423			5134				5268						512				1032			1746			3311				4391			2731			2217				2589				1667				1055						990				1741						1583				1610			715			3410				712			2688			2317				2140				1655				2372			2113			1609				497						10771				1513			10365			8434				9516				1923				10069						4525				6746						13452				4205			13010			7069				3748						6103				7447			12158			10789				10319						1773				2377			3328			4357				3540			7513			3283				2912			2090			5242				4005		
141.89			2983				1465			2115			7088				5578			10245			2204				2250				7531				3260						3806				1399				5679				8493						9805				2124			6334			6910				4080			1746			951				1024			974			1629				1915				3221				1901						2596				700				709				2560			5442			5935				7889						5861				4566			3223			3893				4245			3351			3015				3358						2348				4859			2733			857				975						2591				731						1210				1334				1216				763			666			1160				1361			531			1485				870						663				1338						2014				1506				1790				1707						1631				1170			1813			3964				9530						3078				12544				5455				3772			12651			2824				3950			1085			3003				4588						4132				375			4089			6531				1529						3895				3967			6319			290				913						2272				696						2881				1555						2792				5413	
141.95				3746				1376						6482				3750						4646				4514				4717				9230		5864				5785				8544				5677				6604		11274				4822				5371						6219				6594						440				3070						1082				2203				2985				1783		1118				2127				3369				3355				2821						4362				2330		6411				4551				5211						5304				3086						1433				908		2094				5454				6233						498				680		1505				3130				4016		2220				1995				2677				1610				1287						2779				1460						1394				1978		603				2449				634		1836				1912				1753				1028				1776		1950				1083				632						8160				4537		9165				9930				10369				4720				9548						3570				5653						6779				1582		5851				3870				3229						3154				2388		7055				5840				4676						616				1798		2362				2791				971		3309				2436				1673		1614				2235				4193
143.77	4961				3977				7639		8803				8634				11390		5209				6572				11134				5549						5357				8046				7776				10779						14037				8795				11514		8759				6553				11259		2525				2661				3273		2149				2108				2390				2603						2663				1736				6916				9211				13683		11905				13795						8457				6860				13293		6737				7646				9737		3906				3846						3634				7087				7479		1659				2051						3625				4325						3049				2985				1305				1718				1224		1460				534				1480		1939				1390						1566				2902						2906				2996				1808				2043						2009				2064				2317		8140				13294						6684				12794				6754				12924				14253		5417				6221				6522		6493				8267						5737				5121				7614		8093				5088						5487				6353				10042		1044				1742						1616				2383						2927				2700						2440				4772			
143.83		4641				3104						6208				4507						5467				4272				4806				11737			7325			9790				10099				5957				1873			13581			5039				5232						9831				7924						1241				2653						1286				1832				3933				2099			1340			2955				3389				3665				3381						5863				2032			7546			9545				7409						7921				5632						2490				1301			1431			5062				5214						475				1020			1841			3438				4571			2762			2263				2640				1622				1210						985				1592						1589				1595			732			3425				713			2698			2339				2212				1576				2390			2055			1655				508						10483				1475			10645			8515				9215				2002				10293						5530				8742						9363				3073			9174			5148				2895						4752				5439			8646			7824				7054						1313				1736			2261			2878				2238			4404			2386				1973			1614			3469				2784		
143.89			2884				1324			2088			6835				5642			9825			2139				2165				7694				3042						3681				1264				5479				8095						9704				2007			5992			6266				3818			1696			1050				1130			963			1593				1980				3212				1897						2526				667				782				3140			6653			7260				9632						6973				5192			3902			4719				4965			4025			2819				3389						2156				4671			2710			896				1058						2586				706						1187				1359				1119				814			613			1132				1331			472			1518				939						547				1352						1963				1410				1749				1754						1573				1161			1732			4004				9448						2969				12149				5420				3802			12108			3367				5406			1346			2130				3491						3106				326			3069			5086				1233						2566				3059			4350			221				715						1698				588						1783				1059						2104				3537	
143.95				3520				1331						6022				3641						4498				4705				4601				9167		5853				5544				8065				5689				6470		11036				4469				5118						6166				6269						426				3020						1041				2249				3060				1794		1020				2084				3461				3822				3006						4657				2501		7335				5636				6329						6313				3808						1434				891		2069				5409				6369						492				717		1453				3198				3941		2343				2067				2508				1473				1265						2624				1359						1506				2034		686				2363				530		1793				1948				1787				1037				1745		1945				987				668						8210				4526		8862				9687				10180				4639				9736						4713				7393						4139				1280		3824				2850				2027						2369				1857		4818				4178				3413						484				1174		1550				1760				810		2119				1569				1111		1178				1600				2563
145.77	4821				3629				7134		8478				8315				11079		5036				6010				10959				5112						5216				7602				7727				10293						14014				8424				10710		8383				6105				10949		2561				2507				3165		2059				2325				2642				2699						2546				1583				8728				12466				18244		15497				18286						10138				8065				17597		8672				9781				12586		4067				4039						3734				7225				7726		1596				2079						3656				4464						3106				2830				1207				1527				1210		1470				628				1455		1800				1302						1486				2917						2871				2977				1790				2046						1910				2017				2361		8042				13111						6709				12472				6690				13249				14235		6832				8274				7987		5155				6079						4401				4399				5850		5711				4220						4155				5022				7448		1014				1530						1426				2111						2389				2453						2122				3675			
145.83		4446				2988						6054				4430						5488				4312				4707				11389			7064			9556				9612				5938				1809			13038			4895				5080						9460				8111						1212				2577						1357				1938				3828				1950			1280			2780				3285				4237				3876						6866				2313			8967			11480				8818						9857				6581						2618				1336			1419			5010				5263						469				1017			1744			3465				4514			2785			2207				2604				1584				1147						913				1613						1536				1620			647			3359				745			2681			2238				2179				1718				2170			2026			1614				516						10650				1596			10124			8325				9334				1958				10076						6518				11231						7308				2726			7291			4866				2405						4699				4746			6672			6297				5851						1269				1746			1918			2564				2082			3490			2139				1656			1416			2760				2355		
145.89			2714				1385			2078			6677				5334			9674			2125				2076				7138				2881						3514				1256				5316				7835						9375				1988			5523			6316				3720			1622			1005				1039			976			1648				1866				3209				1997						2448				701				938				3951			8205			9073				12063						8720				6371			4604			5826				6365			4732			3029				3421						2116				4772			2632			768				958						2634				675						1171				1341				1117				851			669			1116				1345			442			1473				860						538				1403						1927				1322				1763				1705						1540				1110			1657			3704				9242						2931				12010				5233				3683			11909			4040				6952			1476			2215				3272						3363				382			3407			4762				1339						2555				3218			4511			336				770						1652				723						2013				1168						1934				2818	
145.95				3476				1282						6046				3536						4515				4357				4416				8977		5529				5535				7779				5454				6224		10749				4294				5102						6213				6314						461				2996						995				2114				2996				1669		1086				2054				3433				4804				3599						5493				3241		9230				7097				8084						8051				4641						1374				878		1937				5375				6290						591				654		1449				3270				3893		2448				1902				2544				1360				1286						2533				1315						1535				1992		654				2501				547		1706				1806				1773				1064				1746		1972				1051				673						8098				4487		9022				9597				9836				4537				9515						6389				10153						4162				1602		3838				3441				2253						2861				2718		4451				4636				3944						654				1231		1407				1740				1270		1999				1531				1307		1480				1609				2528
147.77	4641				3447				6936		8334				7972				10882		4648				5784				10449				5020						4891				7340				7452				9891						13566				7896				10327		7941				5800				10240		2421				2554				3150		2203				2181				2547				2707						2563				1644				9771				14634				22473		18773				22075						11500				9351				20758		10379				11302				14645		3976				3990						3709				6761				7607		1599				1944						3583				4225						3049				2944				1286				1662				1137		1530				566				1453		1908				1536						1499				2807						2930				2917				1797				1908						1941				1950				2401		7953				13268						6698				12506				6569				12994				14509		7851				9751				8847		6712				7208						5339				6123				6817		6257				5880						4910				6816				8091		1699				2759						2555				3792						3628				4142						3082				4762			
147.83		4354				2846						6004				4586						5438				4199				4528				11269			7048			9231				9481				5715				1725			12934			4607				4854						9067				7697						1236				2606						1369				1822				4025				1988			1360			2774				3434				4706				4300						7514				2469			10065			12795				9798						11429				7369						2408				1313			1334			5113				5241						476				1006			1790			3390				4272			2733			2207				2550				1656				1184						932				1598						1596				1720			686			3301				747			2650			2186				2221				1585				2270			2111			1621				425						10090				1417			9771			8186				9507				2013				10026						7265				12986						7644				3426			8625			6235				3531						6269				6004			6385			7309				7227						2032				2700			2742			3287				3511			5080			2635				2653			2088			3875				3272		
147.89			2657				1284			1935			6725				5189			9282			2022				2061				7105				2788						3258				1142				5149				7273						9200				1898			5486			5920				3572			1582			1023				1088			930			1535				1832				3101				1958						2365				632				1094				4304			9547			10706				14223						10539				7128			5038			6236				7454			5193			2884				3414						2002				4747			2653			781				908						2637				693						1214				1253				1078				749			625			1070				1446			423			1399				815						561				1325						1968				1382				1823				1758						1508				1118			1735			3588				8850						2758				11899				4990				3657			11798			4471				8128			1558			3238				4995						4793				617			5098			6583				1931						3553				4824			6401			503				1273						2856				1296						3419				1871						2736				4015	
147.95				3379				1233						5961				3530						4391				4223				4348				8745		5332				5233				7440				5151				5978		10732				4205				4754						5739				6082						418				2881						939				2193				2957				1810		1025				2056				3149				5591				3952						6580				3643		10882				8047				9304						9681				5365						1389				899		2030				5395				6071						491				666		1470				3187				4011		2464				1915				2475				1408				1238						2544				1383						1510				1985		621				2451				576		1875				1890				1625				1062				1774		2029				1017				588						8220				4409		8661				9268				9539				4530				9305						7199				12849						7302				2840		6510				5635				4258						5158				4987		6330				7935				7062						1257				2167		2599				2961				2566		3494				2446				2279		2488				2937				4305
149.77	4759				3237				6661		7949				7668				10582		4326				5625				10190				4651						4564				6679				7037				9276						12977				7466				9451		7777				5463				9923		2319				2632				2963		2061				2025				2372				2563						2532				1691				9896				15140				23989		20130				23563						12198				9700				20950		10550				12094				15497		3988				3858						3510				6618				7536		1582				1972						3490				4235						2983				2945				1169				1536				1004		1535				608				1469		1903				1523						1421				2630						2722				2938				1868				1951						1914				1902				2278		7906				12999						6465				12559				6447				12453				14134		8116				9977				9281		11925				12401						8922				9670				10970		9924				10226						8127				11900				13247		3086				5623						5426				8624						7253				7995						5598				9688			
149.83		4031				2624						5693				4362						5070				4094				4251				10941			7026			8674				8428				5606				1604			12127			4203				4466						8698				7241						1141				2466						1302				1694				3894				1979			1338			2583				3232				4682				4446						7759				2567			10280			12789				9801						12065				7309						2346				1304			1379			4714				5082						466				924			1660			3475				4357			2605			2128				2503				1621				1157						842				1573						1551				1586			641			3215				644			2542			2214				2154				1662				2215			2025			1515				462						9967				1371			9599			7808				9511				1806				9820						6868				13661						11194				4810			13086			8977				5200						8288				8691			8643			10647				11149						3091				4034			5002			5445				7198			10504			4376				4882			3118			7042				6069		
149.89			2655				1195			1877			6406				5015			8571			1754				1779				6759				2508						3036				1057				4650				7101						8558				1738			4793			5461				3472			1418			990				1023			868			1499				1792				3015				1870						2310				588				1135				4178			9865			11321				14525						11022				6953			5050			6471				7667			5318			2937				3268						1959				4473			2468			804				904						2410				710						1251				1333				1052				758			568			1166				1297			424			1531				868						587				1277						1728				1412				1705				1604						1480				988			1623			3516				8898						2800				11760				4802				3525			11697			4374				8295			1555			4689				7796						7218				668			7105			9445				2882						5386				7549			9654			621				2069						5209				1726						6525				2980						4259				6787	
149.95				3327				1209						5491				3286						4299				4043				4195				8484		5348				4921				6960				4923				5645		10092				3966				4539						5468				5831						430				2848						913				2097				3052				1679		932				2063				3270				5839				4380						7229				3789		11988				8780				9839						11010				5648						1246				867		2012				5246				6016						499				675		1388				3100				3829		2451				1902				2322				1453				1133						2571				1350						1466				2087		595				2384				541		1742				1908				1534				1028				1766		1867				992				628						7964				4240		8483				9055				9273				4051				9226						7561				14317						14327				4427		11407				8503				8352						7943				7648		10857				13447				11271						1955				4017		4952				6032				4607		7083				4783				4832		4794				5784				8857
151.77	4296				3311				6512		7730				7486				10682		4207				5700				9940				4755						4543				6472				6942				8913						12547				6947				9302		7529				5420				9253		2286				2438				2915		2205				2115				2469				2646						2546				1635				9531				14739				23744		20470				23084						11965				9231				20788		10488				11803				15120		3968				3952						3344				6558				7347		1516				1804						3401				4191						2971				2675				1196				1527				1108		1472				602				1456		1881				1302						1435				2786						2679				2934				1781				1972						2002				1876				2438		7995				12940						6104				12584				6125				12375				14351		7716				9414				8529		18211				20222						14117				13115				16758		15251				16640						13021				17719				22776		4349				9245						8666				14360						11682				12323						8402				17828			
151.83		4025				2751						5460				4534						5009				4064				4112				10565			6726			8343				8249				5282				1605			11634			4127				4259						8031				7083						1101				2496						1203				1870				3789				1970			1368			2581				3217				4461				4425						7561				2581			9752			11957				9569						11705				6888						2281				1330			1355			5006				5189						435				900			1639			3297				4156			2562			2068				2506				1495				1104						1008				1706						1536				1650			586			3114				627			2360			2257				2167				1572				2218			1995			1562				505						10034				1398			9409			7567				9274				1876				9690						6163				13143						16605				6439			19345			11519				7291						9974				11470			12745			14176				17046						3687				4972			7694			8327				11463			19136			5890				7136			3997			11434				9588		
151.89			2644				1177			1784			6330				4784			8579			1749				1721				6733				2599						2995				1023				4617				7013						8482				1583			4552			5292				3274			1482			1065				1107			897			1469				1811				3067				1891						2101				598				1034				4099			9681			11444				14567						11318				6853			4856			6193				7550			4949			2950				3275						1828				4402			2342			765				764						2260				652						1138				1303				1018				762			565			1239				1340			449			1463				772						474				1246						1847				1233				1640				1521						1509				1029			1549			3477				8751						2594				11425				4544				3672			11425			4011				7821			1515			5393				10123						8998				839			8606			12675				3611						7179				9165			12360			675				2658						6944				2035						9759				3881						6024				10945	
151.95				3283				1136						5712				3428						4113				4083				3926				8386		5113				4918				6974				4908				5820		10200				3958				4411						5687				5551						458				2662						887				2100				2845				1685		971				1938				3218				6036				4715						7620				3955		11913				8879				9415						11146				5660						1229				856		1947				5308				5942						508				669		1389				3038				4010		2580				1919				2319				1380				1152						2846				1369						1516				2044		617				2402				495		1791				1838				1667				1011				1682		1799				915				620						7968				4258		8606				9034				9290				4223				9337						7103				14158						21983				5722		16850				11102				14487						10485				9203		16434				18575				15489						2411				5934		7229				9590				6220		11420				7010				6905		6576				8891				14132
153.77	4214				3153				6190		7401				7361				10447		4335				5574				9865				4552						4511				6288				6802				8742						12112				6718				8894		7148				5534				9126		2417				2426				2887		2084				2200				2528				2544						2365				1657				8432				13165				20935		18708				20635						10950				8405				17990		9627				10354				13218		3788				3669						3270				6789				7177		1457				1765						3223				4041						2917				2806				1219				1548				1074		1543				599				1405		1997				1373						1382				2592						2757				2898				1742				1867						1975				1834				2178		7644				12770						6190				12140				6058				12262				14167		6746				8084				7197		21601				26124						17218				14595				20089		19392				21415						17235				20757				29718		5222				10743						10500				18370						14126				14874						10362				24830			
153.83		3800				2629						5299				4664						4891				4063				3937				10397			6411			7813				7990				5224				1485			11453			4142				4070						8296				6867						1050				2382						1134				1867				3776				2043			1392			2465				3204				3656				4104						6904				2257			8440			10209				8383						10412				6420						2210				1300			1270			4726				4959						432				900			1695			3308				4198			2431			2061				2496				1557				1204						912				1589						1547				1706			628			3112				585			2345			2118				2078				1530				2212			2047			1577				400						9587				1380			8940			7512				9551				1848				9602						5079				11608						20998				7099			23491			12609				8159						10619				12402			17210			16092				20324						4020				5408			9136			10023				13431			25416			6711				8079			4366			14540				12177		
153.89			2409				1188			1658			6068				4662			8475			1600				1751				6420				2551						2751				1010				4563				6917						8441				1642			4428			5077				3163			1450			988				1030			824			1462				1752				2929				1858						2037				595				980				3747			8592			10186				13424						10904				6307			4306			5631				6999			4425			2920				3276						1821				4439			2252			760				834						2288				650						1154				1247				1093				725			554			1066				1326			475			1406				774						493				1140						1758				1276				1731				1568						1304				1001			1528			3368				8595						2644				11381				4498				3638			11072			3562				6997			1339			5940				11199						9508				812			9189			13988				4240						8145				9852			13565			647				2847						7559				2144						11642				4515						6880				13466	
153.95				3151				1112						5525				3220						4054				4001				3827				8401		4981				4884				6721				4832				5547		9922				3745				4307						5583				5496						429				2725						930				2047				2895				1651		927				2064				3102				5470				4352						7062				3544		11003				8070				8526						10356				5027						1154				870		1809				5181				5910						526				681		1423				2931				3720		2477				1884				2419				1437				1111						2768				1377						1434				2003		570				2326				511		1763				1921				1707				1046				1741		1706				969				662						7603				4225		8389				8634				8577				4151				9178						5958				12707						27192				6244		19496				12127				18118						11758				9926		20404				21277				17392						2680				6750		8230				10846				7423		14233				7758				7946		7229				10145				17930
155.77	4392				3057				6214		7703				7349				10566		4011				5551				9752				4279						4314				6371				6352				8427						12471				6812				8420		7158				5226				8939		2321				2544				2867		2151				2227				2549				2621						2355				1593				7060				11132				16927		16070				17157						9866				6981				14855		7797				8957				10866		3889				3886						3203				6366				7296		1491				1831						3109				4140						2947				2715				1228				1468				1007		1538				632				1354		1885				1390						1347				2491						2847				2797				1744				1917						1907				1711				2215		7548				12452						5917				11954				5727				12174				14160		5533				6610				5801		23452				28418						18378				14787				21351		21139				23670						19073				22266				32757		5812				11031						11388				19954						14920				15388						10698				28661			
155.83		3770				2579						5416				4753						4820				4171				3802				10376			6511			7527				7643				5383				1444			11427			4148				4073						7814				6746						1011				2485						1163				1859				3668				1982			1397			2319				3044				3315				3757						6264				1883			7215			8826				7194						8921				5613						2098				1189			1221			4810				5164						421				846			1706			3114				4255			2489			2106				2444				1509				1157						973				1644						1542				1711			605			3238				549			2477			2100				2060				1593				2109			1963			1526				468						9591				1281			8646			7448				9430				1762				9134						4216				9783						23305				7360			25835			13171				8836						10589				12934			20246			16723				21709						4017				5389			9797			10102				14470			27895			6873				8624			4598			15517				13425		
155.89			2364				1217			1621			5958				4538			8165			1506				1544				6478				2398						2748				977				4287				6438						8255				1631			4138			4855				3118			1424			1003				1201			903			1469				1710				3020				1864						2190				627				807				3170			7217			8832				12023						9626				5600			3659			4623				5895			3506			2887				3139						1618				4411			2153			704				760						2223				668						1112				1295				1002				696			504			1132				1431			421			1363				780						488				1112						1741				1261				1690				1432						1437				1024			1520			3239				8345						2554				11148				4484				3538			10932			2861				5748			1200			6121				10776						9274				904			8966			13859				4502						8550				9707			12775			667				2787						7633				2292						11966				4487						6933				14488	
155.95				3169				1098						5630				2979						4028				3810				3831				8515		4854				4569				6840				4562				5622		9324				3736				4169						5536				5449						409				2800						901				2043				2841				1664		928				1835				3069				4659				4152						6501				3101		9494				7105				7175						9012				4049						1173				828		1898				5188				5895						467				657		1320				3079				3871		2475				1952				2282				1386				1140						2999				1409						1465				2044		589				2360				460		1784				1734				1540				954				1622		1741				928				568						7554				4043		8091				8435				8851				3972				9182						4674				10869						29259				6216		20029				12136				19481						11092				9448		21788				21445				17487						2679				6567		8634				11538				7524		14637				7715				8082		7298				11106				19026
157.77	3989				3000				6203		7462				6999				10660		4036				5405				9563				4340						4221				6069				6369				8149						11804				6506				8109		7034				5067				8560		2286				2397				2731		2132				2055				2609				2626						2511				1501				5753				8658				13447		12786				13606						8446				5813				11383		6547				6934				8944		3907				3683						3166				6131				7223		1466				1686						2974				3962						2804				2670				1248				1521				999		1624				580				1374		1884				1326						1298				2373						2625				2779				1754				1899						1972				1767				2141		7389				12154						5805				11941				5626				11807				14002		4269				5183				4648		22986				27509						18290				13839				20273		20775				23469						18695				21478				32303		5338				10765						11790				19452						14308				14607						10209				29039			
157.83		3577				2420						5209				4656						4770				4070				3800				10260			6550			7590				7303				5228				1300			10987			3780				3753						7751				6534						1071				2283						1168				1725				3508				1773			1344			2440				3018				2758				3294						5395				1680			6159			7514				6099						7598				4662						2056				1138			1191			4525				4949						425				900			1489			3235				4098			2399			2045				2529				1453				1172						858				1727						1508				1792			598			3039				567			2335			2037				2094				1486				2164			1893			1397				412						9433				1249			8457			7130				9152				1624				9127						3688				8049						23477				7168			25539			12522				8731						9920				12867			20895			16051				21156						3814				5188			9416			10020				14054			28045			6505				8583			4227			15894				13383		
157.89			2375				1151			1700			5732				4437			8099			1589				1583				6256				2375						2623				1023				4309				6225						8102				1657			4210			4731				2969			1324			1108				1000			828			1342				1566				2947				1774						2206				593				696				2747			5958			7370				9991						8214				4839			3103			4049				4885			3021			2663				3191						1601				4280			2232			713				900						2264				590						1160				1247				982				647			497			1026				1307			485			1403				828						494				1083						1672				1257				1712				1449						1403				1038			1435			3086				8066						2524				10716				4243				3487			10244			2392				4532			1002			5702				10517						9069				862			8917			13292				4608						8234				9187			12461			559				2713						7274				2169						11610				4073						6715				14580	
157.95				3041				1058						5429				2984						3883				3612				3724				8222		4710				4649				6210				4462				5184		9206				3647				4090						5574				5390						443				2587						849				1957				2828				1600		864				1893				3079				3859				3598						5654				2649		7836				5678				5982						7650				3511						1271				904		1727				5057				5783						519				717		1276				2913				3645		2489				1835				2350				1281				1130						2924				1436						1431				2030		564				2364				465		1646				1867				1669				975				1672		1717				919				644						7583				3898		8108				8173				8716				3737				8609						3830				8300						28465				5822		19055				11494				18743						10568				9269		21807				20247				16083						2659				6178		8237				11161				7017		14022				7830				7711		7267				10984				18336
159.77	4000				2962				6300		7406				7026				10697		3966				5572				9621				4369						4257				6226				6092				7797						11761				6253				8081		7086				5292				8412		2310				2221				2707		2193				2176				2600				2559						2396				1445				5048				7300				11306		11136				11835						7589				5123				9808		5787				6092				7342		3862				3777						3078				6153				7058		1454				1759						2962				4022						2782				2676				1122				1525				911		1425				670				1349		1945				1465						1194				2487						2635				2618				1687				1814						1900				1726				2083		7139				12262						5823				11999				5514				12133				13768		3761				4269				4258		21555				26939						17383				13358				19753		20440				22534						18743				20423				31360		4882				9808						10105				17688						13421				13305						9593				27945			
159.83		3496				2503						5239				4635						4638				4144				3644				10205			6537			7336				7408				5035				1360			10874			3908				3718						7721				6296						1032				2361						1152				1763				3704				1801			1413			2437				2938				2507				3165						4973				1598			5394			6836				5673						7202				4284						2102				1170			1147			4548				4858						429				862			1558			3042				4120			2558			2002				2410				1429				1209						976				1685						1562				1771			689			3128				545			2197			2102				1992				1562				2166			1827			1471				422						9138				1159			8189			7095				9319				1736				8869						3344				7492						23241				6926			24700			11676				8407						9222				12273			21886			15550				19995						3647				4610			8959			9453				13137			26333			6178				7796			4044			14834				12265		
159.89			2404				1127			1642			5730				4374			8125			1386				1630				6191				2233						2576				941				4142				6274						8022				1561			4049			4646				2964			1455			1078				979			827			1324				1675				2871				1783						2097				574				620				2423			5251			6179				8561						7031				4168			2848			3499				4252			2701			2723				3034						1605				4168			2073			690				741						2027				645						1052				1220				940				712			501			1095				1273			477			1428				799						474				1052						1677				1128				1697				1489						1341				926			1342			3044				7954						2449				10466				4155				3523			10340			2143				3912			915			5167				9614						8366				746			7779			12788				4385						7702				8390			11246			479				2291						6088				1789						9745				3618						6021				13457	
159.95				2922				1048						5488				2975						3750				3636				3870				8188		4908				4529				6383				4631				5149		9163				3495				4304						5586				5452						393				2621						894				2066				2840				1614		803				1803				3072				3227				3080						4654				2317		6737				4929				5145						6498				2913						1188				858		1773				4862				5714						456				641		1223				2965				3613		2541				1823				2260				1285				1154						2862				1408						1517				1929		561				2229				360		1667				1959				1534				1050				1624		1787				813				605						7469				3827		7749				8009				8469				3878				8525						3267				6379						26436				5142		17489				10040				16877						9319				7894		20692				18005				14413						2137				5376		7188				10036				5452		12561				6858				6816		6138				9410				16641
161.77	4049				3023				6270		7291				6816				11038		4115				5926				9930				4259						4350				6381				6118				7986						12221				6537				8160		7256				5262				8544		2348				2256				2933		2057				2002				2459				2669						2322				1498				4806				6893				10584		10264				11068						7388				4983				9685		5396				5910				7049		3865				3800						2965				6332				7007		1493				1638						2946				3949						2748				2559				1176				1538				930		1479				674				1362		1904				1370						1231				2508						2497				2724				1748				1838						1967				1690				2189		7256				11759						5660				11938				5451				11928				14071		3764				4290				4384		19718				24563						15595				11649				18116		19163				20047						17366				18505				29130		3599				7371						7711				13042						10354				10129						7938				23371			
161.83		3524				2475						4958				4861						4615				4298				3694				10352			6755			7250				7385				5332				1277			11213			3869				3652						7661				6318						1016				2482						1117				1820				3515				1796			1419			2363				3000				2352				3028						4639				1545			5330			6637				5520						6846				4089						1918				1135			1142			4666				5046						438				901			1508			3001				3966			2374			2002				2451				1457				1134						936				1675						1439				1758			631			2969				564			2270			2010				2034				1589				2073			1921			1485				441						9055				1129			8077			7142				9405				1617				8799						3619				7184						21730				6167			22705			10552				7613						8057				11265			21100			14025				18325						2834				3527			7052			8057				9591			20470			5289				6183			3237			12503				9561		
161.89			2331				1176			1669			5540				4194			8111			1402				1537				6013				2273						2554				945				4133				6152						8253				1570			4206			4517				2905			1309			1031				1006			795			1283				1630				2953				1794						2102				567				549				2456			4842			5995				7798						6644				3976			2747			3457				4150			2572			2789				3014						1555				4061			2073			642				738						2134				677						1077				1231				998				711			459			1107				1356			470			1337				891						436				1104						1794				1273				1657				1545						1516				978			1534			2912				8252						2343				10705				4062				3611			10196			2282				3714			860			4376				8242						6678				549			6662			11047				3708						6486				7158			9937			331				1522						4774				1261						6921				2701						5016				11326	
161.95				3138				1035						5541				2918						3860				3659				3710				8445		4833				4577				6465				4634				5172		9264				3632				4085						5656				5485						449				2710						923				1889				2786				1632		817				1862				3107				3049				2919						4461				2123		6113				4469				4850						5845				2590						1057				901		1660				5015				5737						522				645		1373				2795				3794		2480				1833				2322				1292				1177						2891				1390						1399				2062		550				2414				444		1744				1842				1516				987				1648		1830				815				550						7330				3853		7704				7835				8848				3830				8565						3175				5696						20889				3663		13953				7532				12738						7335				5592		17015				14320				10919						1377				3919		5646				7725				3460		9468				5512				4743		4358				6880				12299
163.77	4016				3034				6154		7524				6960				11021		4333				6005				9516				4508						4336				6275				6026				7970						12259				6562				8327		7231				5403				8492		2318				2384				2668		2149				2090				2527				2569						2291				1614				5114				7324				10829		10415				11713						7594				4970				10338		5691				5839				7477		3819				3817						2817				6251				7379		1420				1726						2912				4074						2785				2607				1115				1441				925		1493				685				1458		1931				1373						1297				2498						2562				2672				1754				1939						2066				1669				2134		7257				11833						5537				11789				5379				11637				13852		4181				4801				4824		15066				19622						12270				8969				14809		16083				14889						13603				13971				24082		2335				4663						4941				7867						7274				6689						5569				15978			
163.83		3479				2538						4989				4805						4589				4561				3648				10196			6955			7387				7286				5343				1312			11397			3928				3720						7561				6640						1121				2566						1133				1746				3608				1801			1420			2303				3069				2370				3140						4793				1715			5388			7361				5729						7489				4240						2038				1109			1028			4648				5086						458				942			1573			3116				4051			2334			1997				2397				1508				1273						972				1795						1508				1879			604			3014				544			2207			2158				2061				1479				2155			1863			1478				356						9062				1192			8008			6811				9208				1624				9164						4033				7837						18224				5033			18724			8481				5658						6651				8995			18859			11738				14436						2163				2594			4778			6225				6156			13586			4321				4474			2452			9183				6415		
163.89			2400				1125			1805			5587				4206			8289			1431				1492				6375				2278						2587				894				3885				6225						8342				1605			4217			4573				2869			1530			1105				1003			778			1306				1701				3070				1836						2202				597				603				2552			5145			6281				7916						6033				3966			2887			3513				4139			2872			2808				3062						1517				4387			2225			625				763						2098				632						1023				1214				980				678			456			1043				1304			502			1307				761						380				1111						1693				1228				1764				1503						1426				938			1358			2950				8205						2456				10575				4240				3496			10155			2470				4127			966			3324				6237						5269				454			5205			8492				2692						4902				5309			7747			248				1077						3237				882						4334				1790						3861				8043	
163.95				2965				1007						5511				2957						3845				3677				3695				8241		4762				4768				6508				4690				5186		9741				3736				4204						5733				5402						424				2727						935				2011				2922				1576		869				1958				3045				3110				2939						4214				2038		5862				4460				4979						5848				2626						1102				856		1741				5029				5883						542				744		1275				2611				3649		2456				1921				2418				1357				1102						2685				1508						1585				2065		547				2377				475		1722				1854				1608				964				1571		1746				844				579						7254				3788		7915				7823				8598				3663				8678						3686				5809						13852				2398		9655				5485				7945						4998				3775		12081				9868				7491						841				2540		3644				5005				2104		6114				3657				3042		2656				4444				7568
165.77	3967				3036				6320		7181				7034				11361		3989				6158				9944				4400						4530				6370				5921				7921						12764				6614				8211		7312				5229				8845		2265				2395				2860		2211				2013				2552				2591						2339				1470				5620				8644				12568		11584				13552						8366				5841				11942		6292				6990				8636		3844				3721						2748				6165				7177		1354				1640						2913				4003						2835				2737				1150				1519				950		1488				698				1421		1980				1408						1280				2554						2722				2708				1681				1958						1911				1722				2221		7212				12035						5698				11800				5332				11991				13989		5053				5446				5997		10607				14093						8577				6718				11232		11968				9829						10105				9946				17599		1525				2967						2981				4845						4682				4415						3952				10041			
165.83		3459				2570						4765				5021						4460				4724				3588				10563			7155			7591				7267				5146				1307			11578			3909				3814						7791				6538						1071				2432						1075				1732				3655				1777			1417			2341				2964				2728				3292						5192				1685			6188			7904				6477						8373				4815						1978				1044			1074			4478				4994						444				823			1594			3132				4082			2446			2086				2389				1427				1193						921				1780						1668				1821			630			3105				584			2260			2107				2153				1525				2290			1973			1398				450						8759				1171			7936			6819				9282				1625				9095						4491				8905						14278				3780			13824			6458				4319						5492				6823			14575			9106				10662						1670				2047			3475			4635				3874			8758			3333				3020			1819			6301				4429		
165.89			2351				1161			1773			5574				4109			8317			1367				1439				6231				2271						2502				978				4160				6360						8233				1645			4005			4640				2919			1459			1070				978			852			1355				1641				2954				1819						2124				616				602				2772			5809			6908				8603						6587				4337			3090			3959				4636			2921			2680				3026						1531				4150			2110			655				765						2109				568						1026				1278				939				729			502			1057				1329			481			1444				793						411				1063						1658				1274				1745				1442						1354				1018			1342			2849				7962						2291				10493				4027				3560			9900			2730				4684			1093			2385				4525						3832				265			3888			6292				1975						3534				3665			5784			175				741						2240				677						2702				1186						2857				5565	
165.95				3045				917						5627				2914						3851				3730				3847				8366		4860				4530				6295				4627				5213		9263				3630				4162						5855				5478						426				2598						879				1868				2837				1485		852				1875				3028				3149				3235						4468				2278		6247				4774				5746						6379				2952						1185				895		1608				4862				5889						544				741		1281				2777				3746		2551				1976				2328				1393				1056						2558				1418						1520				1961		618				2312				444		1743				1874				1560				947				1714		1772				922				571						7262				3896		7525				7539				8639				3603				8409						4187				6455						8591				1722		6653				3751				4710						3389				2533		8079				6369				4718						612				1581		2347				3234				1450		3589				2584				1800		1723				2726				4567
167.77	3779				3009				6398		7246				6653				11207		4113				6071				9976				4332						4431				6218				5953				7593						12506				6411				8375		7069				5350				8643		2232				2303				2728		2240				2034				2616				2687						2446				1467				6088				9865				14729		13546				15459						9430				6522				13668		7234				7802				9959		3817				3625						2749				6304				7351		1338				1776						2816				4030						2744				2673				1188				1382				958		1503				674				1430		2064				1441						1177				2446						2621				2701				1691				1812						2037				1794				2137		6867				11738						5296				11651				5114				11553				13775		5532				6595				6670		7278				9546						5850				4593				7869		8717				6730						6651				7050				11936		1050				1882						1976				2884						3249				2881						2843				6345			
167.83		3395				2365						4838				5003						4504				4594				3466				10630			6852			7316				7197				5320				1308			11630			3813				3650						7588				6656						1008				2415						1071				1777				3659				1748			1462			2334				3017				2843				3505						5392				1799			6641			8545				6909						9772				4787						1863				1036			1089			4412				4862						401				791			1498			3164				3896			2216			1852				2348				1477				1178						955				1728						1472				1766			608			2858				543			2112			1981				2083				1343				2134			1906			1425				401						8574				1076			7840			6775				9211				1697				8513						4926				10500						10235				2971			10194			5153				3159						4272				5076			10885			6871				7671						1251				1538			2362			3411				2567			5421			2322				2179			1393			4259				3096		
167.89			2341				1213			1703			5284				3823			7993			1337				1485				6172				2058						2512				927				3880				6202						8408				1692			4199			4492				2961			1466			1071				991			779			1327				1632				2833				1847						1958				548				587				3063			6348			8082				9692						7505				4670			3029			4322				5114			3056			2559				2950						1500				4307			2144			699				732						2015				562						1116				1176				929				702			476			1094				1358			519			1350				805						409				1008						1727				1212				1687				1443						1379				965			1382			2893				7925						2256				10277				3899				3490			9385			2987				5458			1159			2000				3453						3112				268			2784			4980				1606						2482				2787			4431			173				538						1613				554						1892				935						2196				3775	
167.95				2801				887						5683				2785						3701				3674				3734				8180		4586				4432				6317				4226				4994		9148				3609				3945						5780				5287						431				2508						905				1967				2832				1392		797				1887				3059				3503				3500						4818				2450		7017				5381				6163						7414				3199						1140				852		1690				4956				5803						561				689		1219				2734				3646		2478				1866				2166				1319				1059						2512				1459						1555				2064		536				2336				431		1631				1842				1520				925				1666		1679				850				659						7458				3771		7508				7452				8438				3431				8319						4934				8139						5761				1378		4394				2885				2683						2612				2028		5495				4522				3456						539				1130		1694				2125				1103		2436				1763				1329		1209				1779				3100
169.77	3685				2904				6293		7034				6604				11056		3862				5787				9968				4067						4366				6197				6081				7528						12308				6436				8122		7200				5072				8785		2248				2199				2648		2100				2097				2628				2627						2332				1423				6507				10350				16616		14771				17314						10404				6980				15031		7735				8638				10535		3813				3649						2610				5821				7179		1462				1727						2740				4130						2807				2562				1087				1473				866		1425				692				1453		2007				1275						1123				2411						2507				2702				1727				1679						1874				1545				2035		6744				11321						5359				11402				4943				11325				13446		6140				7478				7271		5575				6643						4793				4107				6005		6540				5164						4925				5567				8371		1040				1529						1714				2195						2524				2454						2448				4502			
169.83		3002				2360						4661				5061						4185				4614				3346				10028			6714			7392				7137				5349				1273			11857			3766				3591						7652				6401						987				2287						1041				1736				3641				1682			1325			2331				2857				2810				3675						5633				1926			6781			9069				7342						10575				4856						1900				1002			1073			4204				4822						422				791			1460			3053				3825			2183			1918				2308				1335				1138						951				1729						1517				1800			597			3108				510			2163			2049				2048				1363				2187			1738			1420				344						8466				1124			7554			6426				9363				1636				8510						5136				11459						7735				2542			7930			4665				2820						4030				4251			7937			5516				5869						1332				1519			2028			2799				2243			3993			2156				1902			1230			3373				2516		
169.89			2167				1152			1737			5280				3873			7857			1245				1386				5943				1996						2345				906				3815				6030						8148				1743			3852			4474				2724			1337			1141				970			721			1235				1527				2949				1757						2026				498				625				3182			6527			8531				10728						8214				4921			3309			4659				5709			3441			2754				2929						1460				3808			1997			661				672						1972				547						1039				1189				898				652			424			1058				1241			529			1345				874						381				1040						1599				1212				1597				1377						1359				848			1322			2795				7436						2150				9959				3919				3375			9361			3138				6027			1118			1885				3025						2977				234			2877			4501				1748						2206				2719			4094			254				541						1490				697						1709				896						2104				3063	
169.95				2794				982						5316				2633						3544				3341				3417				8327		4487				4469				5956				4370				5033		9323				3523				3966						5516				5176						411				2523						912				1826				2876				1361		821				1924				3055				3753				3704						5135				2529		7786				5865				6660						8215				3651						1032				900		1580				4783				5580						551				662		1221				2618				3732		2494				1815				2166				1350				1057						2464				1445						1426				2036		596				2206				422		1598				1729				1416				964				1593		1638				848				575						7074				3556		7030				7361				8224				3380				8155						5554				9187						4459				1664		4192				3133				2259						2733				2486		4540				4356				3623						641				1068		1432				1765				1539		2084				1580				1268		1279				1775				2533
171.77	3637				2679				6024		6907				6371				10773		3599				5662				9455				3762						4062				5714				5723				7172						12098				6061				7460		7002				5121				7969		2215				2105				2370		2194				2098				2602				2538						2279				1373				6174				10161				16813		15249				17744						10362				7098				15155		7862				8710				10661		3909				3534						2418				5535				6925		1312				1449						2595				3787						2623				2520				1032				1422				835		1449				651				1329		1910				1330						1160				2174						2463				2459				1553				1771						1869				1593				2002		6461				11065						5090				11261				4734				10767				13041		6146				7182				6611		6092				6196						4685				4478				5617		5813				5391						4523				5978				7475		1398				2293						2533				3507						3133				3360						2818				4927			
171.83		2995				2210						4470				4471						4097				4484				3247				9863			6579			6964				6851				4884				1217			11907			3413				3410						7419				6157						913				2227						1018				1664				3455				1745			1367			2348				2823				2798				3661						5716				1815			6527			8781				7104						10290				4700						1850				981			985			4079				4697						402				740			1386			2832				3631			2226			1776				2317				1323				1149						1012				1806						1539				1814			581			2881				526			2034			1908				1945				1371				2045			1731			1338				421						8163				1022			6826			6199				9117				1518				8199						4848				11552						7312				2869			8008			5150				3212						4919				4711			6737			5583				5793						1692				1981			2411			3376				3166			4568			2558				2516			1493			3757				3025		
171.89			2259				1127			1659			5143				3818			7836			1173				1286				5791				1964						2221				884				3729				5896						8009				1539			3716			4420				2485			1444			1031				905			724			1202				1623				2745				1680						1861				512				628				3095			6648			8571				11014						8535				5041			3394			4581				5805			3048			2623				2831						1267				3661			1996			606				687						1739				611						1009				1238				938				626			376			1008				1285			480			1335				753						388				991						1622				1146				1577				1383						1314				932			1252			2589				7201						2204				9701				3758				3300			9004			2908				6196			1086			2588				3722						3852				370			3545			5304				2524						2345				3681			5379			345				801						2426				1121						2794				1202						2610				3516	
171.95				2761				866						5403				2610						3476				3273				3417				8139		4479				4278				5856				4097				4779		9001				3374				3721						5437				5218						442				2383						867				1835				2998				1366		816				1678				2960				3839				3714						5639				2463		8369				5990				7035						8712				3638						1064				845		1544				4745				5583						473				649		1160				2636				3617		2305				1759				2269				1309				1043						2315				1390						1470				2023		591				2190				419		1708				1830				1395				980				1518		1577				867				527						6801				3371		6958				7197				8165				3218				7673						5365				10219						6052				2700		5511				4547				3425						4151				3952		5585				6408				5264						963				1611		2160				2728				2911		2949				2306				2190		2209				2764				3756
173.77	3459				2686				5575		6699				6161				10532		3308				5186				8968				3573						3910				5350				5655				6824						12007				5582				7092		6834				4683				7472		2151				2161				2412		2253				1953				2466				2521						2177				1300				5742				9649				16682		14959				17416						10415				6814				14632		7680				8589				10110		3871				3371						2365				5370				6729		1338				1485						2490				3450						2596				2442				1034				1397				794		1455				709				1342		1846				1261						1112				2179						2352				2391				1645				1705						1854				1444				1987		6419				10593						4919				10904				4660				10616				12593		5790				6859				6090		8454				8237						6198				6168				7372		7080				7941						5858				8463				9775		2200				3959						4735				6581						5317				5624						4472				7683			
173.83		3021				2054						4308				4571						4014				4575				3116				9938			6303			6793				6590				4964				1201			12022			3537				3408						7189				5996						989				2321						1008				1657				3497				1710			1256			2222				2575				2595				3440						5462				1718			6165			8465				6745						10072				4389						1688				931			1009			3969				4695						346				697			1407			2925				3665			2171			1807				2380				1312				1221						935				1715						1455				1736			609			2779				465			2134			1820				1842				1389				1981			1727			1417				388						7993				992			6726			6142				9053				1498				8154						4237				11109						8712				3550			10330			6569				4157						6050				6136			7314			7062				7771						2396				2645			3811			4605				5714			8241			3517				4118			2280			5943				5072		
173.89			2010				1066			1582			5077				3675			7230			1197				1236				5580				1802						2007				814				3614				5384						7867				1553			3509			4040				2446			1369			1018				944			736			1204				1423				2639				1713						1941				458				587				2921			6375			8359				10755						8824				4912			3182			4328				5624			2900			2575				2655						1239				3570			1844			603				627						1829				564						1042				1068				937				607			434			921				1267			547			1258				742						345				938						1495				1137				1582				1315						1258				761			1175			2504				6851						2038				9217				3533				3169			8713			2811				5951			1085			3322				5244						4871				448			4642			6967				3300						3452				4932			6929			409				1248						3834				1400						4827				1833						3871				5358	
173.95				2568				849						5280				2390						3346				2949				3225				7986		4219				4136				5661				4040				4350		8695				3235				3491						5337				4802						430				2306						843				1818				2840				1377		660				1845				2985				3908				3739						5737				2425		8290				6057				6756						8706				3677						932				791		1494				4502				5502						501				564		1134				2543				3499		2467				1839				2055				1306				967						2422				1359						1318				1942		537				2349				387		1579				1848				1385				938				1460		1437				732				565						6920				3212		6637				6643				7982				2895				7593						5167				10592						10450				3606		8736				6299				6063						5826				5298		8609				9732				7891						1469				2765		3494				4888				4791		5310				3971				3725		3536				4883				6529
175.77	3412				2362				5458		6387				5808				10238		3270				5265				8876				3414						3736				4997				5535				6569						11458				5202				6701		6516				4571				7035		2002				2077				2200		2066				1902				2599				2432						2234				1282				5024				8524				14822		13894				16023						9658				6212				12985		6983				7764				9192		3652				3371						2257				5069				6403		1152				1372						2360				3503						2510				2292				1086				1329				796		1303				697				1322		1859				1232						1068				2018						2380				2401				1612				1687						1729				1445				1897		5882				10354						4682				10701				4412				10025				12379		5123				6158				5365		11704				12395						8845				7005				9430		9818				11761						8659				11117				14123		3134				5681						6948				10017						7233				7478						6393				13061			
175.83		2907				2025						4242				4536						3713				4372				2866				9550			6180			6474				6494				4573				1116			11939			3344				3124						7017				5865						979				2148						979				1627				3582				1613			1246			2175				2737				2379				3309						5241				1677			5549			7495				6148						9249				3978						1687				882			901			3976				4470						316				746			1270			2763				3539			2043			1710				2154				1230				1168						877				1758						1484				1805			494			2737				470			1913			1784				1958				1354				1915			1720			1258				325						7952				974			6590			5720				8956				1381				7612						3605				9809						11852				4078			14381			7969				5467						6768				7338			10326			8586				10977						2631				2957			5535			6438				7981			13389			4426				5311			2755			9426				7784		
175.89			1919				1037			1430			4731				3540			7011			969				1178				5363				1777						1967				873				3411				5244						7749				1415			3438			4047				2269			1234			986				911			605			1131				1459				2768				1575						1798				457				502				2547			5478			7800				10260						8346				4614			2881			3982				5105			2539			2398				2703						1215				3513			1792			565				600						1708				552						939				1028				817				564			385			1024				1287			525			1329				668						387				880						1564				1014				1535				1206						1253				824			1078			2393				6923						2129				9026				3527				2975			8445			2384				5338			968			3739				6267						5896				497			5100			8681				3930						4411				5774			8200			415				1408						4858				1538						6049				2039						4565				8102	
175.95				2591				874						4930				2274						3426				2863				3147				7918		4229				4058				5449				3830				4113		8663				3025				3358						5412				4833						350				2243						804				1778				2662				1354		745				1670				2862				3495				3477						5410				2280		7719				5719				6156						8319				3308						921				781		1421				4323				5393						417				564		1156				2435				3311		2316				1832				1999				1154				1005						2446				1477						1357				1927		524				2155				355		1571				1714				1287				893				1539		1396				782				486						6631				3138		6526				6476				7563				2861				7397						4318				9468						15643				4137		11779				7532				10216						7334				6019		12422				12683				10025						1708				3774		4911				7142				5816		8253				4829				4680		4423				7090				10302
177.77	3328				2419				5280		6276				5606				10130		3048				5127				8965				3276						3522				4863				5283				6180						11384				5010				6566		6467				4399				6921		2086				2056				2289		2096				1893				2499				2486						2124				1220				4550				7617				13518		12553				14647						9108				5417				11680		6276				6798				8374		3648				3200						2121				5137				6188		1199				1366						2361				3313						2466				2343				1024				1271				702		1284				609				1282		1817				1264						896				2093						2372				2400				1610				1607						1829				1389				1914		5885				10000						4679				10465				4446				9970				12176		4442				5487				4637		13577				15486						10554				7742				11356		12074				15398						11349				12841				18413		3688				6239						8825				12184						8469				8685						7758				18153			
177.83		2864				2090						4052				4091						3645				4525				2759				9434			6025			6455				6390				4692				1114			11859			3359				3291						6993				5769						932				2200						995				1552				3417				1577			1318			2076				2698				2224				3281						4543				1507			5238			6938				5627						8535				3622						1612				822			895			3947				4566						348				741			1250			2724				3276			2110			1723				2209				1328				1159						886				1787						1381				1852			566			2799				398			2000			1792				1929				1339				1948			1560			1285				394						7560				916			6462			5573				8931				1314				7564						3190				8695						14592				4688			17368			8352				6097						7067				8100			14323			10177				13368						2848				3059			6342			7464				9782			18409			4929				6257			2836			11609				9992		
177.89			1931				972			1464			4747				3350			6757			936				1150				5226				1809						1995				765				3466				5308						7756				1473			3443			3952				2160			1218			1030				855			682			1084				1355				2832				1641						1730				468				472				2345			4935			7118				9515						7839				4477			2705			3511				4642			2345			2375				2753						1116				3624			1697			557				573						1678				540						943				1126				830				577			351			1031				1243			468			1205				632						346				931						1506				994				1541				1219						1195				791			1163			2353				6926						2048				8789				3412				3234			8021			2101				4599			900			3923				7150						6207				505			5648			9390				4232						4899				6113			8834			410				1387						5178				1735						7007				2294						5088				9810	
177.95				2481				775						4875				2195						3258				2914				3239				7755		3931				3867				5248				3970				4018		8449				2954				3319						5149				4725						381				2267						770				1701				2641				1357		711				1671				2900				3357				3226						5218				2058		6928				5304				5413						7532				3000						906				731		1370				4262				5436						437				626		1169				2307				3352		2307				1735				2035				1251				935						2395				1374						1333				1993		571				2262				389		1604				1679				1303				818				1497		1453				740				498						6495				2988		6231				6256				7621				2758				7386						3822				8682						19486				4405		14314				8443				13087						8251				6336		15200				14673				11446						1747				3937		5566				7925				6454		10196				5492				5392		4733				8380				12455
179.77	3221				2344				5031		5984				5514				9973		2954				4764				8369				3196						3361				4817				5161				6069						11096				5026				6049		6314				4320				6720		2046				2118				2140		2106				1759				2617				2231						2088				1240				4009				6750				11366		11118				12379						8111				5011				10280		5501				5846				7286		3574				3258						2029				4880				6431		1183				1384						2265				3483						2376				2152				1034				1319				659		1382				646				1189		1808				1207						1085				2071						2366				2384				1469				1685						1804				1393				1835		5937				9828						4658				10121				4394				9697				12320		3968				4637				4066		14892				17228						11528				7948				11887		13370				16902						12936				13464				21491		4160				6670						9226				13269						8786				9160						8121				20826			
179.83		2627				1939						3969				4176						3670				4524				2767				9176			6042			6278				6150				4564				1039			11752			3379				2917						6620				5447						839				2081						923				1562				3473				1569			1327			2121				2591				1900				3030						4531				1443			4585			6357				5342						7706				3181						1574				895			812			3852				4478						369				722			1253			2678				3400			1921			1612				2101				1212				1177						883				1770						1429				1825			620			2650				490			2011			1840				1905				1311				1989			1685			1300				345						7300				897			6452			5497				8776				1354				7530						2956				8025						16435				4936			19034			8732				6252						7242				8347			16514			10066				14391						2815				2905			6704			7781				10206			20123			4996				6600			3023			12570				11178		
179.89			1911				1007			1389			4587				3380			6559			930				1104				5031				1540						1805				774				3290				5120						7533				1316			2981			3848				2181			1276			1058				897			721			1227				1424				2759				1616						1707				419				428				2205			4544			6410				8327						7330				3970			2440			3200				4260			2212			2455				2491						1095				3423			1620			560				570						1655				565						908				1124				818				595			381			1033				1247			515			1208				708						345				918						1499				1025				1486				1093						1197				779			1077			2244				6657						1799				8729				3427				3055			7838			1798				4152			754			3882				7062						6373				555			5627			9788				4605						4961				6324			8865			416				1549						5227				1726						7355				2325						5087				10184	
179.95				2521				841						4884				2099						3200				2944				2917				7777		4046				3881				5148				3681				4007		8349				2874				3053						5409				4695						372				2251						818				1784				2811				1315		769				1675				2878				2674				2948						4640				1858		6160				4828				5019						6846				2579						890				720		1343				4227				5129						451				594		1090				2281				3256		2378				1693				2064				1308				997						2534				1314						1374				1977		480				2085				391		1531				1764				1315				872				1535		1363				679				540						6469				2897		6251				6268				7678				2698				7152						3234				7330						21080				4311		14776				8423				14126						8297				6108		16350				14895				11333						1831				3935		5531				8409				6699		10798				5769				5677		4874				8871				13844
181.77	3145				2246				4911		5972				5460				9851		2779				4881				8571				3242						3292				4592				5180				6115						11028				4763				5780		6002				4240				6470		2013				1962				2314		2097				1835				2516				2426						2033				1240				3696				5890				10161		9769				11296						7604				4540				9532		5156				5514				6475		3499				3117						2021				4879				6193		1195				1406						2186				3239						2393				2260				1040				1334				708		1376				651				1122		1874				1243						1019				2040						2212				2256				1556				1579						1772				1412				1802		5782				9814						4341				9928				4149				9463				12091		3566				4231				3861		14758				17291						11505				7503				11768		13690				17422						13305				13606				21436		4207				6480						9367				13152						8920				9128						7925				21288			
181.83		2659				1900						3850				3950						3394				4627				2544				9227			6068			6122				5867				4553				1003			11699			3171				3004						6866				5427						895				2183						962				1688				3438				1564			1211			1943				2615				1905				3092						4199				1451			4248			5894				5067						7572				3109						1490				802			866			3858				4502						346				621			1234			2649				3360			1847			1644				2199				1269				1108						869				1774						1450				1759			540			2691				429			1964			1749				1859				1268				1866			1503			1253				375						7008				954			6063			5358				8875				1356				7408						2918				7437						17393				4899			19660			8788				6603						7081				8635			18612			10203				14538						2848				3030			6722			8073				10490			20292			4851				6665			2929			13077				11362		
181.89			1935				1016			1415			4508				3201			6628			928				1155				4988				1656						1825				714				3233				4971						7425				1274			3011			3643				2071			1253			1022				881			661			1143				1361				2785				1665						1648				374				435				2047			4188			5833				7696						6739				3455			2329			3164				3922			1939			2424				2519						990				3500			1639			503				603						1569				487						895				1048				775				562			363			929				1187			559			1153				708						360				899						1529				1090				1510				1237						1153				816			1115			2216				6489						1760				8327				3273				3139			7743			1726				3679			711			3931				6946						6193				541			5480			9683				4820						5061				6100			8665			342				1523						4864				1632						7373				2159						4853				10400	
181.95				2369				765						4788				2040						2996				2738				2994				7672		3898				3821				5137				3681				3868		8155				2912				3155						5329				4799						398				2315						782				1801				2686				1281		666				1678				2783				2619				2731						4344				1797		5637				4150				4590						6064				2274						849				723		1420				4264				5104						500				600		1029				2214				3190		2352				1742				1991				1215				989						2611				1346						1352				1906		481				2304				344		1482				1758				1235				924				1479		1415				744				443						6583				2824		6148				6274				7512				2724				7162						2887				6143						21083				4034		14512				8199				14540						7980				6071		16475				14441				10980						1756				3891		5529				8231				6234		10404				5581				5484		4829				9009				13538
183.77	3165				2219				5027		5945				5327				9821		2888				4929				8346				3146						3283				4530				5039				5874						11186				4799				5746		5973				4116				6508		2006				1888				2260		1981				1864				2602				2574						2126				1227				3586				5766				9675		9245				10575						7709				4509				8992		4777				5187				6277		3696				3072						2163				5019				6492		1135				1326						2134				3439						2348				2254				962				1395				698		1377				662				1159		1979				1251						928				2066						2267				2248				1429				1661						1785				1440				1828		5820				9731						4259				10245				4003				9444				11964		3691				3892				4033		14540				17316						11248				7720				11858		13514				17666						13869				13532				21182		3874				6042						8752				12695						8351				8640						7461				21301			
183.83		2533				1777						3781				4107						3520				4565				2621				8833			5946			5863				5879				4330				999			11591			3059				2901						6537				5371						927				2124						900				1681				3501				1594			1195			2115				2518				1759				2834						4090				1440			4361			5798				4877						7292				2954						1549				849			840			3823				4526						335				623			1322			2648				3207			1859			1664				2168				1194				1143						851				1828						1377				1724			569			2630				407			1953			1802				1862				1339				1942			1638			1249				353						7072				874			6231			5176				8917				1409				7368						3058				7412						17078				4839			19145			8463				6232						6613				8132			19012			9816				14290						2654				2790			6342			7652				9459			19573			4734				6135			2758			12578				10919		
183.89			1881				993			1290			4544				3211			6355			904				1120				5000				1598						1710				795				3162				5061						7459				1410			2822			3683				1948			1240			997				850			628			1082				1415				2602				1643						1780				384				405				1973			3939			5669				6987						5976				3499			2176			2922				3627			1987			2343				2559						1091				3370			1694			617				551						1482				510						897				1064				733				535			343			1014				1300			466			1173				666						322				893						1542				981				1370				1165						1218				782			993			2188				6430						1906				8381				3162				3040			7778			1841				3557			703			3502				6657						5926				509			4908			9227				4341						4730				5718			8241			310				1257						4572				1341						6694				2077						4640				10224	
183.95				2491				759						4823				2047						3060				2749				2868				7479		3852				3827				5004				3738				3906		8132				2910				3124						5019				4485						382				2237						705				1667				2753				1350		636				1651				2733				2428				2533						3927				1667		5140				3897				4325						5790				2091						884				743		1373				4475				5148						473				660		1098				2187				3437		2383				1688				2091				1170				1007						2602				1449						1327				1903		507				2111				333		1547				1727				1235				868				1407		1355				688				492						6226				2855		6093				6127				7443				2699				7158						2787				5393						20122				3715		14047				7683				13485						7163				5257		16296				13603				9999						1463				3552		5284				7627				5278		9826				5140				5003		4287				8383				12613
185.77	2961				2114				4808		5694				5134				9783		2768				4792				8340				2970						3025				4440				5111				5902						10908				4556				5582		5953				3959				6114		2005				1938				2081		1897				1826				2521				2335						2002				1190				3548				5529				9291		8978				10703						7857				4226				8900		4949				5214				6370		3633				3087						2079				4848				6378		1124				1320						2050				3160						2362				2192				979				1265				685		1443				716				1184		1902				1209						1027				1924						2362				2360				1494				1517						1825				1411				1770		5600				9459						4254				9999				3878				9763				11501		3697				4011				4217		13454				15949						10747				6775				10905		12873				16249						12652				12168				19935		3227				4922						6792				9824						6828				6876						6396				18497			
185.83		2605				1931						3668				3997						3426				4374				2440				9022			5987			6120				5788				4415				956			11273			3015				2837						6520				5388						829				2150						1041				1673				3412				1478			1209			2065				2449				1817				2851						3881				1463			4394			6114				5050						7696				3153						1497				783			706			3820				4479						330				626			1251			2560				3260			1758			1643				2069				1176				1099						907				1851						1445				1734			514			2770				403			1954			1756				1906				1265				1947			1657			1175				393						6905				759			5851			5350				8776				1318				7028						3156				7792						16720				4403			18084			7859				5636						6027				7584			19396			9396				13191						2205				2356			5455			6636				7730			16495			4093				5179			2382			10850				8936		
185.89			1858				1033			1356			4362				2986			6257			831				1063				5064				1527						1707				772				3078				4878						7378				1409			3013			3642				1913			1188			979				936			635			1134				1324				2784				1637						1804				430				421				2004			3896			5628				6929						5923				3418			2319			2848				3610			2179			2321				2537						976				3325			1616			536				549						1512				498						919				1037				748				584			354			935				1260			526			1211				704						296				890						1468				1030				1476				1143						1190				826			1068			2099				6535						1800				8366				3121				3021			7461			1776				3579			694			3288				5747						5085				397			4368			8522				3961						4279				4845			7138			261				1018						3622				1009						4929				1558						4041				8765	
185.95				2423				840						4730				1931						3072				2862				2727				7743		3878				3759				5004				3537				3895		8303				2993				3231						5181				4560						359				2366						735				1841				2814				1368		627				1611				2798				2405				2468						3854				1551		4887				3836				4341						5414				2210						795				878		1387				4417				5202						412				669		1071				2309				3204		2396				1656				2041				1078				884						2311				1378						1312				2008		513				2204				374		1654				1712				1338				903				1430		1393				717				530						6324				2896		6018				6086				7389				2729				7083						3104				5176						17379				2804		11670				6112				11048						5772				4076		14446				11171				8198						1120				2689		4143				6307				3569		7886				4451				3709		3281				6383				9817
187.77	3227				2182				4747		5701				5161				9721		2668				4811				8129				3005						3191				4251				5058				5563						10821				4546				5612		5901				4203				6229		2012				1840				2099		2087				1917				2645				2408						1973				1115				3761				6088				10231		9323				11013						8103				4604				9463		5370				5609				6556		3483				2973						1968				4721				6209		1104				1229						2027				3289						2320				2225				1006				1342				738		1375				647				1169		1908				1334						955				1987						2356				2233				1471				1570						1875				1252				1767		5671				9251						4204				9980				3991				9177				11467		4038				4522				4625		11341				14335						8720				5451				9435		11590				13163						11190				10559				18221		2062				3528						4790				6840						5284				4966						4962				13849			
187.83		2608				1835						3719				3735						3330				4613				2530				8819			6010			5915				5657				4338				962			11345			3043				2899						6357				5180						945				2240						963				1669				3410				1479			1101			1920				2561				1901				2859						3914				1447			4417			6327				5105						8306				3291						1491				825			807			3750				4416						383				653			1156			2573				3242			1904			1585				2212				1271				1150						938				1739						1384				1812			503			2642				421			1896			1660				1985				1234				1892			1500			1276				418						7112				873			5958			5313				8902				1417				6962						3426				8206						14924				4019			15729			6440				4637						5039				6603			18245			8344				11325						1724				1819			4271			5407				5369			12340			3467				3935			1897			8545				6319		
187.89			1796				1005			1375			4410				3043			6129			831				1016				4778				1476						1687				712				3006				4859						7222				1326			2867			3438				1796			1280			969				934			709			1108				1344				2717				1565						1715				423				333				2129			4142			5888				7339						6057				3544			2293			3003				3822			2123			2276				2652						1010				3413			1607			495				596						1535				454						841				1049				725				546			363			982				1305			561			1203				598						276				802						1481				1054				1457				1040						1137				747			1059			2075				6263						1840				8027				3078				2895			7406			1929				4080			842			2424				4614						4180				326			3596			6791				2903						3536				3674			5763			185				762						2689				775						3273				1129						3249				6661	
187.95				2387				750						4723				1959						3076				2534				2984				7462		3772				3525				5017				3699				3790		8206				2794				2969						4930				4454						409				2358						828				1679				2712				1332		639				1611				2973				2436				2590						3841				1613		5056				3929				4534						5576				2213						843				757		1309				4298				5060						462				604		1145				2213				3034		2292				1770				1938				1166				992						2290				1413						1335				1955		508				2263				311		1529				1737				1336				888				1350		1397				696				529						6084				2720		5789				5945				7359				2611				7021						3360				5653						12719				1994		8618				4397				7687						4223				3028		11377				8369				5990						802				1831		3117				4386				2275		5707				3099				2496		2290				4415				6694
189.77	2952				1998				4687		5605				5015				9642		2539				4685				7954				2785						2919				4035				4992				5445						10487				4392				5346		5769				3968				6020		2028				1858				2022		1950				1716				2612				2277						1867				1124				3746				6338				10507		10143				12175						8567				4886				10012		5532				5958				6975		3442				3036						1855				4610				6131		1035				1221						2009				3120						2261				2096				939				1200				677		1338				704				1096		1857				1074						987				1976						2253				2308				1414				1417						1768				1320				1734		5308				9006						4000				9518				3763				9060				11148		4320				5145				5047		8604				10847						6900				4219				7587		9519				9427						8690				7747				14222		1289				2309						2894				4375						3910				3375						3851				9961			
189.83		2398				1834						3618				3625						3234				4463				2386				8520			5860			5628				5424				4288				831			11189			2881				2789						6469				4863						795				2098						954				1716				3392				1447			1201			1951				2505				1913				2926						4096				1388			4559			6606				5266						8646				3313						1462				873			759			3423				4317						426				656			1205			2515				3119			1816			1598				2026				1192				1146						833				1904						1398				1716			515			2724				441			1946			1682				1762				1275				1900			1500			1274				370						6866				810			5661			4967				8645				1325				6984						3577				8930						12676				2971			12559			5258				3538						4100				5291			15360			6649				8862						1349				1363			2896			4350				3505			8478			2695				2788			1389			6318				4598		
189.89			1731				997			1290			4261				3043			6095			821				1087				4854				1410						1575				727				2962				4889						7002				1320			2830			3328				1799			1189			950				923			576			1048				1357				2680				1694						1669				368				394				2095			4190			6373				7870						6297				3701			2436			3182				3985			2156			2253				2486						975				3323			1634			474				505						1303				509						880				986				743				570			380			928				1278			492			1181				605						327				816						1438				985				1396				1097						1190				824			979			2011				6235						1914				7930				3020				2823			7234			2083				4388			880			1896				3591						3093				225			2677			5386				2188						2629				2836			4674			131				547						1911				635						2370				780						2621				4993	
189.95				2281				839						4734				1865						2945				2605				2873				7352		3525				3634				5016				3567				3797		8096				2730				2811						5120				4243						381				2277						753				1602				2770				1268		601				1578				2809				2486				2687						3887				1520		5348				4080				4864						6228				2339						838				746		1326				4294				5161						523				661		1108				2074				3090		2330				1628				1912				1166				954						2187				1346						1382				1962		483				2184				297		1565				1656				1347				889				1389		1407				727				471						6285				2627		5612				5730				7380				2524				6964						3747				6430						8793				1516		6203				3295				4907						2975				2103		8148				5795				4220						502				1201		2100				2923				1525		3821				2393				1712		1567				2846				4339
191.77	2907				1895				4432		5522				4945				9508		2552				4687				7961				2638						3133				4239				4917				5296						10363				4196				5391		5763				3859				6088		1901				1865				2062		2141				1741				2620				2365						1901				1141				3735				6523				11191		10840				12866						9048				5005				10801		5826				6286				7350		3428				3091						1810				4432				6163		1059				1250						1898				3227						2325				2115				886				1235				645		1408				645				1188		1806				1205						1030				1866						2269				2077				1380				1471						1834				1296				1601		5434				9094						4052				9430				3629				8902				11203		4464				5398				5163		6435				8374						5045				3430				5904		7488				7002						6446				6150				10573		999				1672						2131				2893						2850				2473						2973				6760			
191.83		2319				1870						3431				3791						3270				4419				2406				8663			5769			5538				5384				4059				859			10964			2915				2734						6089				4894						909				2143						909				1666				3386				1444			1088			1870				2510				1791				3135						4379				1508			4414			6625				5433						9005				3375						1460				792			715			3766				4186						324				605			1142			2510				3084			1741			1567				2119				1152				1119						908				1798						1352				1792			561			2580				441			1884			1703				1761				1261				1827			1505			1229				321						6533				854			5506			4881				8729				1249				6991						3493				9508						9736				2386			9577			4292				2657						3543				4141			11905			5450				6865						1145				1166			2277			3529				2547			5736			2222				2382			1187			4633				3178		
191.89			1785				901			1376			4148				2977			6039			817				1015				4580				1492						1454				733				2789				4732						7135				1303			2746			3364				1811			1214			975				868			599			1084				1329				2665				1660						1674				379				350				2006			4375			6463				8449						6507				3750			2388			3183				4113			2097			2150				2394						937				3059			1510			480				556						1451				503						900				1044				770				501			329			955				1180			519			1182				652						304				849						1441				1010				1420				953						1132				738			985			1993				6074						1727				7970				2992				2833			6987			2041				4463			933			1565				2793						2577				190			2225			4186				1735						2094				2256			3754			170				452						1425				533						1758				705						2084				3566	
191.95				2185				706						4659				1794						2876				2431				2714				7504		3714				3545				4758				3595				3563		7945				2731				2831						5003				4282						332				2306						738				1710				2716				1239		625				1639				2841				2730				2573						4210				1796		5664				4226				4986						6849				2537						839				730		1337				4250				5109						491				625		1142				2159				3073		2333				1709				1936				1074				860						2100				1330						1359				2001		507				2130				286		1554				1628				1223				872				1330		1331				616				477						6020				2589		5559				5622				7398				2361				6631						3950				7214						5874				1203		4479				2628				2952						2453				1756		5847				4349				3143						459				912		1623				2097				1285		2470				1773				1287		1211				2038				3074
193.77	2856				1973				4479		5534				4723				9572		2501				4659				7626				2656						2985				4009				4792				5408						10542				4290				5210		5671				3926				5906		1854				1825				2168		1888				1763				2826				2374						1807				1114				3711				6480				11536		11298				13360						9309				5177				10931		5688				6550				7387		3547				2973						1845				4507				5993		1069				1267						1897				3030						2271				2086				949				1291				638		1396				643				1110		1892				1116						995				1843						2179				2131				1400				1548						1743				1239				1664		5200				8849						3942				9369				3708				8722				10983		4601				5733				4906		5208				6357						4153				3024				4597		5880				5568						4833				4958				7879		896				1475						1720				2367						2378				2161						2509				4868			
193.83		2411				1703						3528				3705						3237				4486				2254				8551			5723			5420				5273				4044				813			11129			2904				2626						5984				5023						785				2111						938				1704				3495				1462			1115			1786				2506				1903				2875						4175				1338			4556			6699				5328						9071				3377						1427				729			687			3636				4374						320				729			1175			2567				3050			1646			1532				2028				1166				1166						808				1849						1381				1862			533			2677				444			1850			1622				1635				1284				1855			1373			1172				330						6507				791			5322			4899				8827				1293				6761						3275				9701						7737				2141			7881			3961				2477						3391				3701			9077			4485				5321						1030				1119			1945			2945				2268			4359			1956				1973			1264			3752				2647		
193.89			1766				942			1274			4258				2896			5941			801				1049				4766				1384						1522				683				3002				4686						6998				1361			2939			3270				1743			1291			1093				815			638			1015				1332				2703				1586						1612				385				346				2210			4507			6857				8633						6856				3707			2278			3324				4468			2203			2217				2367						910				3219			1589			517				573						1486				481						841				995				696				503			328			955				1162			467			1114				677						285				799						1405				1108				1339				1079						1118				731			1005			1928				6193						1788				7563				2936				2813			6803			2054				4769			873			1569				2675						2446				207			2127			4006				1765						1728				2275			3692			199				467						1532				680						1724				701						1982				2907	
193.95				2235				785						4465				1931						2829				2503				2675				7448		3841				3521				4710				3448				3628		8052				2749				2870						4923				4197						379				2335						810				1718				2755				1195		633				1569				2704				2591				2656						4426				1828		6040				4361				5125						6983				2578						780				707		1356				4038				4889						490				587		1059				2129				3110		2324				1637				1965				1119				868						2199				1389						1377				2015		552				2210				302		1593				1762				1242				833				1343		1308				679				539						6018				2560		5589				5603				7293				2304				6811						4115				7774						4720				1551		3873				2695				2415						2488				2089		4730				4003				3296						530				894		1323				1800				1765		2193				1627				1330		1263				1757				2675