Time,dkaiA_148.1.1.a,dkaiA_148.1.1.b,dkaiA_148.1.2.a,dkaiA_148.1.2.b,dkaiA_148.1.3.a,dkaiA_148.1.3.b,dkaiA_148.2.1.a,dkaiA_148.2.1.b,dkaiA_148.2.2.a,dkaiA_148.2.2.b,dkaiA_148.2.3.a,dkaiA_148.2.3.b,dkaiA_148.3.1.a,dkaiA_148.3.1.b,dkaiA_148.3.2.a,dkaiA_148.3.2.b,dkaiA_148.4.1.a,dkaiA_148.4.1.b,dkaiA_148.4.2.a,dkaiA_148.4.2.b,dkaiA_148L156A.1.1.a,dkaiA_148L156A.1.1.b,dkaiA_148L156A.1.2.a,dkaiA_148L156A.1.2.b,dkaiA_148L156A.1.3.a,dkaiA_148L156A.1.3.b,dkaiA_148L156A.2.1.a,dkaiA_148L156A.2.1.b,dkaiA_148L156A.2.2.a,dkaiA_148L156A.2.2.b,dkaiA_148L156A.2.3.a,dkaiA_148L156A.2.3.b,dkaiA_148L156A.3.1.a,dkaiA_148L156A.3.1.b,dkaiA_148L156A.3.2.a,dkaiA_148L156A.3.2.b,dkaiA_148L156A.4.1.a,dkaiA_148L156A.4.1.b,dkaiA_148L156A.4.2.a,dkaiA_148L156A.4.2.b,dkaiA_164.1.1.a,dkaiA_164.1.1.b,dkaiA_164.1.2.a,dkaiA_164.1.2.b,dkaiA_164.1.3.a,dkaiA_164.1.3.b,dkaiA_164.2.1.a,dkaiA_164.2.1.b,dkaiA_164.2.2.a,dkaiA_164.2.2.b,dkaiA_164.2.3.a,dkaiA_164.2.3.b,dkaiA_164.3.1.a,dkaiA_164.3.1.b,dkaiA_164.3.2.a,dkaiA_164.3.2.b,dkaiA_164.4.1.a,dkaiA_164.4.1.b,dkaiA_164.4.2.a,dkaiA_164.4.2.b,dkaiA_181.1.1.a,dkaiA_181.1.1.b,dkaiA_181.1.2.a,dkaiA_181.1.2.b,dkaiA_181.1.3.a,dkaiA_181.1.3.b,dkaiA_181.2.1.a,dkaiA_181.2.1.b,dkaiA_181.2.2.a,dkaiA_181.2.2.b,dkaiA_181.3.1.a,dkaiA_181.3.1.b,dkaiA_181.3.2.a,dkaiA_181.3.2.b,dkaiA_181.4.1.a,dkaiA_181.4.1.b,dkaiA_181.4.2.a,dkaiA_181.4.2.b,dkaiA_ctrl.1.1.a,dkaiA_ctrl.1.1.b,dkaiA_ctrl.1.2.a,dkaiA_ctrl.1.2.b,dkaiA_ctrl.1.3.a,dkaiA_ctrl.1.3.b,dkaiA_ctrl.2.1.a,dkaiA_ctrl.2.1.b,dkaiA_ctrl.2.2.a,dkaiA_ctrl.2.2.b,dkaiA_ctrl.2.3.a,dkaiA_ctrl.2.3.b,dkaiA_ctrl.3.1.a,dkaiA_ctrl.3.1.b,dkaiA_ctrl.3.2.a,dkaiA_ctrl.3.2.b,dkaiA_ctrl.4.1.a,dkaiA_ctrl.4.1.b,dkaiA_ctrl.4.2.a,dkaiA_ctrl.4.2.b,dkaiA_L156A.1.1.a,dkaiA_L156A.1.1.b,dkaiA_L156A.1.2.a,dkaiA_L156A.1.2.b,dkaiA_L156A.1.3.a,dkaiA_L156A.1.3.b,dkaiA_L156A.2.1.a,dkaiA_L156A.2.1.b,dkaiA_L156A.2.2.a,dkaiA_L156A.2.2.b,dkaiA_L156A.2.3.a,dkaiA_L156A.2.3.b,dkaiA_L156A.3.1.a,dkaiA_L156A.3.1.b,dkaiA_L156A.3.2.a,dkaiA_L156A.3.2.b,dkaiA_L156A.4.1.a,dkaiA_L156A.4.1.b,dkaiA_L156A.4.2.a,dkaiA_L156A.4.2.b,dkaiA_wt.1.1.a,dkaiA_wt.1.1.b,dkaiA_wt.1.2.a,dkaiA_wt.1.2.b,dkaiA_wt.1.3.a,dkaiA_wt.1.3.b,dkaiA_wt.2.1.a,dkaiA_wt.2.1.b,dkaiA_wt.2.2.a,dkaiA_wt.2.2.b,dkaiA_wt.2.3.a,dkaiA_wt.2.3.b,dkaiA_wt.3.1.a,dkaiA_wt.3.1.b,dkaiA_wt.3.2.a,dkaiA_wt.3.2.b,dkaiA_wt.4.1.a,dkaiA_wt.4.1.b,dkaiA_wt.4.2.a,dkaiA_wt.4.2.b,kaiA.1.1.a,kaiA.1.1.b,kaiA.1.2.a,kaiA.1.2.b,kaiA.1.3.a,kaiA.1.3.b,kaiA.1.4.a,kaiA.1.4.b,kaiA.1.5.a,kaiA.1.5.b,kaiA.1.6.a,kaiA.1.6.b,kaiA.1.7.a,kaiA.1.7.b,kaiA.1.8.a,kaiA.1.8.b,kaiA.1.9.a,kaiA.1.9.b,kaiA148.1.1.a,kaiA148.1.1.b,kaiA148.1.2.a,kaiA148.1.2.b,kaiA148.1.3.a,kaiA148.1.3.b,kaiA148.1.4.a,kaiA148.1.5.a,kaiA148.2.1.a,kaiA148.2.1.b,kaiA148.2.2.a,kaiA148.2.2.b,kaiA148.2.3.a,kaiA148.2.4.a,kaiA148.3.1.b,kaiA148.3.2.b,kaiA148.4.1.b,kaiA148.4.2.b,kaiA148L156A.1.1.a,kaiA148L156A.1.1.b,kaiA148L156A.1.2.a,kaiA148L156A.1.2.b,kaiA148L156A.1.3.a,kaiA148L156A.1.3.b,kaiA148L156A.1.4.a,kaiA148L156A.1.5.a,kaiA148L156A.2.1.a,kaiA148L156A.2.1.b,kaiA148L156A.2.2.a,kaiA148L156A.2.2.b,kaiA148L156A.2.3.a,kaiA148L156A.2.4.a,kaiA148L156A.3.1.b,kaiA148L156A.3.2.b,kaiA148L156A.4.1.b,kaiA148L156A.4.2.b
2.096944444,2363,,2041,,2644,,1567,,1671,,2270,,1530,,2017,,1082,,1710,,5375,,7257,,11887,,5518,,8048,,9937,,6984,,9925,,7459,,9672,,2606,,2536,,4293,,2185,,2755,,4243,,3708,,4888,,3005,,4139,,5201,,7215,,10524,,5374,,7313,,5184,,6941,,6396,,7198,,1643,,1274,,1664,,1318,,1383,,2023,,1737,,2008,,1328,,1528,,5791,,8391,,10225,,7399,,11161,,14127,,5636,,10968,,6535,,9577,,7558,,15160,,15757,,7148,,12884,,16127,,6433,,11390,,10133,,12807,,3957,,3296,,5136,,5870,,7144,,5523,,7240,,6777,,8992,,1955,,1408,,1901,,2004,2235,1923,,2330,,2092,2564,,,,,2595,,2238,,3571,,3194,4894,1861,,2832,,3060,3573,,,,
2.261944444,,1920,,1756,,1904,,1798,,1735,,2047,,2209,,2207,,1575,,1217,,7719,,8344,,8006,,9958,,9088,,8441,,5507,,6384,,6944,,6976,,3223,,2934,,2997,,4530,,3613,,4199,,3811,,3855,,3614,,3250,,8711,,7615,,8473,,5904,,5512,,5395,,5629,,6943,,7094,,1199,,1148,,1147,,1358,,1415,,1402,,2180,,1921,,1871,,1948,,8631,,7720,,7513,,13334,,11867,,9967,,11961,,11631,,6095,,5172,,7752,,8467,,7866,,9938,,11094,,9383,,11356,,11605,,15645,,15152,,5331,,6111,,8178,,7489,,4227,,5564,,8107,,8013,,4383,,2577,,1999,,1965,,,,2084,,1992,,,1827,1619,2189,2288,,2574,,2206,,2328,,,,2305,,2038,,,3691,3769,3841,3712
4.096944444,1496,,1253,,1495,,887,,860,,1287,,861,,1056,,550,,929,,5200,,5737,,9793,,5359,,6949,,8665,,5176,,8041,,5209,,7592,,2160,,2223,,3319,,1672,,1977,,2447,,3109,,3915,,2033,,3113,,4627,,5539,,7598,,6305,,7156,,5023,,6111,,6094,,6179,,953,,670,,901,,716,,683,,907,,824,,984,,680,,785,,5864,,6874,,9676,,6475,,8744,,11669,,4973,,8042,,5219,,7543,,5835,,10246,,14415,,5948,,8796,,13206,,4985,,9594,,8573,,10734,,5382,,4222,,5531,,5342,,6849,,6122,,7152,,6576,,9788,,1941,,1477,,1499,,1559,1849,1823,,1726,,1552,1938,,,,,3401,,3234,,4173,,3663,5651,2951,,3428,,3644,4236,,,,
4.261944444,,1122,,1075,,1079,,928,,916,,1088,,1074,,1138,,905,,744,,6092,,7365,,6359,,8150,,7872,,7732,,5020,,5591,,5960,,5515,,2461,,2368,,2444,,3013,,2449,,2307,,3077,,3064,,2811,,2564,,6301,,5868,,7195,,6388,,6020,,5075,,5364,,6351,,6901,,641,,640,,648,,634,,652,,729,,990,,916,,851,,916,,6795,,6608,,6015,,9878,,9154,,8204,,9827,,9331,,4700,,4342,,5898,,7134,,6530,,6513,,7665,,6149,,7585,,8055,,11782,,13306,,4921,,5403,,6737,,7669,,4806,,4931,,6809,,7055,,5015,,1638,,1754,,1518,,,,1874,,1689,,,1445,1392,1758,1609,,3315,,3281,,3102,,,,3089,,2958,,,4171,3955,4394,3817
6.096944444,1278,,1015,,1135,,800,,791,,1188,,862,,907,,460,,694,,7242,,7563,,10664,,7984,,9500,,10894,,5833,,10869,,6030,,10708,,3138,,2713,,5202,,2710,,2269,,2208,,4156,,5374,,2269,,4212,,5489,,5060,,10277,,6946,,8324,,5620,,6446,,5465,,7288,,867,,590,,756,,724,,678,,1035,,901,,864,,591,,617,,5888,,6856,,7349,,7087,,8077,,11165,,4648,,7775,,4966,,7722,,5825,,10410,,12452,,7124,,8144,,13582,,6609,,8790,,9365,,9195,,8917,,6873,,9045,,6701,,8369,,5344,,8860,,8926,,14544,,1667,,1463,,1173,,1398,2320,1790,,1431,,1344,1895,,,,,5046,,5021,,4580,,4745,8328,4877,,4770,,4004,6052,,,,
6.261944444,,874,,914,,866,,787,,798,,821,,1020,,1019,,823,,714,,6579,,9918,,6826,,10269,,11656,,7327,,7200,,7782,,7836,,6630,,2607,,3219,,2553,,4398,,4089,,2150,,4430,,4227,,3322,,2775,,5477,,6383,,6316,,6514,,6407,,5290,,5271,,6268,,6283,,593,,654,,668,,602,,615,,564,,898,,838,,868,,860,,5444,,6390,,5071,,8695,,8525,,6342,,10542,,10008,,5703,,4719,,6111,,7218,,7217,,6061,,7548,,5872,,8172,,8554,,11964,,12305,,6588,,6180,,9136,,11235,,7313,,5677,,8734,,9447,,5668,,1233,,1956,,1364,,,,1806,,1761,,,1264,1196,1548,1323,,4853,,4879,,3710,,,,4613,,4550,,,5266,4665,6170,4884
8.096944444,1668,,1207,,1234,,956,,929,,1497,,1004,,1025,,453,,546,,7841,,10632,,12116,,8816,,11263,,14012,,6421,,13196,,6852,,14130,,4623,,3396,,8268,,4396,,3155,,2501,,5157,,6705,,2744,,6097,,5827,,4728,,13827,,6442,,7490,,6092,,6907,,5223,,8807,,1228,,648,,845,,865,,718,,1388,,1085,,954,,733,,600,,6305,,7284,,6810,,6864,,7908,,11841,,4888,,8436,,6735,,8918,,6428,,11395,,13707,,7904,,10279,,18634,,7700,,10194,,10470,,10535,,8699,,7807,,9118,,9124,,10289,,5581,,10609,,10641,,17950,,2145,,1631,,1177,,1421,2549,1975,,1411,,1320,1993,,,,,6532,,7341,,5195,,6725,13897,6922,,6518,,5288,9009,,,,
8.261944444,,1009,,1123,,821,,821,,952,,880,,1223,,1191,,985,,827,,7150,,11068,,7375,,12141,,14113,,7869,,7705,,7926,,8983,,7612,,2807,,4396,,2881,,7329,,7128,,2445,,5041,,4551,,4317,,3125,,5059,,7677,,5824,,5881,,5938,,5361,,5118,,6626,,6139,,644,,784,,708,,638,,703,,631,,960,,967,,1300,,1017,,5754,,6686,,5203,,8192,,8425,,5880,,13119,,12809,,5942,,5144,,6456,,7747,,8021,,7406,,8895,,5952,,10004,,10190,,14354,,13634,,7843,,8031,,10318,,14430,,7221,,8320,,9973,,11333,,6383,,1301,,2520,,1522,,,,1737,,1596,,,1250,1189,1524,1307,,6623,,6840,,4373,,,,5908,,5997,,,6968,5839,8629,6659
10.09694444,1950,,1173,,1333,,1054,,988,,1836,,1220,,1143,,573,,629,,6741,,9438,,13227,,8201,,10409,,15211,,7421,,12280,,8610,,14320,,5397,,3610,,10810,,5029,,3621,,2446,,4987,,6582,,2624,,7643,,5056,,4318,,12258,,4952,,5653,,5359,,6416,,4609,,7835,,1609,,783,,965,,1000,,844,,1686,,1178,,1025,,862,,683,,5903,,6986,,7232,,6297,,6809,,11676,,4918,,8495,,6542,,9343,,5746,,11183,,14348,,7461,,10692,,20029,,7048,,11297,,9889,,11415,,7425,,6524,,7686,,8427,,9203,,5953,,9985,,10956,,17421,,2600,,1722,,1324,,1592,3266,2215,,1465,,1371,2163,,,,,7231,,7996,,5747,,8040,17600,7876,,7122,,5855,11315,,,,
10.26194444,,957,,1225,,994,,829,,933,,892,,1437,,1435,,1193,,1004,,6895,,9468,,7842,,11459,,13577,,8088,,6354,,6490,,7517,,7696,,2637,,4710,,2633,,9521,,10108,,2413,,4591,,4220,,4437,,3140,,4168,,7400,,5125,,4967,,4763,,4431,,4537,,5822,,5471,,725,,917,,805,,723,,804,,739,,1068,,1034,,1483,,1397,,6077,,6047,,5713,,7074,,7739,,5897,,12851,,12522,,5264,,4677,,5779,,6649,,7031,,7994,,8711,,6338,,9781,,9852,,13559,,13445,,6670,,8156,,9556,,14798,,5773,,8067,,9216,,12000,,7447,,1405,,3078,,1756,,,,1802,,1888,,,1375,1237,1566,1348,,6386,,6986,,4795,,,,5923,,6321,,,7159,6673,9885,7910
12.09694444,5638,,4460,,3385,,3322,,3626,,4692,,3474,,3573,,2019,,1951,,16433,,15044,,11993,,15752,,14489,,13060,,12835,,14214,,13306,,12971,,10507,,8165,,8328,,9486,,7182,,4685,,9053,,10009,,5820,,7614,,9653,,7328,,9371,,9841,,11426,,8069,,7801,,9560,,8677,,4120,,3095,,3230,,2914,,3167,,4544,,4023,,3065,,2954,,1857,,13140,,11650,,9091,,11736,,11542,,12418,,9966,,10339,,10229,,10088,,18051,,18234,,15954,,17092,,14161,,17611,,17364,,15769,,17686,,15370,,18549,,13954,,15271,,13961,,14432,,12094,,14711,,12464,,17544,,6233,,4454,,3425,,4171,5795,5123,,4383,,4219,5418,,,,,14928,,11216,,7144,,9187,14490,14980,,11995,,9010,12672,,,,
12.26194444,,3492,,3674,,3738,,3818,,4295,,2688,,4173,,4097,,3628,,3811,,12071,,14109,,12570,,14847,,17410,,11538,,19840,,19735,,15249,,13188,,4772,,7686,,5445,,10116,,11305,,4546,,10185,,9952,,7612,,6910,,6889,,8472,,7156,,12912,,12516,,7678,,7776,,8888,,8547,,2809,,3684,,3085,,3353,,3718,,2664,,3369,,3400,,3569,,3786,,9295,,10464,,9278,,10578,,12086,,9306,,14056,,13531,,11732,,10366,,16001,,22477,,21005,,14924,,17408,,15322,,19950,,21089,,20000,,19333,,13203,,11940,,14663,,14797,,13845,,12900,,14212,,12933,,13326,,3760,,5706,,3998,,,,5195,,4817,,,3970,3607,4800,4100,,12958,,14316,,8343,,,,10856,,11309,,,9381,8886,14497,11098
14.09694444,5175,,3098,,2079,,2077,,2442,,3574,,2594,,2116,,1208,,1008,,20174,,13611,,11402,,16588,,14384,,13291,,10679,,14909,,11358,,14415,,10337,,5486,,8313,,8836,,6008,,2902,,7549,,9267,,3989,,7678,,9956,,5408,,9479,,11488,,8757,,6680,,6472,,5788,,8058,,3072,,2195,,1684,,1935,,2153,,3504,,2927,,1864,,1891,,857,,15874,,10767,,7297,,11554,,11539,,12522,,7707,,9696,,10234,,9993,,17033,,19052,,17484,,19151,,13869,,20426,,20368,,16120,,19172,,14291,,21705,,13891,,16925,,13046,,13419,,9834,,14211,,13219,,21306,,5231,,3407,,1886,,2920,4668,4483,,3000,,2836,4026,,,,,17089,,11416,,5556,,8857,17964,17041,,11045,,7402,14887,,,,
14.26194444,,1443,,2620,,1660,,1567,,1903,,1087,,2870,,2484,,2288,,1885,,9312,,12510,,10582,,13003,,15401,,9008,,18184,,18620,,13524,,11418,,2934,,6042,,3127,,8243,,9316,,2606,,9674,,9149,,6049,,4977,,4839,,7169,,5099,,12693,,12287,,6265,,6127,,7113,,6164,,1341,,2171,,1258,,1435,,1815,,1106,,2231,,2114,,2780,,2318,,7484,,9176,,7385,,9222,,10748,,6930,,12760,,11968,,11033,,9892,,15269,,22407,,19785,,12913,,15085,,12486,,17934,,19005,,18269,,17268,,13360,,11172,,14431,,16578,,15168,,11895,,13729,,13206,,12406,,1929,,4299,,2771,,,,3785,,3871,,,2802,2505,3211,2603,,11751,,13849,,7153,,,,9867,,10347,,,8475,7407,14550,9857
16.09694444,3638,,2021,,1517,,1450,,1655,,2434,,1750,,1583,,1070,,864,,18276,,11517,,9481,,14537,,12477,,11370,,8922,,12883,,9542,,12671,,8674,,4015,,6705,,7140,,4378,,2080,,5828,,7283,,3033,,6411,,8197,,4121,,7287,,10074,,7277,,5162,,4997,,4497,,6540,,2063,,1502,,1307,,1438,,1531,,2367,,2009,,1375,,1486,,650,,13308,,8105,,5686,,9171,,8886,,9785,,6401,,7287,,8057,,8242,,14856,,17233,,15848,,17972,,12367,,19688,,19189,,13619,,17671,,12228,,19914,,12969,,15876,,11992,,11966,,8620,,12473,,12410,,20214,,3809,,2353,,1421,,2096,3389,3429,,2027,,2008,2939,,,,,15847,,9876,,4162,,7388,15961,15094,,9094,,5886,12968,,,,
16.26194444,,1223,,1705,,1349,,1257,,1486,,864,,1963,,1793,,1661,,1483,,7469,,10574,,8645,,11144,,13544,,7068,,15742,,16660,,11805,,9741,,2190,,4692,,2274,,6463,,7472,,2029,,7740,,7401,,4725,,3510,,3991,,5507,,3872,,10887,,10381,,5039,,4868,,5689,,4959,,1011,,1667,,1109,,1127,,1390,,928,,1521,,1453,,1961,,1668,,5773,,7261,,5763,,7298,,8404,,5177,,10609,,9713,,9317,,7993,,13510,,20994,,18044,,11192,,13729,,10238,,16026,,17206,,17100,,15816,,12385,,10059,,13033,,15560,,14296,,10614,,12441,,12300,,10669,,1546,,3085,,1995,,,,2675,,2688,,,1928,1773,2301,1831,,10267,,12104,,5622,,,,8220,,8676,,,6905,5907,12941,8097
18.09694444,2775,,1507,,1173,,1210,,1219,,1645,,1315,,1273,,934,,670,,16046,,9867,,8005,,12883,,10530,,9756,,7525,,11054,,8346,,10938,,7043,,3273,,5191,,5531,,3742,,1779,,4607,,5848,,2538,,4724,,6486,,3493,,5768,,8707,,6322,,4239,,4114,,3908,,5472,,1587,,1116,,1165,,1337,,1121,,1826,,1609,,1000,,1227,,598,,10673,,6268,,4632,,7260,,7106,,7806,,5092,,5761,,6502,,6471,,13311,,15258,,14403,,16113,,11396,,17461,,17782,,12272,,16138,,10510,,18281,,11972,,14346,,10874,,11270,,7875,,11716,,11576,,18740,,3135,,1877,,1204,,1679,2815,2864,,1553,,1633,2564,,,,,13811,,8596,,3229,,6013,13758,13081,,7451,,4681,10950,,,,
18.26194444,,1065,,1296,,1087,,1011,,1211,,705,,1467,,1417,,1402,,1329,,6351,,8749,,7025,,9851,,11616,,5807,,13708,,14599,,9966,,8417,,1815,,3585,,1864,,5188,,5861,,1744,,6234,,5869,,3784,,2995,,3299,,4503,,3407,,9339,,9201,,4046,,4050,,4601,,4067,,890,,1301,,998,,953,,1179,,771,,1086,,1026,,1347,,1303,,4532,,5805,,4487,,5780,,6754,,4159,,8075,,7344,,7495,,6675,,11802,,18810,,15817,,10153,,12432,,8799,,14551,,15481,,15770,,14095,,11081,,9067,,12044,,14304,,13055,,9828,,11719,,11475,,9570,,1273,,2473,,1404,,,,2177,,2116,,,1455,1294,1899,1443,,8808,,10437,,4558,,,,6790,,7160,,,5270,4659,11130,6646
20.09694444,2173,,1204,,928,,1013,,951,,1306,,1086,,984,,736,,595,,13515,,8412,,6680,,11068,,8835,,8225,,6464,,9252,,6969,,9249,,5570,,2749,,3991,,4405,,3036,,1516,,3648,,4606,,2150,,3658,,5242,,3017,,4811,,8016,,5539,,3405,,3411,,3348,,4693,,1209,,838,,921,,1205,,877,,1336,,1354,,824,,950,,496,,8159,,4922,,3646,,5883,,5806,,6219,,4234,,4439,,5273,,5067,,11247,,12962,,12452,,14368,,9964,,15022,,15665,,10912,,14009,,8856,,16271,,10715,,13122,,10143,,10303,,6981,,10478,,10495,,16793,,2549,,1609,,1057,,1504,2312,2458,,1250,,1398,2111,,,,,11607,,6768,,2585,,4844,11241,10796,,5807,,3742,8928,,,,
20.26194444,,904,,1060,,956,,912,,1010,,595,,1192,,1147,,1112,,1121,,5448,,7325,,5580,,8150,,9445,,4880,,11498,,12546,,8406,,7097,,1545,,2988,,1595,,3937,,4601,,1435,,4989,,4660,,2903,,2462,,2963,,3807,,2916,,8308,,8201,,3487,,3257,,3934,,3387,,829,,1025,,824,,829,,1043,,695,,856,,898,,1014,,1019,,3857,,4581,,3622,,4614,,5289,,3316,,6249,,5729,,6039,,5277,,10076,,16368,,13790,,8891,,10728,,7501,,12772,,13630,,13400,,11814,,10382,,8569,,10998,,12982,,11944,,9070,,10683,,10384,,8276,,1133,,1989,,1227,,,,1859,,1888,,,1230,1057,1627,1185,,7016,,8472,,3768,,,,5515,,5939,,,4158,3645,9331,5581
22.09694444,1786,,976,,782,,910,,792,,982,,912,,803,,681,,504,,11172,,6872,,5508,,9035,,7593,,6973,,5434,,7747,,6164,,7885,,4245,,2295,,2964,,3219,,2544,,1392,,3037,,3750,,1805,,2947,,4315,,2512,,3889,,6954,,4977,,2970,,2804,,2879,,3919,,954,,728,,797,,934,,751,,1160,,1029,,687,,799,,443,,6213,,3978,,2959,,4865,,4810,,4990,,3257,,3551,,4306,,3945,,9518,,10854,,10413,,12323,,8547,,12653,,14094,,9422,,11877,,7480,,13947,,9345,,11324,,9066,,9269,,6007,,9618,,9245,,14403,,2077,,1341,,893,,1206,1953,2034,,1059,,1192,1841,,,,,9558,,5493,,2088,,3871,8736,9058,,4807,,2983,7307,,,,
22.26194444,,834,,841,,859,,740,,881,,547,,910,,842,,992,,950,,4465,,5976,,4658,,7150,,8000,,4026,,9814,,10609,,6910,,5978,,1276,,2477,,1402,,2916,,3388,,1276,,4162,,3765,,2317,,2108,,2699,,3308,,2524,,7460,,7141,,2910,,2810,,3403,,2948,,750,,872,,711,,810,,911,,608,,718,,698,,758,,808,,3051,,3714,,2912,,3760,,4223,,2656,,4802,,4376,,4971,,4202,,8499,,13379,,11116,,7535,,9134,,6101,,11375,,11946,,11355,,10262,,9591,,7432,,10042,,11355,,10965,,8408,,9686,,9312,,7084,,1044,,1693,,1052,,,,1637,,1641,,,1026,849,1392,971,,5423,,6743,,3023,,,,4378,,4846,,,3190,2825,8065,4411
24.09694444,1592,,884,,727,,937,,742,,826,,968,,746,,788,,504,,17068,,7816,,4139,,15081,,9670,,7702,,4293,,11516,,5854,,15529,,5220,,1624,,4582,,3664,,1804,,974,,2346,,3291,,1207,,4043,,3803,,1660,,3236,,4378,,2816,,2280,,2163,,1839,,2969,,969,,719,,773,,1196,,582,,1026,,1061,,510,,740,,389,,7046,,2663,,1732,,3030,,2775,,3513,,2128,,2503,,3003,,2777,,9838,,16943,,16746,,19338,,12414,,32754,,15618,,5068,,21011,,6973,,27854,,18434,,24232,,14211,,12403,,3510,,13078,,15368,,39666,,1945,,1195,,1010,,1045,1736,1729,,980,,978,1623,,,,,17361,,10143,,1632,,4837,20134,16650,,6480,,2673,12596,,,,
24.26194444,,881,,592,,956,,749,,828,,627,,726,,732,,957,,1196,,2350,,3382,,2440,,4583,,7288,,2077,,5273,,5056,,3867,,3082,,1010,,1583,,1051,,2267,,2846,,1099,,1883,,1602,,1349,,1209,,1923,,2171,,1855,,3167,,2587,,1685,,1553,,1997,,1735,,742,,635,,838,,820,,803,,716,,539,,601,,668,,824,,1696,,1767,,1475,,2040,,2371,,1598,,4111,,3381,,1778,,1347,,3746,,5846,,5510,,3484,,5495,,2928,,6019,,6593,,11201,,8695,,4369,,3607,,7392,,17149,,5623,,4074,,6323,,8949,,2352,,919,,1278,,845,,,,919,,1017,,,616,616,816,747,,3034,,3669,,1480,,,,2200,,2553,,,1855,1795,7318,2886
26.09694444,800,,469,,566,,382,,396,,923,,456,,470,,266,,308,,2579,,2568,,3387,,2999,,2850,,3788,,2291,,3226,,2553,,3663,,1596,,910,,3188,,1556,,1064,,714,,1289,,1726,,602,,2355,,1797,,1495,,3349,,1482,,1594,,1600,,1908,,1560,,2457,,782,,384,,471,,396,,367,,833,,520,,456,,379,,303,,2472,,1956,,2219,,2082,,2020,,3833,,1564,,2424,,1912,,2681,,2421,,3820,,4653,,3170,,3336,,6935,,3588,,3743,,3681,,3177,,3779,,3174,,3693,,3079,,2968,,2440,,3228,,3855,,6588,,909,,622,,558,,685,1071,663,,600,,572,787,,,,,3169,,3335,,1666,,3160,6472,3962,,3353,,2592,4575,,,,
26.26194444,,345,,462,,342,,328,,367,,288,,585,,580,,620,,436,,2208,,2455,,2479,,3293,,3795,,2421,,2304,,2614,,2327,,2353,,727,,1436,,579,,3112,,3239,,659,,1568,,1396,,1237,,747,,1689,,2247,,1983,,2296,,1541,,1522,,1446,,1870,,1801,,330,,383,,358,,299,,318,,228,,510,,457,,891,,771,,1874,,1965,,1692,,2234,,2448,,1750,,4670,,4481,,1999,,1604,,2362,,3123,,3125,,3253,,3268,,3067,,3402,,3415,,4344,,4201,,2983,,2473,,3217,,5140,,3161,,3167,,3213,,4132,,2488,,856,,1226,,1093,,,,606,,636,,,521,635,609,611,,2740,,2592,,1722,,,,3236,,3111,,,2683,2727,4409,3716
28.09694444,1061,,625,,809,,562,,634,,1251,,645,,624,,367,,367,,3075,,3516,,4665,,3434,,3659,,5141,,2809,,4068,,3055,,4524,,2391,,1155,,5012,,2401,,1491,,962,,1669,,2088,,965,,3219,,2577,,2720,,5796,,2312,,2803,,2819,,3348,,2953,,3746,,1068,,553,,602,,500,,517,,999,,678,,580,,559,,384,,3121,,2806,,3187,,2646,,2759,,5083,,2186,,3366,,2475,,3507,,2496,,3731,,4241,,3271,,3421,,6142,,2984,,3069,,3356,,3234,,2851,,2439,,2607,,2427,,2471,,1968,,2551,,2812,,4013,,1182,,888,,877,,870,1182,757,,877,,766,942,,,,,3319,,3749,,2209,,3973,5994,3993,,4129,,3306,4763,,,,
28.26194444,,468,,660,,501,,440,,568,,517,,868,,824,,846,,554,,3048,,3434,,3530,,4343,,4708,,3491,,2729,,3413,,2993,,3066,,985,,2177,,999,,4810,,5172,,998,,1873,,1608,,1624,,1023,,3312,,3835,,3591,,2925,,2282,,2659,,2434,,3161,,3210,,414,,545,,535,,377,,390,,376,,638,,620,,1360,,1241,,2815,,2775,,2566,,3186,,3430,,2654,,6174,,5991,,2497,,2014,,2454,,3355,,3331,,3282,,3296,,3059,,3025,,3168,,3921,,4052,,2407,,2330,,2656,,3427,,2556,,2845,,2657,,3250,,2159,,1249,,1415,,1586,,,,806,,935,,,812,857,855,911,,2975,,3133,,2245,,,,3607,,3646,,,2977,3696,4619,4339
30.09694444,1434,,909,,1031,,798,,792,,1629,,855,,833,,536,,509,,4621,,5750,,7035,,5361,,6215,,8779,,3916,,6828,,4649,,7701,,3263,,1918,,6641,,3133,,2422,,1514,,1980,,2608,,1382,,4250,,3307,,3923,,9041,,3183,,3936,,4201,,5333,,4349,,5804,,1525,,819,,914,,860,,716,,1348,,1084,,856,,813,,538,,3935,,4258,,4459,,3657,,3922,,7442,,2858,,5243,,3510,,5117,,3204,,5403,,6579,,4591,,4790,,9930,,3915,,4247,,4650,,4581,,3940,,3481,,3556,,3697,,3329,,2829,,3938,,4331,,5963,,1622,,1306,,1315,,1264,1759,1148,,1293,,1128,1436,,,,,4161,,4413,,2802,,4687,7775,4712,,4478,,3718,5761,,,,
30.26194444,,737,,892,,703,,656,,789,,692,,1177,,1111,,1243,,950,,4608,,5627,,5326,,6931,,7906,,5300,,4141,,5597,,4557,,4611,,1626,,3298,,1697,,6798,,7152,,1490,,2233,,2048,,2260,,1666,,4778,,5815,,5416,,3975,,3074,,4005,,3511,,4761,,4690,,610,,806,,663,,552,,671,,533,,809,,920,,1854,,1701,,3795,,3824,,3563,,4399,,4859,,3935,,8352,,8249,,3423,,2939,,3306,,4768,,4999,,4328,,4742,,4275,,4347,,4445,,5933,,6101,,3181,,3246,,4132,,5566,,3444,,4123,,4088,,5334,,2957,,1761,,1835,,2175,,,,1278,,1424,,,1187,1243,1342,1330,,3599,,4001,,3016,,,,3567,,4028,,,3173,4237,5194,4846
32.09694444,1782,,1218,,1319,,1104,,1093,,2030,,1195,,1136,,816,,744,,5097,,7440,,8339,,6297,,7337,,11377,,4820,,8491,,5800,,9772,,3590,,2651,,7275,,3427,,3030,,1931,,2124,,2851,,1708,,4348,,3645,,4154,,9656,,3495,,4051,,4639,,5607,,4642,,6073,,1941,,1105,,1225,,1104,,958,,1821,,1304,,1119,,1102,,749,,3944,,5659,,5252,,4726,,5302,,9282,,3435,,6446,,4571,,6601,,4198,,8803,,10715,,6212,,8097,,14682,,5916,,6032,,7190,,6550,,5520,,5215,,6012,,6703,,5435,,4295,,6678,,7888,,9506,,1986,,1844,,1944,,1686,2340,1695,,1863,,1579,2115,,,,,4405,,4967,,3311,,5123,8358,4702,,4708,,3741,6102,,,,
32.26194444,,911,,1196,,1009,,875,,1073,,933,,1399,,1373,,1731,,1345,,5415,,6739,,6123,,8298,,8856,,5943,,4929,,5756,,5363,,5501,,1872,,3865,,1849,,7144,,7380,,1941,,2472,,2306,,2531,,1994,,4906,,5998,,5497,,4030,,3318,,4114,,3761,,4775,,4625,,783,,1302,,951,,718,,872,,749,,1114,,1097,,2164,,2120,,4439,,4816,,4352,,5207,,5845,,4621,,9547,,9737,,4185,,3399,,3995,,5840,,6841,,5882,,7168,,5392,,7078,,7751,,9065,,9314,,4946,,5457,,7361,,7818,,5534,,6356,,6860,,9163,,3883,,2394,,2291,,2804,,,,1796,,2032,,,1614,1812,1824,1776,,4215,,4580,,3514,,,,3711,,4353,,,3060,4300,5387,5061
34.09694444,2039,,1532,,1637,,1293,,1311,,2524,,1452,,1559,,1165,,988,,5431,,6517,,9044,,5800,,6434,,11190,,5163,,7521,,5648,,8998,,3400,,2942,,6526,,3115,,3140,,2002,,2181,,2590,,1953,,3947,,3470,,3682,,8236,,3267,,3604,,4074,,4870,,4327,,5283,,1992,,1305,,1623,,1467,,1189,,2381,,1548,,1306,,1377,,842,,4103,,5774,,5953,,5006,,5037,,9456,,4014,,6672,,4664,,6857,,4914,,8742,,10469,,6046,,8710,,15226,,5613,,7972,,6626,,8543,,5240,,4794,,5437,,7086,,7284,,5673,,8162,,7320,,10149,,2268,,2298,,2524,,2346,3011,2107,,2529,,2188,2580,,,,,4884,,4979,,3437,,4964,9175,4923,,4686,,3799,6081,,,,
34.26194444,,1154,,1442,,1280,,1141,,1450,,1121,,1707,,1644,,1928,,1684,,5708,,5659,,6467,,7438,,7950,,6493,,4564,,5321,,4826,,5117,,2005,,3641,,2073,,6462,,6605,,2135,,2258,,2254,,2452,,2094,,4510,,5076,,4906,,3675,,3294,,3693,,3295,,4144,,4056,,982,,1515,,1251,,905,,1055,,910,,1324,,1391,,2504,,2421,,4839,,4799,,4528,,5779,,5904,,5186,,9805,,9914,,4216,,3534,,4671,,5253,,6334,,6865,,6728,,6279,,9212,,9280,,8405,,9426,,5754,,6332,,7161,,8367,,4541,,6756,,7552,,9310,,4708,,3126,,2862,,3457,,,,2344,,2529,,,2187,2187,2324,2392,,4249,,4807,,3817,,,,3786,,4343,,,2925,4265,5253,5084
36.09694444,2206,,1637,,1840,,1557,,1364,,2518,,1541,,1452,,1381,,1091,,5093,,5591,,7669,,5242,,5501,,9109,,4460,,6308,,4658,,7675,,3284,,2609,,5378,,2640,,2527,,2124,,1830,,2163,,2070,,3192,,3049,,2809,,6115,,2686,,2706,,3318,,3707,,3310,,4036,,2208,,1357,,1755,,1578,,1171,,2358,,1675,,1323,,1402,,1058,,3833,,5130,,5637,,4576,,4443,,8438,,3569,,5760,,4190,,6074,,4725,,7639,,9557,,5694,,7127,,14495,,5124,,8699,,5748,,7845,,4962,,4616,,4866,,6080,,6505,,6413,,6754,,7077,,9871,,2567,,2464,,2887,,2354,3223,2311,,2780,,2277,2654,,,,,4936,,5054,,3469,,4678,9725,4851,,4384,,3436,6109,,,,
36.26194444,,1448,,1576,,1496,,1290,,1463,,1038,,1690,,1736,,2034,,1793,,4983,,4841,,5556,,6366,,6908,,5764,,4394,,4871,,4179,,4354,,2020,,2943,,2144,,4981,,5237,,2020,,2011,,2000,,2054,,1888,,3328,,3900,,3719,,3316,,2738,,2913,,2665,,3151,,3139,,1244,,1548,,1377,,1083,,1179,,993,,1364,,1463,,2378,,2360,,4572,,4347,,4300,,4814,,5145,,4919,,8550,,9092,,3758,,3220,,4546,,4961,,5852,,6101,,5797,,6898,,7464,,7455,,7654,,8261,,4600,,5575,,6067,,8182,,4061,,5838,,6236,,8348,,4815,,3173,,2836,,3469,,,,2691,,2842,,,2313,2373,2412,2544,,4791,,5436,,3586,,,,3608,,4326,,,2799,3993,5321,4900
38.09694444,2120,,1570,,1764,,1507,,1361,,2452,,1571,,1475,,1310,,1214,,4837,,4737,,6522,,4814,,4805,,7987,,3832,,5447,,3939,,6635,,3071,,2172,,4594,,2353,,2128,,2129,,1554,,1848,,1993,,2670,,2683,,2321,,4765,,2336,,2101,,2525,,2986,,2599,,3081,,2153,,1306,,1775,,1619,,1143,,2381,,1686,,1413,,1406,,1168,,3622,,4779,,4909,,4235,,4196,,7783,,3515,,5384,,3960,,5630,,4440,,7612,,9344,,5977,,7054,,14449,,4979,,8428,,6095,,7511,,5349,,4829,,4946,,5859,,5892,,6669,,6209,,6895,,9698,,2646,,2498,,3066,,2460,3104,2404,,2804,,2345,2620,,,,,5267,,5473,,3125,,4978,9577,4939,,4462,,3319,6090,,,,
38.26194444,,1365,,1510,,1429,,1303,,1353,,1221,,1616,,1606,,2005,,1793,,3987,,4216,,4325,,5205,,5816,,4652,,4158,,4764,,3760,,3743,,2082,,2470,,2274,,4016,,4396,,1906,,1866,,1747,,1746,,1674,,2604,,3095,,2775,,2901,,2498,,2382,,2049,,2394,,2459,,1289,,1495,,1476,,1114,,1220,,1096,,1428,,1372,,2291,,2283,,4131,,4006,,3766,,4363,,4594,,4349,,7576,,8016,,3755,,3115,,4423,,5154,,6103,,5869,,5746,,6892,,6839,,6829,,7488,,8267,,4275,,5246,,5781,,7839,,4141,,5323,,5770,,7908,,4757,,3302,,2907,,3434,,,,2700,,2882,,,2355,2399,2404,2484,,5124,,5655,,3548,,,,3530,,4382,,,2868,4032,5025,4852
40.09694444,1988,,1542,,1702,,1418,,1249,,2311,,1481,,1416,,1167,,1315,,4360,,4041,,5172,,4189,,4131,,6778,,2963,,4337,,3369,,5317,,2927,,1909,,4062,,2185,,1739,,2163,,1401,,1671,,1716,,2465,,2446,,1801,,3835,,1926,,1710,,2278,,2313,,2025,,2507,,2106,,1298,,1552,,1590,,1113,,2333,,1684,,1405,,1403,,1246,,3504,,4565,,4483,,3895,,3862,,7238,,3175,,5024,,3800,,5340,,4470,,7343,,9300,,6027,,6753,,14262,,5026,,7947,,5935,,7473,,5171,,4721,,4578,,5268,,4940,,5749,,5456,,6431,,8618,,2651,,2463,,2814,,2396,2882,2340,,2871,,2218,2324,,,,,5062,,5441,,3006,,5053,9160,4866,,4572,,3318,5978,,,,
40.26194444,,1354,,1554,,1410,,1321,,1358,,1247,,1510,,1413,,1960,,1714,,3128,,3437,,3483,,4328,,4766,,3704,,3854,,4228,,3358,,3250,,1970,,2012,,2072,,3453,,3738,,1977,,1735,,1755,,1547,,1470,,1956,,2338,,2244,,2579,,2335,,2071,,1708,,2031,,1901,,1340,,1551,,1444,,1086,,1118,,1153,,1280,,1375,,2096,,2105,,3661,,3755,,3488,,3971,,4286,,3905,,6982,,7387,,3763,,3079,,4441,,5097,,5964,,5543,,5681,,6616,,6563,,6840,,7571,,7985,,4064,,4580,,5048,,6878,,3860,,4670,,4922,,7126,,4143,,3186,,2654,,3343,,,,2714,,2787,,,2365,2352,2265,2409,,5535,,5809,,3386,,,,3895,,4529,,,2897,4159,4682,5053
42.09694444,1940,,1503,,1552,,1312,,1262,,2369,,1402,,1359,,1036,,1248,,3764,,3431,,4271,,3546,,3183,,5514,,2747,,3704,,2819,,4446,,2858,,1630,,3713,,2077,,1531,,2078,,1382,,1545,,1624,,2252,,2302,,1567,,3339,,1638,,1505,,1873,,2088,,1710,,2230,,2000,,1257,,1551,,1559,,1108,,2280,,1690,,1359,,1307,,1308,,3440,,4320,,4188,,3966,,3647,,6782,,3182,,4958,,3659,,4990,,4498,,7392,,9303,,6245,,6901,,14503,,4936,,7503,,5964,,7112,,4821,,4100,,3837,,4405,,3835,,4293,,4429,,5091,,6973,,2681,,2266,,2719,,2204,2892,2200,,2668,,2152,2300,,,,,5052,,5406,,3014,,5325,8481,4622,,4720,,3329,5684,,,,
42.26194444,,1345,,1358,,1304,,1171,,1209,,1250,,1397,,1429,,1971,,1662,,2604,,2825,,2742,,3694,,3884,,2938,,3504,,3766,,2984,,2749,,1929,,1889,,1966,,3293,,3508,,2064,,1616,,1716,,1437,,1288,,1752,,2137,,1891,,2490,,2106,,1739,,1479,,1757,,1674,,1253,,1430,,1381,,1011,,1038,,1194,,1376,,1313,,2024,,1983,,3337,,3700,,3246,,3788,,3993,,3472,,6201,,6758,,3668,,3040,,4485,,5234,,5888,,5310,,5755,,6649,,6243,,6836,,7551,,8193,,3685,,3543,,4160,,5462,,3423,,3654,,3850,,5691,,3314,,2796,,2588,,3112,,,,2592,,2751,,,2134,2288,2079,2406,,5641,,5865,,3306,,,,3996,,4725,,,3013,4590,4455,4994
44.09694444,2025,,1404,,1586,,1299,,1165,,2236,,1376,,1266,,1053,,1163,,3338,,2851,,3807,,3051,,2684,,4582,,2448,,3160,,2367,,3674,,2973,,1488,,3737,,2120,,1415,,1832,,1417,,1548,,1387,,2253,,2278,,1436,,3033,,1546,,1341,,1796,,1971,,1566,,1948,,2095,,1220,,1447,,1430,,1073,,2161,,1618,,1249,,1330,,1261,,3393,,4087,,4042,,3829,,3322,,6394,,3153,,4459,,3521,,4747,,4422,,7205,,8951,,6099,,6422,,13957,,4945,,6615,,5752,,6615,,3946,,3368,,3123,,3298,,2808,,3025,,3139,,3809,,4961,,2701,,2238,,2626,,2067,2543,2108,,2592,,2083,2077,,,,,4724,,4940,,2865,,5147,7619,4196,,4773,,3671,5277,,,,
44.26194444,,1282,,1389,,1286,,1166,,1162,,1248,,1351,,1370,,2016,,1730,,2354,,2525,,2490,,3117,,3142,,2519,,3258,,3253,,2595,,2622,,1774,,1748,,1783,,3021,,3476,,2168,,1659,,1742,,1423,,1321,,1563,,1933,,1771,,2378,,2124,,1537,,1415,,1620,,1554,,1209,,1461,,1332,,938,,1023,,1144,,1207,,1220,,1884,,1972,,3173,,3558,,3180,,3718,,3672,,3323,,5831,,6564,,3536,,2988,,4303,,5131,,5945,,5244,,5766,,6042,,6070,,6520,,7250,,7903,,2954,,2618,,3068,,4084,,2724,,2779,,2880,,4090,,2518,,2781,,2341,,2934,,,,2352,,2573,,,2061,2142,1912,2146,,5703,,5705,,3365,,,,4012,,4701,,,3021,4663,4201,5214
46.09694444,2116,,1389,,1447,,1264,,1087,,2220,,1447,,1121,,1009,,1008,,3239,,2601,,3797,,2849,,2489,,3974,,2321,,2870,,2345,,3306,,3088,,1470,,3906,,2211,,1509,,1669,,1436,,1618,,1261,,2339,,2301,,1354,,2875,,1519,,1284,,1747,,1842,,1415,,1930,,2359,,1205,,1361,,1471,,1012,,2067,,1660,,1185,,1271,,1166,,3298,,3937,,3701,,3609,,3177,,5977,,2890,,4326,,3533,,4655,,4535,,7017,,8546,,5827,,6085,,12841,,4612,,5904,,5666,,5878,,3238,,2647,,2348,,2301,,1918,,1977,,2205,,2678,,3712,,2684,,2352,,2342,,1862,2496,2132,,2356,,1922,1852,,,,,4593,,4917,,3166,,5054,6762,3998,,4871,,3885,4899,,,,
46.26194444,,1230,,1303,,1252,,1034,,1148,,1192,,1374,,1265,,2068,,1778,,2337,,2327,,2415,,2868,,2943,,2565,,3073,,3157,,2433,,2300,,1617,,1687,,1540,,3138,,3568,,1975,,1825,,1807,,1444,,1244,,1406,,1837,,1593,,2364,,2067,,1585,,1370,,1490,,1363,,1217,,1440,,1314,,951,,1026,,989,,1161,,1161,,1772,,1909,,3204,,3415,,3245,,3523,,3533,,3090,,5705,,6376,,3638,,3040,,4370,,5282,,6074,,5118,,5753,,5996,,5725,,5951,,7309,,7741,,2357,,1746,,2162,,2985,,2156,,2095,,2109,,2908,,1847,,2648,,2313,,2746,,,,2268,,2536,,,2005,2103,1872,2069,,5821,,5692,,3424,,,,4125,,4516,,,3077,4851,3877,5045
48.09694444,1997,,1279,,1386,,1306,,1142,,2201,,1441,,1103,,1040,,1041,,3168,,2698,,4003,,2904,,2593,,4127,,2430,,2765,,2372,,3296,,3076,,1523,,4046,,2434,,1586,,1556,,1421,,1443,,1219,,2433,,2298,,1366,,2687,,1481,,1241,,1681,,1787,,1394,,1878,,2249,,1190,,1354,,1391,,973,,1955,,1624,,1144,,1292,,1120,,3398,,3946,,3748,,3595,,2936,,5706,,2932,,4093,,3581,,4571,,4648,,6417,,8044,,6002,,5755,,11461,,4408,,5185,,5293,,5478,,2651,,2076,,1730,,1634,,1370,,1272,,1504,,1850,,2603,,2625,,2258,,2296,,1888,2264,2120,,2251,,1832,1823,,,,,4318,,4800,,3412,,5077,6157,3675,,4809,,4006,4662,,,,
48.26194444,,1158,,1257,,1200,,1097,,1146,,1207,,1379,,1281,,2074,,1878,,2654,,2374,,2820,,2950,,2821,,2810,,2901,,3238,,2405,,2327,,1517,,1794,,1417,,3355,,3589,,1851,,1764,,1863,,1474,,1162,,1358,,1756,,1547,,2466,,2051,,1505,,1369,,1526,,1401,,1168,,1411,,1230,,946,,1017,,1000,,1189,,1187,,1684,,1899,,3278,,3466,,3116,,3392,,3447,,3087,,5242,,6219,,3828,,2968,,4283,,5237,,6289,,5012,,5738,,5315,,5311,,5715,,6447,,7496,,1661,,1306,,1587,,2265,,1884,,1556,,1537,,2039,,1340,,2657,,2239,,2618,,,,2219,,2535,,,1846,1866,1738,1896,,5767,,5672,,3565,,,,4150,,4402,,,2933,4946,3658,4751
50.09694444,1898,,1320,,1429,,1311,,1189,,2274,,1380,,1165,,1063,,1063,,3054,,3177,,4483,,3055,,2840,,4529,,2659,,3009,,2622,,3520,,3198,,1612,,4491,,2595,,1658,,1670,,1497,,1628,,1256,,2508,,2331,,1312,,2826,,1471,,1188,,1810,,1830,,1434,,1867,,2274,,1234,,1353,,1465,,1018,,2027,,1646,,1203,,1302,,1078,,3243,,3984,,3795,,3515,,2991,,5752,,3168,,4216,,3613,,4660,,4398,,6316,,7542,,5782,,5913,,10138,,4145,,4815,,4996,,5304,,2199,,1854,,1411,,1431,,1197,,1072,,1373,,1759,,2110,,2547,,2229,,2169,,1798,2372,1998,,2114,,1830,1775,,,,,4155,,4931,,3558,,5093,5820,3672,,4815,,4037,4609,,,,
50.26194444,,1153,,1343,,1165,,1011,,1105,,1119,,1439,,1324,,2154,,1913,,3071,,2745,,3112,,3289,,2879,,3158,,3097,,3376,,2591,,2731,,1368,,1954,,1391,,3632,,3908,,1726,,1826,,1960,,1524,,1343,,1415,,1756,,1607,,2491,,2123,,1571,,1393,,1634,,1425,,1180,,1521,,1328,,847,,1068,,944,,1111,,1181,,1630,,1948,,3082,,3440,,3090,,3538,,3396,,3129,,5224,,6067,,3792,,3125,,4333,,5043,,6203,,5027,,5709,,5056,,5027,,5224,,5710,,6776,,1513,,1284,,1398,,1909,,1655,,1563,,1312,,1877,,1216,,2406,,2085,,2678,,,,2260,,2434,,,1954,1937,1778,1861,,5911,,5781,,3780,,,,4035,,4483,,,2984,4826,3573,4799
52.09694444,2200,,1412,,1450,,1393,,1239,,2278,,1573,,1166,,1217,,1035,,3491,,3637,,5007,,3500,,3421,,5126,,2973,,3472,,3104,,4070,,3500,,1716,,5098,,2818,,1886,,1614,,1688,,1722,,1318,,2814,,2622,,1439,,2909,,1562,,1283,,1901,,1834,,1496,,1836,,2520,,1399,,1458,,1475,,1115,,1997,,1774,,1153,,1431,,1058,,3449,,4025,,3929,,3739,,3020,,5727,,3178,,4211,,3778,,4837,,4889,,6105,,7035,,5538,,5933,,8893,,3826,,4543,,4496,,5328,,2542,,2366,,1870,,2143,,1895,,1344,,1909,,2196,,2439,,2685,,2294,,2249,,1874,2305,2140,,2248,,1870,1683,,,,,4402,,4932,,3818,,5178,5929,4009,,4823,,4302,4591,,,,
52.26194444,,1165,,1444,,1193,,1088,,1145,,1116,,1449,,1425,,2229,,1968,,3533,,3040,,3518,,3804,,3279,,3771,,3476,,3597,,2957,,2911,,1398,,2140,,1460,,3905,,4194,,1789,,2051,,2184,,1702,,1360,,1524,,1872,,1669,,2547,,2259,,1808,,1447,,1621,,1498,,1215,,1571,,1397,,942,,1046,,1016,,1065,,1161,,1639,,2049,,3136,,3750,,3120,,3503,,3524,,3177,,5416,,6443,,3920,,3245,,4345,,5119,,6048,,5245,,5480,,4819,,5049,,5028,,5138,,6397,,2069,,1864,,2001,,2298,,2098,,2545,,1931,,2817,,1661,,2534,,2163,,2778,,,,2307,,2522,,,1998,1938,1854,2009,,6256,,5843,,4135,,,,4188,,4558,,,2928,5071,3651,4970
54.09694444,2106,,1411,,1341,,1287,,1197,,2241,,1513,,1210,,1183,,1080,,3569,,4088,,5172,,3535,,3651,,5742,,3265,,3527,,3454,,4296,,3534,,1811,,5225,,2870,,1906,,1607,,1641,,1719,,1392,,2718,,2622,,1440,,2876,,1560,,1287,,1914,,1924,,1618,,1849,,2450,,1320,,1485,,1518,,1171,,1964,,1720,,1178,,1362,,1007,,3316,,4055,,3827,,3679,,2910,,5698,,3148,,4077,,3799,,4825,,4766,,5452,,6227,,5093,,5324,,7679,,3377,,4829,,3943,,5308,,3498,,3638,,2914,,3883,,3423,,2727,,3537,,3854,,3729,,2653,,2315,,2219,,1937,2297,2099,,2193,,1792,1762,,,,,4301,,4814,,3894,,5198,5618,3621,,4669,,4161,4515,,,,
54.26194444,,1146,,1429,,1172,,1049,,1174,,1057,,1447,,1347,,2286,,1952,,3585,,3265,,3711,,4030,,3316,,3779,,3882,,3952,,3074,,3186,,1422,,2132,,1468,,4011,,4169,,1638,,2092,,2120,,1789,,1392,,1438,,1920,,1734,,2563,,2336,,1777,,1498,,1686,,1531,,1157,,1626,,1307,,911,,1032,,988,,1139,,1156,,1506,,1980,,3111,,3436,,3193,,3411,,3357,,3069,,4904,,5982,,3802,,3229,,4481,,4713,,5691,,5171,,5011,,4765,,4944,,4785,,4267,,5816,,3363,,3565,,3398,,3334,,3237,,4253,,3499,,4867,,2959,,2629,,2023,,2916,,,,2260,,2549,,,1881,2055,1774,1874,,6235,,5741,,4288,,,,3973,,4630,,,2986,5074,3442,4776
56.09694444,2246,,1454,,1471,,1417,,1374,,2236,,1717,,1275,,1253,,1089,,3804,,4450,,5347,,3807,,3763,,6315,,3465,,3672,,3617,,4412,,3665,,1903,,5594,,3151,,2147,,1752,,1845,,1845,,1446,,2899,,2789,,1581,,2976,,1672,,1412,,2096,,2060,,1651,,2004,,2700,,1397,,1556,,1670,,1152,,1953,,1889,,1236,,1470,,1093,,3577,,4197,,4047,,3699,,2862,,5704,,3399,,4289,,3781,,5075,,5064,,5683,,6018,,5228,,5570,,7624,,3923,,5630,,4088,,5739,,4780,,4974,,4020,,6005,,5352,,5023,,5689,,5875,,5666,,2714,,2485,,2375,,1947,2296,2185,,2293,,1907,1791,,,,,4364,,5074,,4284,,5388,5579,3813,,4972,,4277,4464,,,,
56.26194444,,1312,,1396,,1224,,1132,,1334,,1159,,1466,,1502,,2379,,2159,,3636,,3566,,3766,,4368,,3596,,3941,,4157,,4229,,3374,,3544,,1512,,2396,,1508,,4336,,4446,,1786,,2220,,2170,,2046,,1579,,1710,,1864,,1845,,2824,,2484,,1969,,1575,,1843,,1658,,1151,,1660,,1497,,1009,,1137,,994,,1207,,1220,,1604,,2079,,3194,,3598,,3214,,3519,,3317,,3212,,4941,,6122,,3865,,3127,,4583,,4943,,6015,,5379,,5119,,5041,,5242,,5245,,4382,,5771,,4978,,5235,,5277,,5394,,4385,,5899,,5505,,7519,,4577,,2734,,2051,,3048,,,,2387,,2735,,,2061,2101,1873,2049,,6421,,5730,,4551,,,,4161,,4758,,,2983,5262,3487,5000
58.09694444,2260,,1551,,1430,,1350,,1317,,2111,,1774,,1350,,1278,,1210,,3840,,4447,,5328,,3786,,3794,,6376,,3437,,3753,,3658,,4400,,3688,,2174,,5488,,3144,,2334,,1773,,1907,,1882,,1570,,2895,,2900,,1677,,2994,,1784,,1470,,2277,,2140,,1759,,2047,,2678,,1459,,1581,,1735,,1142,,1847,,1842,,1318,,1515,,1059,,3399,,3985,,4008,,3666,,2936,,5522,,3390,,4124,,3790,,4924,,5127,,5688,,5984,,5236,,5771,,7716,,3989,,6902,,4247,,5778,,5361,,5597,,4775,,7452,,6404,,6715,,6774,,6695,,6802,,2798,,2481,,2414,,2126,2348,2147,,2432,,1989,1794,,,,,4087,,4946,,4302,,5549,5264,3675,,5051,,4231,4253,,,,
58.26194444,,1270,,1479,,1202,,1108,,1354,,1187,,1521,,1473,,2468,,2178,,3599,,3539,,3780,,4101,,3431,,3866,,4336,,4214,,3338,,3528,,1490,,2510,,1597,,4233,,4184,,1801,,2282,,2363,,2089,,1605,,1674,,1913,,1831,,2974,,2511,,1891,,1747,,1856,,1747,,1191,,1689,,1498,,948,,1138,,1037,,1204,,1288,,1552,,1891,,3252,,3621,,3206,,3536,,3259,,3156,,4802,,5821,,3708,,3224,,4754,,4838,,5750,,5427,,5061,,5307,,5700,,5524,,4272,,5752,,5745,,6270,,6121,,6126,,4706,,6531,,6336,,8897,,5244,,2792,,2090,,3147,,,,2463,,2728,,,2122,2193,1980,2019,,6660,,5616,,4714,,,,4321,,4749,,,3001,5163,3392,4962
60.09694444,2219,,1375,,1538,,1435,,1321,,2051,,1925,,1324,,1323,,1236,,3777,,4181,,5026,,3687,,3547,,6187,,3449,,3418,,3594,,4261,,3403,,2200,,5143,,2898,,2328,,1890,,1867,,1761,,1615,,2715,,2848,,1776,,2863,,1662,,1412,,2188,,2119,,1732,,2070,,2652,,1333,,1545,,1647,,1169,,1870,,1882,,1232,,1386,,1087,,3267,,3927,,3847,,3583,,2797,,5315,,3393,,3928,,3785,,4828,,5305,,5436,,5889,,5213,,5448,,7782,,4201,,6878,,4194,,5676,,5532,,5732,,5162,,8070,,6770,,7028,,7389,,7106,,7289,,2818,,2459,,2376,,2013,2310,2119,,2480,,1987,1736,,,,,4081,,4628,,4332,,5429,4878,3463,,5026,,4185,4046,,,,
60.26194444,,1258,,1510,,1180,,1184,,1396,,1145,,1472,,1440,,2520,,2195,,3320,,3484,,3592,,4192,,3281,,3642,,4303,,4157,,3264,,3446,,1640,,2626,,1654,,4109,,3843,,1847,,2149,,2391,,2136,,1620,,1747,,1994,,1974,,2994,,2646,,2011,,1664,,2005,,1754,,1239,,1652,,1501,,988,,1147,,1002,,1189,,1213,,1467,,1861,,3147,,3676,,3190,,3617,,3145,,3131,,4491,,5513,,3614,,3197,,4716,,4631,,6080,,5254,,5071,,5487,,5790,,5665,,4378,,5753,,6212,,6759,,6684,,6730,,4957,,6998,,6906,,9513,,5566,,2810,,2000,,3196,,,,2401,,2675,,,2230,2286,1980,2029,,6473,,5320,,4798,,,,4272,,4886,,,3064,5360,3261,5036
62.09694444,2277,,1382,,1493,,1509,,1264,,2089,,1848,,1362,,1348,,1210,,3703,,3916,,4705,,3411,,3405,,5892,,3307,,3161,,3467,,3872,,3335,,2278,,4919,,2821,,2278,,1987,,1943,,1645,,1744,,2631,,2824,,1859,,2825,,1717,,1556,,2434,,2086,,1886,,1936,,2653,,1423,,1666,,1757,,1210,,1833,,1800,,1283,,1446,,1076,,3135,,3807,,3834,,3424,,2571,,5110,,3579,,3624,,3702,,4809,,5569,,5583,,5889,,5236,,5711,,7566,,4096,,6835,,4228,,5710,,5464,,5608,,5010,,8250,,7059,,7260,,7975,,7422,,7278,,2897,,2464,,2511,,1934,2272,2101,,2474,,2114,1701,,,,,3890,,4328,,4132,,5242,4588,3250,,5157,,4185,3664,,,,
62.26194444,,1151,,1500,,1321,,1220,,1450,,1206,,1428,,1424,,2524,,2253,,3150,,3338,,3442,,4148,,2939,,3409,,4269,,3926,,3170,,3282,,1689,,2427,,1769,,4075,,3556,,1890,,2293,,2371,,2168,,1639,,1855,,1976,,1970,,3093,,2742,,2115,,1785,,2078,,1845,,1311,,1649,,1680,,1087,,1151,,1048,,1234,,1326,,1445,,1841,,3268,,3646,,3211,,3570,,3020,,3146,,4416,,5313,,3632,,3083,,4907,,4761,,5904,,5242,,4948,,5542,,5787,,5958,,4710,,6012,,6470,,6886,,7024,,6593,,5019,,7282,,7123,,10217,,5504,,2940,,2033,,3223,,,,2466,,2725,,,2164,2324,1917,2152,,6221,,5108,,4937,,,,4388,,4798,,,3312,5523,3107,5126
64.09694444,2216,,1514,,1553,,1579,,1392,,2072,,1831,,1378,,1404,,1301,,3474,,3946,,4613,,3303,,3135,,5869,,3132,,2994,,3389,,3719,,3143,,2475,,4680,,2841,,2402,,2090,,1996,,1686,,1793,,2549,,2859,,1864,,2856,,1739,,1659,,2392,,2140,,1920,,1955,,2598,,1405,,1603,,1887,,1255,,1832,,1872,,1306,,1451,,1204,,3127,,3783,,4018,,3441,,2594,,5058,,3551,,3680,,3565,,4555,,5846,,5556,,6036,,5111,,5764,,7882,,4312,,6724,,4248,,5871,,5458,,5392,,4848,,8115,,7198,,7103,,7935,,7195,,7185,,2875,,2373,,2641,,1952,2347,2122,,2611,,2131,1760,,,,,3973,,4157,,4417,,5094,4706,3174,,5149,,4273,3512,,,,
64.26194444,,1259,,1498,,1340,,1195,,1417,,1222,,1324,,1444,,2622,,2446,,3064,,3136,,3355,,3816,,2858,,3431,,4400,,4038,,2992,,3253,,1796,,2468,,1929,,3847,,3321,,2054,,2294,,2325,,2119,,1796,,1878,,1914,,1979,,3335,,2791,,2180,,1861,,2143,,1915,,1289,,1796,,1654,,1077,,1196,,1088,,1342,,1305,,1419,,1791,,3280,,3577,,3234,,3433,,3135,,3168,,4347,,5351,,3448,,3190,,5229,,4890,,6031,,5289,,5116,,5543,,6071,,6266,,4690,,6103,,6649,,7125,,6883,,6425,,4924,,7026,,7127,,9690,,5408,,3023,,1996,,3335,,,,2503,,2755,,,2308,2460,2010,2271,,6403,,5096,,4954,,,,4437,,4853,,,3279,5734,3069,5134
66.09694444,2252,,1509,,1573,,1653,,1383,,2189,,1944,,1416,,1473,,1350,,3577,,3953,,4696,,3214,,3097,,6005,,3144,,2922,,3452,,3593,,3061,,2584,,4578,,2835,,2361,,2166,,2035,,1643,,1974,,2423,,2879,,1961,,2840,,1840,,1754,,2608,,2287,,2094,,2028,,2703,,1465,,1647,,1978,,1262,,1798,,1930,,1350,,1449,,1190,,3103,,3756,,4289,,3507,,2667,,5109,,3659,,3654,,3570,,4606,,5930,,5806,,6318,,5351,,6217,,7679,,4401,,6962,,4359,,6159,,5343,,4980,,4566,,7500,,6693,,6669,,7620,,6425,,6868,,2933,,2489,,2826,,2037,2459,2116,,2827,,2329,1803,,,,,3900,,4252,,4450,,5277,4464,3393,,5381,,4509,3560,,,,
66.26194444,,1309,,1524,,1343,,1290,,1527,,1168,,1350,,1382,,2576,,2555,,3094,,3151,,3410,,3720,,2648,,3449,,4387,,3956,,3027,,3390,,1881,,2349,,1937,,3703,,3275,,2117,,2129,,2438,,2202,,1848,,2023,,1931,,2142,,3358,,2877,,2311,,2005,,2248,,2019,,1312,,1757,,1759,,1107,,1315,,1080,,1311,,1362,,1436,,1861,,3291,,3509,,3352,,3480,,2917,,3209,,4132,,5397,,3449,,2965,,5206,,4960,,6123,,5401,,5059,,5529,,6205,,6395,,4683,,6202,,6025,,6347,,6271,,5883,,4652,,6058,,6782,,8760,,5148,,3190,,2008,,3482,,,,2582,,2884,,,2345,2476,1986,2290,,6341,,5122,,5090,,,,4387,,4843,,,3229,5849,2865,5243
68.09694444,2329,,1499,,1666,,1739,,1373,,2011,,1968,,1378,,1456,,1423,,3468,,3683,,4820,,3047,,2885,,5605,,3210,,2827,,3404,,3386,,3089,,2489,,4350,,2680,,2320,,2287,,2052,,1508,,2095,,2251,,2751,,2057,,2802,,1810,,1804,,2702,,2228,,2186,,1950,,2693,,1436,,1772,,2036,,1306,,1724,,1987,,1348,,1468,,1194,,3052,,3664,,4125,,3445,,2412,,4851,,3757,,3356,,3363,,4492,,6303,,5330,,5995,,5151,,5803,,7225,,4118,,6933,,4121,,5987,,4430,,4118,,3608,,5724,,5570,,5663,,5716,,4798,,5423,,2891,,2545,,2766,,1924,2247,2176,,2733,,2234,1702,,,,,3918,,3737,,4341,,4990,4314,3064,,5174,,4629,3331,,,,
68.26194444,,1352,,1496,,1361,,1335,,1521,,1219,,1358,,1389,,2630,,2446,,3403,,3018,,3432,,3621,,2500,,3535,,4451,,3835,,2915,,3176,,1814,,2352,,2087,,3594,,3020,,2228,,2161,,2371,,2262,,1855,,2075,,1908,,2109,,3353,,2981,,2361,,1963,,2340,,2010,,1385,,1843,,1902,,1099,,1306,,1149,,1382,,1329,,1351,,1848,,3426,,3428,,3433,,3568,,2888,,3248,,3883,,5162,,3365,,2955,,5666,,4799,,6132,,5396,,4958,,5657,,6239,,6301,,4453,,5974,,5322,,5192,,4781,,4575,,4085,,4770,,5252,,6528,,4405,,3132,,1987,,3328,,,,2574,,2815,,,2438,2489,1943,2425,,6237,,5064,,5216,,,,4515,,4648,,,3172,5702,2797,5155
70.09694444,2349,,1497,,1704,,1670,,1356,,2083,,2055,,1343,,1489,,1430,,3436,,3720,,5095,,3149,,2755,,5549,,3352,,2628,,3618,,3313,,2996,,2604,,4098,,2558,,2307,,2277,,2081,,1501,,2032,,2228,,2702,,2099,,2661,,1793,,1706,,2676,,2263,,2198,,1925,,2801,,1359,,1704,,2094,,1338,,1792,,1923,,1370,,1499,,1262,,3147,,3527,,4192,,3289,,2329,,4820,,3695,,3220,,3431,,4413,,6410,,5348,,5632,,5044,,5613,,6920,,3976,,6798,,3941,,6026,,3934,,3435,,2880,,4477,,4050,,4589,,4340,,3632,,4039,,2911,,2497,,2807,,1988,2315,2020,,2892,,2265,1667,,,,,3896,,3898,,4596,,4795,4344,3137,,5248,,4826,3332,,,,
70.26194444,,1377,,1549,,1460,,1396,,1569,,1227,,1354,,1326,,2652,,2590,,3585,,3154,,3852,,3778,,2511,,3877,,4701,,3894,,3055,,3351,,1962,,2349,,2151,,3718,,2896,,2295,,2245,,2485,,2208,,1897,,2165,,1996,,2170,,3617,,3011,,2446,,2183,,2333,,2215,,1504,,1837,,1798,,1300,,1410,,1116,,1376,,1389,,1367,,1737,,3499,,3582,,3413,,3525,,2885,,3327,,3926,,5066,,3298,,2994,,5694,,4863,,6139,,5523,,4886,,5594,,6092,,6004,,4431,,5809,,4521,,3885,,3701,,3457,,3441,,3611,,4018,,4699,,3582,,3389,,1867,,3460,,,,2692,,2831,,,2486,2571,1951,2417,,6437,,5169,,5412,,,,4546,,4650,,,3150,6041,2717,5036
72.09694444,2488,,1541,,1710,,1695,,1367,,2085,,2020,,1405,,1583,,1501,,3436,,3825,,5286,,3264,,2940,,5689,,3541,,2653,,3697,,3418,,3035,,2612,,4246,,2686,,2450,,2355,,2222,,1530,,2186,,2236,,2779,,2227,,2733,,1857,,1840,,2846,,2265,,2357,,1934,,2965,,1497,,1715,,2114,,1469,,1718,,2019,,1338,,1507,,1287,,3098,,3562,,4211,,3344,,2470,,4565,,3698,,3221,,3361,,4469,,6514,,5257,,5478,,4973,,5652,,6231,,3819,,6627,,3863,,5780,,3528,,3032,,2533,,3417,,3096,,3316,,3132,,2784,,3029,,2913,,2600,,2906,,2006,2172,2272,,2973,,2377,1736,,,,,4047,,3965,,4621,,4874,4272,3257,,5198,,4896,3348,,,,
72.26194444,,1394,,1595,,1486,,1417,,1576,,1288,,1361,,1316,,2774,,2712,,3809,,3091,,3998,,3767,,2411,,4060,,4793,,3845,,2897,,3448,,2064,,2302,,2154,,3495,,2816,,2353,,2245,,2432,,2249,,1939,,2213,,1916,,2271,,3689,,3124,,2556,,2165,,2501,,2170,,1545,,1864,,1927,,1142,,1416,,1176,,1393,,1442,,1310,,1710,,3445,,3392,,3479,,3513,,2756,,3302,,3709,,4869,,3236,,2953,,6016,,4808,,5874,,5269,,4740,,5417,,5721,,5761,,4153,,5585,,3496,,2953,,2816,,2704,,2879,,2954,,2933,,3365,,2979,,3401,,1861,,3414,,,,2618,,2994,,,2453,2629,2071,2523,,6521,,5190,,5477,,,,4474,,4536,,,3166,6016,2675,4749
74.09694444,2394,,1427,,1732,,1850,,1346,,2095,,2101,,1446,,1502,,1622,,3579,,3759,,5549,,3065,,2787,,5869,,3750,,2548,,3775,,3199,,2931,,2557,,3988,,2477,,2407,,2527,,2187,,1469,,2120,,2162,,2691,,2360,,2592,,1865,,1807,,2770,,2255,,2348,,1975,,2935,,1535,,1721,,2168,,1385,,1606,,1966,,1363,,1509,,1325,,3127,,3533,,4369,,3370,,2329,,4669,,3840,,3113,,3175,,4358,,6304,,4715,,5064,,4978,,5042,,5867,,3633,,6303,,3416,,5483,,3154,,2691,,2151,,2687,,2350,,2515,,2362,,2254,,2521,,2999,,2534,,2941,,2029,2140,2119,,2958,,2340,1644,,,,,3962,,3791,,4768,,4619,3881,3139,,5120,,4982,3334,,,,
74.26194444,,1435,,1559,,1547,,1491,,1638,,1293,,1450,,1318,,2678,,2568,,4170,,3179,,4131,,3880,,2359,,4378,,4982,,3916,,2894,,3440,,2100,,2292,,2251,,3373,,2682,,2450,,2172,,2434,,2155,,1965,,2292,,1891,,2343,,3771,,3262,,2620,,2134,,2500,,2319,,1520,,1829,,1927,,1277,,1398,,1168,,1438,,1440,,1299,,1718,,3499,,3354,,3408,,3414,,2786,,3502,,3496,,4834,,3261,,2918,,5924,,4785,,5775,,4998,,4502,,5449,,5450,,5316,,3871,,5158,,2849,,2383,,2235,,2145,,2448,,2419,,2336,,2840,,2292,,3492,,1797,,3527,,,,2594,,2847,,,2548,2546,2064,2492,,6492,,5117,,5642,,,,4553,,4446,,,3270,5892,2694,4764
76.09694444,2425,,1516,,1669,,1861,,1359,,2010,,2107,,1479,,1539,,1618,,3363,,3800,,5546,,3114,,2782,,5932,,3700,,2533,,3704,,3147,,2827,,2604,,3878,,2480,,2419,,2506,,2217,,1473,,2318,,2029,,2572,,2356,,2446,,1857,,1765,,2720,,2195,,2424,,1749,,2908,,1493,,1814,,2244,,1383,,1673,,1964,,1516,,1471,,1337,,2963,,3281,,4378,,3301,,2211,,4434,,3949,,2999,,3192,,4136,,6311,,4391,,4635,,4717,,4652,,5348,,3351,,5781,,3192,,5120,,2890,,2673,,2006,,2629,,1991,,1892,,2105,,2182,,2229,,3009,,2512,,3063,,1879,2114,2175,,2898,,2325,1560,,,,,3803,,3784,,4920,,4566,3804,3102,,4953,,5116,3039,,,,
76.26194444,,1416,,1576,,1592,,1560,,1689,,1319,,1360,,1332,,2771,,2539,,4031,,3280,,4213,,3759,,2374,,4316,,4961,,3993,,2841,,3434,,2202,,2243,,2270,,3331,,2541,,2564,,2148,,2305,,2240,,2072,,2302,,1865,,2325,,3824,,3136,,2577,,2240,,2572,,2351,,1602,,1927,,1900,,1370,,1494,,1162,,1294,,1452,,1252,,1658,,3494,,3420,,3491,,3550,,2647,,3403,,3384,,4806,,3157,,2934,,5886,,4644,,5686,,5007,,4387,,5230,,4889,,4909,,3551,,4812,,2598,,2094,,2063,,2016,,2567,,2600,,2106,,2766,,1863,,3504,,1781,,3334,,,,2724,,3016,,,2452,2526,2078,2520,,6495,,5139,,5730,,,,4424,,4408,,,3165,5757,2635,4649
78.09694444,2414,,1507,,1712,,1801,,1392,,1929,,2124,,1531,,1549,,1625,,3426,,3923,,5764,,3105,,2830,,5901,,3910,,2544,,3740,,3070,,2923,,2737,,3661,,2466,,2419,,2610,,2196,,1391,,2308,,1942,,2776,,2426,,2385,,1910,,1816,,2814,,2158,,2549,,1825,,2969,,1572,,1775,,2357,,1463,,1608,,2012,,1440,,1479,,1374,,3083,,3408,,4363,,3208,,2257,,4647,,3975,,2986,,3182,,4048,,6148,,4346,,4393,,4538,,4611,,5037,,3273,,5400,,3205,,4945,,3469,,3297,,2485,,3460,,2506,,2124,,2774,,2776,,2524,,2857,,2558,,3250,,1974,2091,2154,,2941,,2380,1642,,,,,3886,,3828,,4967,,4641,3646,3250,,5157,,5206,3134,,,,
78.26194444,,1331,,1534,,1560,,1504,,1693,,1388,,1339,,1330,,2311,,2395,,4185,,3150,,4479,,3901,,2533,,4730,,4814,,3785,,2934,,3601,,2299,,2258,,2382,,3301,,2608,,2825,,2056,,2247,,2232,,2083,,2370,,1792,,2520,,3099,,2986,,2619,,2283,,2619,,2443,,1509,,1678,,1916,,1300,,1437,,1285,,1371,,1552,,1324,,1687,,3463,,3333,,3539,,3373,,2516,,3442,,3580,,5052,,3165,,2854,,4910,,4428,,5785,,4969,,4265,,5490,,4611,,4661,,3379,,4661,,3153,,2946,,2691,,2728,,2738,,3557,,2833,,3897,,2255,,3646,,1760,,3606,,,,2451,,2712,,,2465,2583,2021,2420,,5980,,5080,,6034,,,,4398,,4414,,,3237,5636,2731,4712
80.09694444,2030,,1472,,1848,,1838,,1416,,1883,,2100,,1491,,1468,,1649,,3166,,3719,,5656,,3094,,2694,,6010,,3875,,2457,,3637,,3025,,2687,,2635,,3720,,2304,,2282,,2809,,2169,,1408,,2343,,2001,,2307,,2398,,2373,,1763,,1816,,2706,,2098,,2633,,1781,,2665,,1509,,1771,,2306,,1278,,1581,,1956,,1471,,1431,,1430,,2765,,3239,,4402,,3289,,2168,,4407,,3893,,2866,,3046,,4207,,5459,,4122,,4032,,4322,,4426,,4453,,2934,,5350,,2993,,4738,,3812,,3993,,3051,,4990,,4126,,3193,,4260,,3793,,3270,,2633,,2475,,3190,,1926,2003,2020,,2975,,2293,1515,,,,,3801,,3729,,5038,,4492,3622,2992,,4873,,5196,2933,,,,
80.26194444,,1522,,1598,,1632,,1480,,1667,,1444,,1379,,1306,,2749,,2524,,4212,,3176,,4224,,3733,,2221,,4433,,5186,,4025,,2921,,3416,,2194,,2092,,2423,,3152,,2393,,2721,,2182,,2362,,2214,,2087,,2369,,1665,,2418,,3768,,3228,,2649,,2255,,2532,,2381,,1663,,1897,,2078,,1386,,1568,,1241,,1382,,1476,,1263,,1565,,3436,,3221,,3566,,3370,,2433,,3558,,3128,,4712,,3172,,2848,,5816,,4404,,5308,,4709,,3912,,4969,,4546,,4483,,3061,,4099,,4455,,4621,,3836,,3329,,3550,,5163,,4185,,5372,,3796,,3579,,1715,,3375,,,,2595,,2851,,,2463,2516,1980,2504,,6572,,5013,,5623,,,,4230,,4332,,,3148,5521,2520,4451
82.09694444,2443,,1479,,1756,,1906,,1380,,1903,,2212,,1506,,1435,,1705,,3358,,3669,,5464,,3000,,2564,,5839,,3814,,2303,,3691,,2959,,2799,,2642,,3573,,2338,,2291,,2734,,2129,,1356,,2313,,1906,,2503,,2376,,2160,,1855,,1832,,2757,,1956,,2661,,1739,,3052,,1491,,1746,,2386,,1407,,1518,,1932,,1434,,1410,,1396,,3072,,3123,,4454,,3237,,2158,,4267,,4102,,2778,,2917,,3928,,5991,,3878,,3699,,4076,,4497,,4115,,2861,,5432,,2704,,4710,,4560,,4642,,3641,,6512,,5780,,5382,,5714,,4604,,3876,,2898,,2539,,3199,,1851,1935,2078,,2957,,2349,1444,,,,,3882,,3586,,5124,,4408,3419,2979,,4809,,4989,2884,,,,
82.26194444,,1484,,1614,,1697,,1569,,1705,,1360,,1311,,1329,,2818,,2550,,4159,,3162,,4201,,3626,,2216,,4554,,5112,,4076,,2795,,3548,,2305,,2134,,2570,,3160,,2304,,2888,,2054,,2273,,2217,,2154,,2407,,1564,,2461,,3654,,3077,,2537,,2292,,2516,,2412,,1640,,1862,,2116,,1405,,1494,,1266,,1388,,1550,,1262,,1619,,3501,,3127,,3398,,3417,,2396,,3596,,3104,,4748,,3040,,2756,,5597,,4302,,5405,,4728,,3683,,4994,,4474,,4399,,2922,,4060,,5692,,6064,,4786,,4033,,4021,,6279,,5356,,7023,,5500,,3517,,1576,,3445,,,,2514,,2838,,,2644,2542,1842,2532,,6534,,4944,,5844,,,,4121,,4278,,,3280,5284,2542,4444
84.09694444,2411,,1597,,1831,,2059,,1420,,1936,,2252,,1510,,1470,,1576,,3372,,3675,,5599,,3060,,2696,,6077,,3882,,2372,,3829,,2899,,2839,,2820,,3387,,2375,,2285,,2843,,2199,,1419,,2374,,1913,,2534,,2525,,2147,,1813,,1787,,2753,,2060,,2762,,1618,,3131,,1533,,1765,,2442,,1439,,1569,,2029,,1496,,1515,,1517,,2966,,3228,,4435,,3114,,2085,,4372,,4107,,2718,,2883,,3911,,6028,,3829,,3688,,4173,,4536,,4083,,3021,,5666,,2812,,5009,,4923,,4968,,3978,,7791,,7192,,7431,,7185,,5345,,4326,,3037,,2569,,3349,,1946,1952,2058,,3024,,2481,1465,,,,,4088,,3581,,5371,,4596,3357,2944,,4872,,5106,2886,,,,
84.26194444,,1531,,1583,,1681,,1571,,1675,,1525,,1286,,1285,,2845,,2527,,4211,,3140,,4198,,3547,,2159,,4412,,5196,,3894,,2715,,3557,,2318,,2083,,2489,,3226,,2275,,2788,,2116,,2259,,2218,,2114,,2375,,1562,,2401,,3779,,3282,,2673,,2344,,2473,,2364,,1715,,1876,,2131,,1391,,1544,,1278,,1418,,1544,,1226,,1557,,3561,,3122,,3533,,3362,,2311,,3521,,3046,,4916,,3005,,2760,,5976,,4204,,5408,,4631,,3697,,5034,,4807,,4612,,2879,,3979,,6787,,7237,,5475,,4349,,4647,,7182,,6368,,8210,,6878,,3638,,1505,,3465,,,,2676,,2891,,,2432,2558,1966,2466,,6535,,4966,,5930,,,,4268,,4441,,,3265,5655,2408,4422
86.09694444,2541,,1523,,1827,,2021,,1381,,1872,,2297,,1567,,1546,,1752,,3503,,3685,,5799,,3020,,2543,,5961,,3905,,2421,,3823,,2908,,2955,,2821,,3469,,2439,,2298,,2829,,2242,,1360,,2528,,1827,,2471,,2482,,2162,,1829,,1790,,2742,,1921,,2804,,1723,,3280,,1503,,1808,,2517,,1385,,1522,,2069,,1579,,1486,,1538,,3085,,3250,,4454,,3268,,2140,,4292,,4245,,2823,,3032,,4030,,6469,,3936,,3694,,4375,,4395,,4032,,3200,,6222,,2947,,5082,,5119,,5408,,4417,,8426,,8262,,8924,,8057,,5590,,4563,,2848,,2550,,3471,,1864,1953,2104,,3184,,2446,1424,,,,,3930,,3643,,5368,,4524,3313,3093,,5074,,5164,2762,,,,
86.26194444,,1570,,1510,,1755,,1643,,1736,,1544,,1273,,1234,,2597,,2578,,4197,,3247,,4228,,3731,,2050,,4550,,5104,,3970,,2795,,3498,,2388,,2060,,2580,,3284,,2144,,2874,,1945,,2243,,2250,,2238,,2473,,1533,,2508,,3345,,3148,,2463,,2385,,2512,,2508,,1737,,1814,,2279,,1480,,1506,,1315,,1419,,1494,,1247,,1552,,3578,,3182,,3584,,3440,,2366,,3613,,3162,,4983,,2952,,2757,,5469,,4107,,5637,,4810,,3868,,5101,,4942,,4729,,3003,,4051,,7441,,8194,,6054,,4860,,4701,,7937,,7143,,8956,,7796,,3697,,1574,,3476,,,,2663,,2768,,,2556,2616,1953,2498,,6156,,4931,,6158,,,,4312,,4406,,,3420,5593,2422,4626
88.09694444,2248,,1476,,1843,,2004,,1401,,1893,,2305,,1567,,1502,,1754,,3149,,3707,,5780,,3053,,2607,,6282,,3971,,2371,,3936,,2985,,2786,,2747,,3541,,2236,,2267,,2877,,2225,,1310,,2600,,1852,,2406,,2595,,2140,,1806,,1872,,2703,,1960,,2784,,1696,,2828,,1564,,1776,,2562,,1403,,1513,,1943,,1509,,1447,,1634,,2852,,3274,,4552,,3189,,2168,,4428,,4370,,2797,,3045,,3991,,5960,,3968,,4012,,4473,,4461,,4292,,3333,,6569,,3080,,5247,,5371,,5197,,4678,,8855,,8782,,10049,,8619,,6001,,4875,,2753,,2495,,3477,,1949,2005,2045,,3193,,2506,1490,,,,,4304,,3639,,5578,,4472,3294,2871,,4977,,5108,2745,,,,
88.26194444,,1617,,1601,,1717,,1633,,1861,,1563,,1261,,1230,,2947,,2687,,4214,,3246,,4469,,3686,,2156,,4549,,5497,,4172,,2690,,3595,,2415,,1983,,2577,,3134,,2151,,2920,,2098,,2454,,2288,,2239,,2385,,1475,,2491,,3647,,3325,,2488,,2365,,2523,,2574,,1817,,1917,,2288,,1502,,1546,,1375,,1410,,1557,,1193,,1480,,3603,,3080,,3593,,3467,,2396,,3656,,3025,,5266,,2999,,2621,,6212,,4467,,5751,,4825,,3782,,5130,,5059,,4826,,2998,,4033,,7566,,8627,,6282,,4836,,4957,,8003,,7403,,9437,,8015,,3803,,1526,,3783,,,,2629,,2917,,,2518,2661,1978,2552,,6762,,5078,,6286,,,,4365,,4533,,,3426,5723,2324,4612
90.09694444,2682,,1511,,1810,,2154,,1423,,1848,,2402,,1503,,1519,,1783,,3376,,3642,,5987,,3017,,2711,,6109,,4141,,2378,,3901,,2803,,2908,,2855,,3408,,2406,,2221,,2927,,2235,,1330,,2628,,1790,,2528,,2607,,2045,,1775,,1840,,2725,,1944,,2837,,1575,,3373,,1518,,1737,,2625,,1400,,1549,,2049,,1525,,1507,,1643,,3122,,3260,,4758,,3303,,2211,,4342,,4371,,2608,,2955,,3812,,6750,,4074,,4041,,4646,,4519,,4444,,3539,,6593,,3127,,5328,,5176,,5103,,4510,,8711,,8789,,9883,,8538,,5907,,4674,,2934,,2568,,3576,,1940,1851,2126,,3235,,2546,1517,,,,,4217,,3489,,5662,,4557,3377,2917,,5033,,5202,2664,,,,
90.26194444,,1566,,1632,,1769,,1642,,1798,,1521,,1329,,1302,,2950,,2664,,4392,,3233,,4373,,3629,,2078,,4624,,5269,,4065,,2871,,3620,,2520,,1988,,2660,,3165,,2093,,2924,,2042,,2423,,2284,,2286,,2560,,1479,,2606,,3538,,3149,,2394,,2319,,2540,,2620,,1781,,1852,,2360,,1561,,1622,,1415,,1450,,1567,,1184,,1527,,3672,,3147,,3554,,3406,,2260,,3667,,2991,,5268,,3060,,2629,,5955,,4464,,5805,,4772,,3904,,5374,,5088,,4989,,3159,,4152,,7449,,8378,,6358,,4579,,5066,,7532,,7367,,9384,,7996,,3819,,1527,,3652,,,,2624,,2769,,,2594,2680,1897,2604,,6544,,4913,,6385,,,,4261,,4413,,,3379,5778,2188,4548
92.09694444,2352,,1490,,1948,,2064,,1241,,1854,,2263,,1481,,1420,,1842,,3176,,3571,,6158,,2979,,2531,,6235,,4166,,2175,,3900,,2754,,2778,,2798,,3310,,2223,,2075,,3057,,2132,,1299,,2587,,1792,,2328,,2611,,2004,,1649,,1777,,2554,,1932,,2769,,1430,,2940,,1497,,1738,,2579,,1356,,1522,,1952,,1530,,1481,,1678,,2754,,3120,,4686,,3140,,2029,,4264,,4421,,2555,,2752,,3638,,6341,,4023,,4097,,4617,,4481,,4483,,3423,,6528,,3049,,5285,,4705,,4425,,3927,,7481,,7871,,9736,,7726,,5256,,4469,,2708,,2449,,3559,,1875,1868,1890,,3303,,2408,1428,,,,,4414,,3308,,5632,,4310,3118,2732,,4904,,5315,2479,,,,
92.26194444,,1600,,1527,,1798,,1720,,1717,,1608,,1212,,1221,,2847,,2625,,4513,,2996,,4660,,3518,,2081,,4817,,5377,,4006,,2809,,3698,,2476,,1880,,2552,,3070,,2056,,2846,,2067,,2395,,2249,,2230,,2569,,1347,,2519,,3714,,3099,,2477,,2451,,2383,,2569,,1854,,1836,,2380,,1512,,1516,,1443,,1537,,1552,,1104,,1557,,3674,,2948,,3472,,3425,,2308,,3649,,2919,,5676,,3023,,2592,,6326,,4533,,5795,,4777,,3678,,5343,,5055,,4906,,3168,,4162,,7100,,7491,,5734,,4113,,4574,,6604,,6735,,8602,,7208,,3644,,1520,,3590,,,,2628,,2850,,,2504,2460,1858,2633,,6663,,4923,,6383,,,,4308,,4352,,,3325,5762,2173,4537
94.09694444,2683,,1503,,1832,,2059,,1353,,1852,,2287,,1535,,1518,,1931,,3381,,3707,,6246,,2997,,2676,,6312,,4268,,2190,,3877,,2792,,2843,,2909,,3239,,2335,,2180,,2993,,2236,,1255,,2736,,1577,,2370,,2586,,1866,,1754,,1716,,2627,,1800,,2815,,1451,,3321,,1459,,1659,,2609,,1312,,1487,,1978,,1556,,1475,,1755,,3107,,2975,,4765,,3248,,2016,,4204,,4541,,2445,,2895,,3811,,7088,,3999,,4119,,4733,,4570,,4314,,3584,,6692,,3191,,5253,,4291,,4023,,3513,,6502,,6916,,8651,,6646,,4443,,3700,,3022,,2402,,3714,,1884,1960,1991,,3296,,2643,1395,,,,,4566,,3384,,5515,,4278,2971,2818,,4919,,5475,2435,,,,
94.26194444,,1625,,1586,,1770,,1729,,1753,,1694,,1288,,1169,,2892,,2703,,4546,,3183,,4675,,3664,,1982,,4848,,5384,,4069,,2769,,3604,,2674,,1835,,2635,,3017,,1975,,2963,,1994,,2337,,2164,,2328,,2578,,1347,,2502,,3535,,3069,,2522,,2381,,2506,,2480,,1791,,1861,,2299,,1480,,1580,,1467,,1339,,1415,,1100,,1471,,3797,,3075,,3457,,3414,,2331,,3706,,2992,,5780,,2925,,2635,,6210,,4472,,6006,,4774,,3816,,5363,,5320,,5103,,3144,,4277,,6228,,6555,,4955,,3644,,3984,,5588,,5889,,7190,,6352,,3842,,1505,,3657,,,,2600,,2699,,,2539,2645,1924,2649,,6541,,4928,,6536,,,,4451,,4310,,,3304,5675,2083,4498
96.09694444,2558,,1450,,1921,,2137,,1424,,1881,,2203,,1498,,1499,,1851,,3177,,3629,,6330,,3095,,2564,,6369,,4237,,2267,,3908,,2619,,2669,,2894,,3221,,2241,,2185,,2989,,2198,,1253,,2810,,1665,,2321,,2562,,1871,,1670,,1656,,2459,,1856,,2761,,1412,,2992,,1467,,1644,,2672,,1276,,1398,,1978,,1612,,1400,,1686,,2878,,3161,,4934,,3114,,1935,,4338,,4483,,2563,,2775,,3831,,6552,,4161,,3990,,4854,,4498,,4368,,3572,,6756,,3128,,5195,,3983,,3580,,3006,,5327,,5757,,7159,,5563,,3642,,3137,,2893,,2424,,3782,,1836,1852,1931,,3300,,2592,1368,,,,,4771,,3478,,5735,,4214,2907,2751,,4921,,5321,2436,,,,
96.26194444,,1695,,1544,,1866,,1829,,1820,,1711,,1289,,1221,,2965,,2681,,4630,,3244,,4693,,3629,,1973,,4944,,5652,,4181,,2772,,3677,,2694,,1882,,2621,,2971,,1821,,2964,,2002,,2354,,2263,,2248,,2606,,1369,,2536,,3533,,3301,,2491,,2376,,2340,,2492,,1884,,1812,,2449,,1625,,1512,,1543,,1456,,1514,,1100,,1491,,3778,,3011,,3543,,3304,,2358,,3795,,2837,,6092,,2906,,2613,,6719,,4769,,5980,,5007,,3808,,5429,,5125,,5057,,3267,,4132,,5348,,5279,,4119,,2790,,3627,,4566,,4753,,5634,,5032,,3931,,1360,,3562,,,,2550,,2784,,,2562,2748,1875,2738,,6766,,5097,,6540,,,,4316,,4333,,,3282,5829,2153,4448
98.09694444,2685,,1432,,1890,,2126,,1241,,1713,,2418,,1390,,1548,,1868,,3452,,3441,,6303,,3027,,2433,,6417,,4402,,2137,,3827,,2612,,3021,,2793,,3022,,2252,,2039,,3015,,2224,,1181,,2848,,1562,,2313,,2627,,1760,,1617,,1666,,2368,,1667,,2780,,1322,,3315,,1420,,1610,,2801,,1240,,1381,,2065,,1495,,1404,,1700,,3318,,2927,,4795,,3182,,1901,,4080,,4545,,2376,,2725,,3699,,7221,,3845,,3905,,4790,,4278,,4101,,3402,,6412,,3008,,5072,,3750,,2978,,2531,,4113,,4319,,5431,,4287,,2913,,2556,,3069,,2373,,3726,,1773,1617,1969,,3184,,2666,1251,,,,,5108,,3242,,5761,,4110,2829,2639,,4671,,5483,2250,,,,
98.26194444,,1727,,1556,,1877,,1751,,1745,,1777,,1272,,1202,,3070,,2677,,4710,,3234,,4664,,3674,,1981,,4965,,5569,,4325,,2771,,3682,,2591,,1772,,2707,,2828,,1790,,2829,,1971,,2382,,2166,,2241,,2731,,1257,,2552,,3534,,3253,,2359,,2417,,2391,,2466,,1840,,1835,,2357,,1563,,1449,,1452,,1467,,1526,,1089,,1465,,3631,,2878,,3498,,3308,,2334,,3791,,2680,,7032,,2977,,2550,,6568,,4611,,5893,,4849,,3726,,5411,,5008,,4764,,3130,,4140,,4539,,4322,,3349,,2236,,3228,,3763,,3834,,4627,,4037,,4003,,1373,,3681,,,,2508,,2705,,,2524,2652,1859,2709,,6746,,4882,,6900,,,,4371,,4447,,,3534,5624,1901,4344
100.0969444,2722,,1344,,1903,,2267,,1323,,1678,,2316,,1357,,1481,,1912,,3378,,3405,,6476,,2976,,2392,,6138,,4341,,2119,,3804,,2617,,2959,,2751,,3012,,2235,,1892,,2961,,2164,,1183,,2751,,1489,,2446,,2491,,1684,,1674,,1596,,2404,,1542,,2922,,1233,,3377,,1368,,1542,,2800,,1278,,1352,,1958,,1539,,1438,,1784,,3175,,2857,,4670,,3161,,1887,,4042,,4690,,2359,,2755,,3503,,7109,,3729,,3620,,4647,,4170,,3851,,3196,,6065,,2876,,4742,,3545,,2839,,2292,,3664,,3476,,4131,,3430,,2379,,2131,,3061,,2121,,3797,,1800,1627,1862,,3199,,2456,1167,,,,,5143,,3081,,5669,,4028,2638,2514,,4711,,5308,2236,,,,
100.2619444,,1726,,1451,,1796,,1761,,1715,,1720,,1204,,1139,,2713,,2565,,4600,,3205,,4637,,3545,,1810,,4949,,5248,,4098,,2647,,3541,,2655,,1710,,2554,,2779,,1816,,2931,,2003,,2214,,2046,,2146,,2684,,1164,,2366,,3366,,3157,,2317,,2231,,2189,,2484,,1913,,1786,,2298,,1527,,1488,,1529,,1384,,1539,,1021,,1426,,3688,,2777,,3538,,3311,,2197,,3631,,2699,,6624,,2960,,2534,,6440,,4362,,5692,,4668,,3518,,5333,,4668,,4228,,2831,,3820,,3930,,3396,,2745,,1896,,2978,,3263,,3098,,3689,,3288,,4010,,1293,,3536,,,,2484,,2707,,,2463,2674,1855,2681,,6340,,4799,,6778,,,,4191,,4209,,,3226,5516,1885,4339
102.0969444,2882,,1451,,1861,,2261,,1224,,1643,,2377,,1390,,1531,,2066,,3315,,3499,,6286,,2981,,2435,,6386,,4248,,2125,,3844,,2683,,3189,,2774,,2850,,2150,,2078,,3034,,2125,,1230,,2887,,1523,,2331,,2498,,1711,,1554,,1622,,2293,,1706,,2762,,1290,,3552,,1491,,1568,,2741,,1306,,1316,,1967,,1530,,1416,,1766,,3234,,2771,,4780,,3090,,1843,,3878,,4612,,2380,,2748,,3594,,7033,,3600,,3441,,4787,,4052,,3576,,3086,,5880,,2679,,4737,,3996,,3040,,2342,,3542,,3077,,3243,,3088,,2492,,2149,,3286,,2378,,3819,,1835,1577,1910,,3297,,2587,1249,,,,,5926,,3210,,5861,,3908,2662,2574,,4896,,5290,2168,,,,
102.2619444,,1761,,1444,,1825,,1849,,1658,,1667,,1157,,1091,,2959,,2712,,4667,,3210,,4697,,3628,,1775,,5075,,5395,,4241,,2643,,3486,,2573,,1685,,2550,,2740,,1704,,2882,,2013,,2356,,2073,,2260,,2620,,1139,,2489,,3384,,3159,,2239,,2322,,2207,,2436,,1987,,1911,,2282,,1680,,1535,,1525,,1363,,1485,,1023,,1395,,3665,,2849,,3519,,3250,,2101,,3662,,2718,,6320,,2703,,2527,,6500,,4362,,5656,,4578,,3498,,5087,,4541,,4195,,2731,,3673,,3795,,3111,,2717,,2051,,2967,,3608,,3017,,3647,,2896,,4053,,1335,,3489,,,,2507,,2708,,,2485,2562,1802,2532,,6597,,4900,,6898,,,,4337,,4292,,,3302,5555,1867,4149
104.0969444,2875,,1326,,1844,,2226,,1330,,1634,,2390,,1384,,1485,,2038,,3277,,3495,,6470,,2981,,2341,,6393,,4370,,2052,,3768,,2608,,3226,,2830,,2854,,2119,,1915,,3079,,2102,,1155,,2928,,1459,,2463,,2451,,1577,,1656,,1627,,2391,,1681,,2808,,1228,,3494,,1437,,1532,,2728,,1349,,1335,,2008,,1533,,1448,,1794,,3423,,2800,,4655,,2974,,1795,,3808,,4767,,2348,,2583,,3500,,6986,,3421,,3362,,4784,,3903,,3289,,2856,,5598,,2573,,4457,,4684,,3503,,2554,,4135,,3430,,3117,,3429,,2650,,2312,,3423,,2300,,3901,,1761,1569,1878,,3179,,2489,1230,,,,,6800,,3151,,5863,,3919,2515,2406,,4842,,5289,2121,,,,
104.2619444,,1785,,1471,,1824,,1789,,1614,,1759,,1166,,1139,,2955,,2701,,4694,,3173,,4584,,3472,,1823,,4896,,5401,,4388,,2652,,3593,,2699,,1601,,2667,,2635,,1732,,3023,,1919,,2325,,2078,,2196,,2578,,1149,,2420,,3282,,3294,,2227,,2278,,2219,,2501,,1959,,1730,,2405,,1616,,1427,,1536,,1333,,1464,,1072,,1442,,3669,,2762,,3520,,3235,,2111,,3810,,2551,,6193,,2826,,2456,,6421,,4298,,5713,,4507,,3234,,5108,,4419,,4099,,2648,,3501,,4148,,3657,,3057,,2459,,3158,,4380,,3376,,4385,,3183,,4003,,1313,,3612,,,,2413,,2770,,,2502,2598,1714,2587,,6624,,4989,,6864,,,,4388,,4083,,,3311,5363,1869,4202
106.0969444,3012,,1299,,1852,,2161,,1316,,1639,,2365,,1329,,1445,,2021,,3392,,3331,,6410,,2898,,2357,,6494,,4462,,2076,,3757,,2479,,3312,,2659,,2766,,2072,,1837,,3241,,2107,,1082,,2865,,1447,,2494,,2546,,1546,,1571,,1580,,2241,,1471,,2811,,1206,,3580,,1365,,1477,,2794,,1259,,1312,,1873,,1484,,1392,,1884,,3391,,2691,,4866,,3134,,1797,,3802,,4806,,2237,,2628,,3549,,7074,,3311,,3140,,4553,,3845,,3044,,2724,,5657,,2554,,4502,,5297,,3753,,2779,,4932,,4492,,4168,,4477,,3101,,2603,,3714,,2302,,3868,,1732,1526,1857,,3199,,2465,1139,,,,,6359,,2936,,5975,,3931,2482,2412,,4509,,5311,2038,,,,
106.2619444,,1791,,1483,,1830,,1788,,1678,,1809,,1206,,1106,,3048,,2728,,4753,,3218,,4698,,3529,,1836,,5102,,5634,,4515,,2673,,3715,,2697,,1665,,2622,,2589,,1688,,2998,,1973,,2269,,2088,,2250,,2570,,1097,,2522,,3395,,3369,,2238,,2326,,2154,,2465,,1922,,1849,,2409,,1676,,1542,,1717,,1304,,1378,,931,,1373,,3704,,2781,,3479,,3345,,2114,,3821,,2640,,5987,,2756,,2457,,6805,,4509,,5774,,4639,,3342,,5012,,4359,,4139,,2438,,3444,,5203,,5003,,3760,,2845,,3687,,5422,,4448,,5398,,4620,,4034,,1310,,3622,,,,2461,,2753,,,2426,2641,1824,2655,,6733,,5035,,7123,,,,4235,,4106,,,3408,5421,1745,4215
108.0969444,2708,,1343,,1945,,2228,,1255,,1646,,2342,,1305,,1439,,1966,,3280,,3334,,6624,,2920,,2427,,6764,,4480,,2030,,3903,,2497,,3284,,2659,,2725,,1957,,1861,,3381,,2069,,1098,,3121,,1459,,2394,,2656,,1566,,1515,,1588,,2188,,1460,,2830,,1158,,3408,,1424,,1587,,2802,,1307,,1299,,1864,,1583,,1277,,1876,,3352,,2773,,4945,,3097,,1738,,3913,,4833,,2279,,2739,,3398,,6821,,3290,,3122,,4773,,3794,,3089,,2760,,5813,,2376,,4725,,5764,,4044,,3032,,6026,,5859,,6077,,5842,,3546,,2846,,3598,,2136,,3975,,1667,1496,1711,,3135,,2554,1148,,,,,6087,,2868,,6068,,3950,2465,2346,,4545,,5549,2114,,,,
108.2619444,,1735,,1485,,1913,,1918,,1761,,1806,,1171,,1132,,3126,,2816,,4889,,3237,,4732,,3400,,1796,,5310,,5518,,4845,,2739,,3657,,2743,,1713,,2696,,2577,,1712,,2945,,1912,,2324,,2101,,2221,,2575,,1104,,2509,,3520,,3400,,2231,,2278,,2148,,2447,,1974,,1825,,2390,,1584,,1504,,1747,,1370,,1477,,995,,1415,,3645,,2766,,3549,,3264,,2037,,3796,,2568,,5954,,2755,,2500,,7129,,4527,,5687,,4592,,3323,,5001,,4451,,4146,,2496,,3366,,6155,,6438,,4251,,3038,,3885,,6301,,5401,,6601,,6354,,4130,,1238,,3626,,,,2487,,2750,,,2463,2575,1756,2638,,6803,,5341,,7193,,,,4342,,4236,,,3460,5460,1752,4301
110.0969444,3175,,1366,,1951,,2322,,1329,,1592,,2497,,1348,,1449,,2058,,3595,,3490,,6837,,2964,,2420,,6860,,4632,,2049,,3804,,2540,,3823,,2784,,2580,,2201,,2009,,3301,,2074,,1175,,3021,,1306,,2753,,2693,,1539,,1634,,1508,,2249,,1520,,2838,,1132,,3828,,1384,,1564,,2974,,1229,,1302,,1951,,1538,,1299,,1949,,3709,,2855,,5099,,3155,,1939,,3739,,4934,,2227,,2620,,3394,,7500,,3325,,3038,,5137,,3940,,3097,,2925,,6118,,2491,,4940,,6409,,4264,,3228,,6932,,7013,,8226,,6881,,3898,,3162,,4256,,2200,,4145,,1776,1535,1756,,3252,,2574,1150,,,,,6259,,3062,,5881,,4049,2385,2369,,4618,,5650,2083,,,,
110.2619444,,1736,,1485,,1881,,1925,,1736,,1804,,1170,,1083,,3116,,2684,,4856,,3138,,4842,,3484,,1782,,5342,,5483,,4757,,2677,,3690,,2724,,1565,,2734,,2438,,1665,,3011,,1991,,2294,,2030,,2198,,2520,,1094,,2526,,3405,,3425,,2148,,2158,,2161,,2500,,1934,,1816,,2416,,1629,,1457,,1670,,1303,,1353,,1016,,1432,,3773,,2683,,3495,,3291,,2043,,3816,,2469,,5814,,2726,,2522,,7158,,4525,,5810,,4740,,3347,,5128,,4574,,4224,,2348,,3492,,6844,,7355,,4691,,3251,,4011,,6827,,5907,,7307,,8040,,4240,,1282,,3702,,,,2444,,2743,,,2384,2625,1792,2666,,6720,,5504,,7368,,,,4317,,4061,,,3398,5522,1710,4305
112.0969444,3515,,1350,,1825,,2265,,1268,,1537,,2360,,1333,,1568,,1975,,3680,,3378,,7085,,3046,,2428,,6931,,4717,,2002,,3981,,2477,,3882,,2617,,2695,,2137,,1944,,3272,,2126,,1058,,3150,,1373,,2803,,2542,,1539,,1640,,1562,,2224,,1529,,2917,,1109,,4122,,1394,,1540,,3120,,1230,,1247,,2002,,1502,,1367,,1899,,3922,,2752,,5089,,3095,,1831,,3825,,5132,,2266,,2705,,3401,,7634,,3415,,3118,,5287,,3761,,3048,,2887,,6506,,2485,,4917,,6652,,4375,,3373,,7042,,7854,,10024,,7366,,4156,,3204,,5304,,2288,,4089,,1733,1489,1816,,3370,,2564,1128,,,,,6256,,3010,,6097,,3894,2304,2437,,4574,,5607,1966,,,,
112.2619444,,1797,,1448,,1839,,1923,,1615,,1815,,1046,,1083,,3135,,2845,,4842,,3214,,4794,,3333,,1708,,5375,,5724,,5060,,2629,,3590,,2837,,1526,,2557,,2510,,1547,,3097,,1962,,2337,,1986,,2193,,2534,,1077,,2465,,3610,,3493,,2159,,2208,,2110,,2340,,1956,,1717,,2398,,1694,,1437,,1632,,1333,,1390,,959,,1322,,3820,,2706,,3605,,3329,,2080,,3859,,2578,,5448,,2745,,2406,,7127,,4591,,6226,,4723,,3229,,5140,,4471,,4153,,2415,,3276,,7259,,7978,,4872,,3390,,4292,,7071,,6296,,7770,,8822,,4304,,1119,,3515,,,,2417,,2673,,,2411,2552,1757,2693,,6822,,5609,,8088,,,,4258,,4101,,,3320,5543,1632,4287
114.0969444,3609,,1233,,1847,,2296,,1227,,1487,,2443,,1303,,1445,,2024,,3755,,3282,,6888,,2954,,2298,,6726,,4594,,1927,,3718,,2255,,4318,,2675,,2389,,1966,,1850,,3346,,2108,,1025,,3186,,1256,,2906,,2599,,1465,,1584,,1510,,2237,,1421,,2919,,1029,,3912,,1390,,1531,,2877,,1197,,1193,,1918,,1504,,1294,,2012,,3907,,2686,,5010,,3109,,1715,,3686,,5169,,2012,,2623,,3219,,7773,,3203,,3013,,5235,,3791,,2988,,3048,,6389,,2632,,4844,,6979,,4298,,3362,,6930,,8116,,11184,,7363,,3948,,2980,,4740,,2232,,4051,,1655,1424,1789,,3222,,2555,1032,,,,,6157,,3031,,6167,,3677,2277,2461,,4367,,5389,1938,,,,
114.2619444,,1859,,1409,,1866,,1867,,1585,,1869,,1133,,1037,,3168,,2835,,4869,,2941,,4684,,3524,,1599,,5267,,5648,,5112,,2512,,3519,,2814,,1461,,2595,,2408,,1581,,3106,,1882,,2275,,1922,,2183,,2524,,941,,2362,,3609,,3465,,2146,,2283,,1954,,2380,,1920,,1730,,2473,,1673,,1397,,1645,,1262,,1286,,925,,1271,,3688,,2658,,3544,,3184,,1963,,3733,,2437,,5225,,2714,,2457,,7461,,4858,,6149,,4558,,3199,,5066,,4532,,3917,,2427,,3246,,7241,,8168,,4801,,3400,,4123,,6908,,6183,,7825,,9273,,4385,,1168,,3395,,,,2556,,2686,,,2407,2447,1664,2615,,6963,,5817,,8828,,,,4033,,4058,,,3303,5279,1565,4135
116.0969444,3444,,1282,,1758,,2368,,1241,,1468,,2338,,1294,,1449,,2089,,3957,,3334,,6973,,2956,,2283,,6871,,4784,,1926,,3903,,2398,,4148,,2564,,2553,,1988,,1821,,3395,,2071,,1021,,3250,,1250,,3074,,2504,,1479,,1582,,1479,,2148,,1398,,2875,,1033,,4213,,1339,,1413,,2832,,1196,,1169,,2000,,1446,,1371,,2025,,4117,,2666,,4955,,3126,,1747,,3666,,5270,,2084,,2675,,3270,,8092,,3519,,3261,,6105,,3922,,3045,,3078,,6662,,2622,,4786,,7415,,4226,,3289,,6651,,8002,,11775,,7371,,3830,,2989,,4788,,2216,,4029,,1679,1416,1766,,3172,,2489,1044,,,,,6059,,2864,,6078,,3625,2182,2387,,4527,,5573,1861,,,,
116.2619444,,1864,,1369,,1808,,1817,,1654,,1853,,1103,,962,,3404,,2885,,4886,,2692,,4753,,3326,,1561,,5353,,5493,,5345,,2658,,3529,,2793,,1473,,2740,,2423,,1486,,3086,,1830,,2356,,1946,,2115,,2557,,974,,2300,,3583,,3566,,2208,,2237,,1990,,2331,,1907,,1667,,2406,,1684,,1379,,1744,,1221,,1329,,920,,1262,,3733,,2527,,3416,,3169,,1887,,3815,,2383,,5259,,2637,,2395,,7315,,4990,,6228,,4675,,3137,,5192,,4404,,4103,,2407,,3247,,7194,,8113,,4657,,3244,,4076,,6457,,6094,,7323,,9370,,4387,,1060,,3380,,,,2458,,2664,,,2366,2514,1637,2580,,7104,,6122,,8285,,,,4212,,4149,,,3236,5293,1555,3810
118.0969444,3212,,1169,,1831,,2335,,1152,,1431,,2473,,1275,,1448,,2101,,4125,,3285,,7405,,2932,,2156,,6940,,4869,,1832,,3742,,2206,,3855,,2537,,2433,,1961,,1773,,3413,,2061,,1032,,3271,,1212,,3205,,2485,,1387,,1558,,1450,,2110,,1278,,2931,,969,,4199,,1297,,1374,,2842,,1183,,1175,,1930,,1418,,1360,,1904,,4739,,2526,,4906,,3038,,1627,,3449,,5212,,2025,,2464,,3343,,8862,,3272,,3005,,5567,,3726,,3096,,3010,,6665,,2522,,4811,,6344,,3899,,2961,,6156,,7431,,11552,,6756,,3290,,2635,,4611,,2224,,4121,,1546,1390,1629,,3260,,2461,998,,,,,6065,,2782,,6288,,3418,2066,2432,,4471,,5397,1704,,,,
118.2619444,,1781,,1368,,1899,,1874,,1580,,1851,,1077,,969,,3286,,2848,,5020,,2619,,4885,,3314,,1574,,5356,,5401,,5709,,2610,,3583,,2763,,1468,,2673,,2499,,1508,,3119,,1827,,2359,,1945,,2168,,2618,,962,,2326,,3450,,3528,,2058,,2151,,1963,,2398,,1987,,1741,,2474,,1674,,1376,,1641,,1301,,1394,,953,,1264,,3706,,2656,,3587,,3170,,1948,,3795,,2438,,5117,,2674,,2431,,7308,,5078,,6327,,4836,,3481,,5263,,4484,,4077,,2436,,3299,,6685,,7553,,4368,,2963,,3749,,5895,,5719,,6739,,8867,,4436,,1010,,3328,,,,2476,,2700,,,2323,2459,1649,2566,,6957,,6362,,8093,,,,4284,,4061,,,3153,5208,1403,3783
120.0969444,2737,,1200,,1842,,2248,,1105,,1453,,2237,,1218,,1352,,2096,,3609,,3181,,8543,,2815,,2128,,7030,,4725,,1798,,3748,,2305,,3290,,2464,,2469,,1839,,1723,,3687,,1909,,992,,3371,,1101,,2744,,2407,,1461,,1356,,1353,,2018,,1218,,2966,,1028,,3781,,1244,,1403,,2684,,1061,,1137,,1715,,1432,,1160,,2009,,3720,,2485,,5178,,3021,,1644,,3697,,5277,,1980,,2517,,3236,,7377,,3433,,3039,,5398,,3874,,3126,,2974,,6703,,2559,,4925,,5370,,3351,,2704,,5387,,6595,,10865,,5882,,3044,,2521,,4167,,2047,,4115,,1498,1477,1614,,3056,,2390,940,,,,,5475,,2744,,6205,,3367,2116,2298,,4239,,5383,1737,,,,
120.2619444,,1816,,1480,,1882,,1923,,1609,,1906,,1103,,922,,3439,,2996,,4885,,2628,,4715,,3410,,1620,,5256,,5473,,5682,,2584,,3535,,2860,,1523,,2654,,2446,,1451,,3246,,1805,,2226,,1920,,2145,,2731,,865,,2336,,3550,,3485,,2085,,2156,,2043,,2374,,2128,,1732,,2397,,1645,,1461,,1687,,1226,,1389,,942,,1238,,3833,,2626,,3462,,3166,,1910,,3731,,2391,,5074,,2697,,2427,,7494,,5253,,7029,,4792,,3334,,5133,,4536,,4304,,2548,,3261,,6040,,6469,,3911,,2550,,3538,,4952,,5158,,5834,,7362,,4556,,1097,,3315,,,,2507,,2509,,,2386,2437,1658,2609,,7242,,7118,,8191,,,,4069,,3921,,,3263,5186,1519,3715
122.0969444,2457,,1163,,1837,,2283,,1236,,1417,,2215,,1304,,1374,,2224,,4060,,3312,,8286,,2845,,2220,,7575,,5028,,1868,,3897,,2329,,3203,,2496,,2539,,1840,,1675,,3820,,1973,,954,,3363,,1231,,2630,,2448,,1396,,1446,,1475,,1979,,1289,,2936,,947,,3396,,1286,,1450,,2770,,1161,,1131,,1751,,1456,,1211,,2042,,3491,,2595,,5275,,3086,,1636,,3787,,5463,,2053,,2527,,3297,,7056,,3407,,3217,,5454,,3962,,3290,,2947,,6972,,2554,,5062,,4928,,3203,,2510,,4745,,5965,,9415,,5245,,2653,,2184,,4066,,1964,,4128,,1555,1390,1641,,3211,,2407,1014,,,,,5402,,2664,,6383,,3484,2214,2176,,4296,,5362,1660,,,,
122.2619444,,1967,,1516,,1904,,1895,,1603,,1928,,1109,,973,,3437,,2976,,5070,,2749,,4788,,3338,,1625,,5373,,5299,,5629,,2564,,3551,,2972,,1473,,2666,,2386,,1474,,3293,,1907,,2412,,1827,,2174,,2753,,914,,2376,,3690,,3588,,2034,,2165,,1904,,2258,,2025,,1779,,2435,,1605,,1390,,1720,,1164,,1282,,939,,1177,,3713,,2600,,3561,,3226,,1883,,3824,,2477,,4785,,2631,,2461,,7782,,5495,,6633,,4894,,3254,,5319,,4667,,4258,,2465,,3218,,5367,,5682,,3376,,2340,,3095,,4503,,4367,,4984,,6213,,4629,,1089,,3308,,,,2512,,2766,,,2324,2494,1603,2575,,7559,,7714,,8106,,,,4125,,4016,,,3261,5114,1443,3653
124.0969444,3236,,1231,,1780,,2510,,1151,,1417,,2412,,1194,,1452,,2163,,4547,,3183,,7662,,2969,,2036,,7959,,5004,,1841,,3826,,2301,,3631,,2447,,2292,,1919,,1597,,3795,,1982,,950,,3318,,1126,,2958,,2407,,1482,,1555,,1386,,1991,,1306,,2940,,959,,4113,,1285,,1378,,2820,,1159,,1100,,1896,,1400,,1165,,2074,,4296,,2496,,5327,,2993,,1609,,3577,,5794,,2034,,2508,,3194,,8118,,3287,,2939,,5587,,3728,,2970,,3083,,6903,,2582,,4880,,4957,,3162,,2236,,4013,,4811,,7278,,4209,,2224,,1896,,4582,,2054,,4384,,1497,1389,1825,,3154,,2424,930,,,,,5531,,2610,,6517,,3462,2097,2234,,4229,,5414,1623,,,,
124.2619444,,1844,,1367,,1797,,1821,,1634,,1980,,1025,,980,,3562,,3069,,5101,,2679,,4849,,3446,,1570,,5467,,5478,,5545,,2604,,3597,,3032,,1430,,2748,,2410,,1425,,3369,,1860,,2252,,1859,,2134,,2687,,902,,2385,,3690,,3564,,1945,,2056,,1931,,2419,,2124,,1765,,2487,,1688,,1362,,1818,,1248,,1316,,891,,1193,,3829,,2544,,3565,,3126,,1879,,3994,,2375,,4891,,2643,,2461,,7909,,5559,,6360,,4828,,3340,,5258,,4499,,4120,,2477,,3264,,4920,,4881,,2968,,2089,,2955,,4049,,3900,,4109,,5182,,4724,,1068,,3348,,,,2418,,2612,,,2354,2454,1632,2584,,7513,,7439,,8263,,,,4091,,4006,,,3293,5257,1519,3727
126.0969444,2523,,1202,,1816,,2384,,1206,,1449,,2291,,1315,,1321,,2146,,3737,,3248,,7519,,2815,,2148,,8600,,4994,,1802,,3818,,2328,,3289,,2473,,2411,,1822,,1673,,3704,,1985,,1001,,3270,,1253,,2580,,2537,,1456,,1465,,1405,,2042,,1287,,2946,,991,,3211,,1295,,1345,,2623,,1193,,1115,,1831,,1410,,1200,,2077,,3665,,2626,,5699,,3033,,1651,,3763,,5698,,2046,,2560,,3231,,6824,,3265,,2909,,5293,,3839,,2985,,2893,,6837,,2493,,4897,,5013,,3023,,2118,,3765,,4056,,5867,,3707,,2154,,1817,,4030,,2080,,4226,,1519,1374,1643,,3133,,2464,984,,,,,5276,,2525,,6429,,3326,2113,2195,,4296,,5481,1683,,,,
126.2619444,,1797,,1395,,1841,,1937,,1558,,1992,,1057,,894,,3628,,3021,,5102,,2614,,4807,,3281,,1499,,5674,,5341,,5386,,2449,,3515,,3030,,1439,,2705,,2307,,1427,,3414,,1838,,2227,,1775,,2164,,2683,,922,,2248,,3668,,3520,,2034,,2075,,1936,,2370,,2078,,1687,,2394,,1692,,1309,,1785,,1178,,1338,,907,,1178,,3787,,2570,,3512,,3187,,1834,,3948,,2395,,4785,,2623,,2460,,7676,,5484,,6226,,4731,,3244,,5242,,4513,,3995,,2393,,3188,,4392,,4048,,2772,,2075,,2871,,3503,,3266,,3758,,4349,,4752,,1017,,3337,,,,2384,,2540,,,2275,2532,1550,2499,,7739,,7425,,8142,,,,4220,,3926,,,3311,5211,1485,3643
128.0969444,3223,,1247,,1751,,2409,,1159,,1414,,2520,,1185,,1495,,2192,,4309,,3208,,7483,,2950,,2165,,8370,,5062,,1863,,3846,,2192,,3654,,2524,,2293,,1969,,1716,,3596,,2062,,930,,3089,,1149,,2912,,2487,,1365,,1544,,1416,,2035,,1212,,2911,,899,,4175,,1311,,1337,,2787,,1142,,1099,,2007,,1482,,1192,,2111,,4398,,2467,,6237,,3167,,1615,,3656,,5649,,1974,,2607,,3148,,8069,,3249,,2791,,5117,,3807,,2706,,2907,,6532,,2314,,4771,,5764,,3634,,2183,,3611,,3631,,4659,,3506,,2206,,1950,,4324,,2042,,4377,,1548,1284,1781,,3038,,2410,912,,,,,5530,,2540,,6607,,3429,1958,2302,,4198,,5418,1553,,,,
128.2619444,,1824,,1330,,1875,,1860,,1535,,1973,,1092,,907,,3428,,3146,,5032,,2614,,4664,,3229,,1464,,5402,,5312,,5303,,2516,,3532,,3140,,1393,,2676,,2317,,1446,,3432,,1808,,2300,,1855,,2122,,2658,,828,,2331,,3654,,3403,,1996,,2051,,1811,,2327,,2029,,1653,,2340,,1625,,1343,,1716,,1209,,1333,,895,,1153,,3761,,2540,,3426,,3060,,1827,,3948,,2286,,4701,,2553,,2391,,7827,,5636,,6240,,4816,,3130,,5151,,4123,,3836,,2197,,2957,,4285,,3767,,2752,,2111,,2901,,3890,,3224,,4017,,3898,,4890,,998,,3354,,,,2387,,2486,,,2243,2383,1507,2523,,7860,,7149,,8106,,,,3961,,3818,,,3176,5105,1342,3776
130.0969444,3145,,1201,,1818,,2562,,1150,,1434,,2390,,1155,,1456,,2188,,4216,,3298,,7448,,3026,,2206,,8356,,5172,,1749,,3868,,2213,,3621,,2417,,2262,,1987,,1725,,3692,,2123,,897,,3137,,1132,,2868,,2462,,1416,,1540,,1381,,2003,,1200,,2900,,963,,4175,,1266,,1368,,2992,,1134,,1107,,1918,,1447,,1283,,2269,,4186,,2457,,6531,,3100,,1577,,3826,,5792,,1884,,2595,,3153,,8041,,3050,,2740,,5108,,3605,,2783,,2859,,6375,,2347,,4805,,6374,,3964,,2485,,4119,,3923,,4315,,3735,,2354,,2069,,4402,,2005,,4472,,1409,1240,1786,,3153,,2427,934,,,,,5474,,2619,,6487,,3309,2094,2353,,4144,,5533,1622,,,,
130.2619444,,1894,,1351,,1799,,1845,,1576,,1916,,988,,907,,3591,,2876,,5150,,2558,,4894,,3181,,1541,,5690,,5113,,5295,,2535,,3497,,2999,,1356,,2664,,2292,,1464,,3409,,1796,,2202,,1832,,2164,,2684,,839,,2439,,3799,,3240,,1951,,2122,,1810,,2317,,2098,,1658,,2494,,1664,,1305,,1844,,1212,,1318,,868,,1243,,3766,,2495,,3570,,3215,,1779,,3924,,2294,,4705,,2623,,2392,,7653,,5413,,5825,,4902,,3083,,5127,,4285,,3722,,2079,,2994,,4634,,4316,,2849,,2376,,3230,,4384,,3503,,4736,,4248,,5376,,1058,,3403,,,,2422,,2502,,,2239,2432,1490,2565,,8379,,7059,,8028,,,,4058,,3853,,,3208,5359,1368,3831
132.0969444,3116,,1187,,1724,,2566,,1182,,1483,,2419,,1233,,1442,,2145,,4228,,3112,,7195,,2925,,2086,,7913,,5089,,1836,,3957,,2188,,3708,,2436,,2243,,2018,,1616,,3560,,2084,,924,,3118,,1131,,2804,,2504,,1366,,1559,,1351,,2106,,1162,,2812,,901,,4010,,1212,,1383,,2943,,1053,,1177,,1921,,1390,,1245,,2086,,4035,,2513,,6109,,3117,,1617,,3908,,5762,,1896,,2528,,2987,,8043,,2996,,2814,,4971,,3516,,2665,,2781,,6187,,2163,,4847,,6891,,4303,,2524,,4591,,4784,,5358,,4531,,2644,,2239,,4250,,1971,,4638,,1525,1300,1857,,2993,,2473,860,,,,,5360,,2524,,6556,,3265,1958,2339,,4093,,5314,1561,,,,
132.2619444,,1814,,1388,,1861,,1843,,1563,,1985,,978,,922,,3388,,2912,,4923,,2477,,4738,,3178,,1518,,5611,,4948,,5069,,2346,,3541,,3057,,1301,,2629,,2277,,1473,,3441,,1831,,2278,,1759,,2069,,2807,,828,,2346,,3750,,3228,,1940,,1980,,1904,,2282,,2118,,1576,,2430,,1664,,1339,,1768,,1102,,1300,,909,,1227,,3578,,2548,,3380,,2954,,1809,,3924,,2288,,4594,,2649,,2393,,7770,,5409,,5862,,4680,,2962,,4985,,4039,,3679,,2101,,3103,,5292,,5062,,3159,,2653,,3454,,4953,,3965,,5810,,5485,,5166,,1088,,3518,,,,2370,,2455,,,2165,2343,1515,2526,,9875,,6807,,7839,,,,3908,,3763,,,3063,5054,1333,3881
134.0969444,3001,,1125,,1730,,2477,,1071,,1432,,2366,,1180,,1324,,2134,,3918,,3002,,7117,,2856,,2030,,7451,,5212,,1681,,3753,,2095,,3440,,2342,,2123,,1931,,1611,,3485,,2004,,905,,3170,,1043,,2751,,2445,,1391,,1436,,1318,,1893,,1120,,2818,,823,,4066,,1203,,1289,,2820,,1046,,1128,,1938,,1385,,1182,,2144,,4004,,2433,,5787,,3192,,1592,,3815,,5807,,1814,,2487,,2931,,7989,,2811,,2598,,4863,,3392,,2549,,2792,,6312,,2104,,4722,,6705,,4257,,2497,,4925,,5449,,8358,,5259,,2648,,2263,,4116,,1899,,4928,,1355,1271,1835,,2945,,2312,874,,,,,5106,,2374,,6678,,3298,1899,2325,,3988,,5300,1547,,,,
134.2619444,,1779,,1272,,1757,,1739,,1440,,1897,,977,,904,,3294,,2822,,5069,,2386,,4588,,3154,,1435,,5318,,4971,,5084,,2512,,3334,,2947,,1213,,2571,,2178,,1424,,3173,,1731,,2206,,1729,,2022,,2614,,859,,2236,,3905,,3216,,1874,,1922,,1739,,2229,,2208,,1557,,2397,,1530,,1204,,1803,,1105,,1277,,844,,1183,,3795,,2327,,3423,,3063,,1658,,3926,,2231,,4426,,2505,,2297,,7673,,5189,,5694,,4617,,2841,,4976,,4009,,3673,,2006,,2877,,5953,,5851,,3462,,2735,,3512,,5315,,4399,,6572,,7130,,4923,,952,,3543,,,,2286,,2605,,,2166,2284,1446,2469,,8885,,6706,,7970,,,,3808,,3639,,,2919,5025,1325,3748
136.0969444,2918,,1125,,1703,,2430,,971,,1384,,2354,,1113,,1327,,2281,,3884,,2878,,7244,,2911,,1868,,7133,,5351,,1579,,3699,,1954,,3301,,2227,,2091,,1908,,1555,,3485,,1861,,800,,2975,,1016,,2645,,2348,,1325,,1446,,1309,,1805,,1078,,2947,,864,,3937,,1081,,1331,,2815,,1048,,1154,,1796,,1291,,1089,,2232,,3809,,2211,,5464,,3090,,1393,,3581,,5670,,1774,,2315,,2891,,7871,,2746,,2533,,4772,,3236,,2489,,2916,,6240,,2050,,4590,,6780,,4325,,2464,,5031,,6126,,10276,,5615,,2666,,2418,,4109,,1816,,4965,,1434,1306,1713,,2945,,2347,822,,,,,4976,,2190,,6692,,2958,1852,2218,,3775,,5203,1410,,,,
136.2619444,,1940,,1301,,1835,,1826,,1486,,1899,,968,,806,,3427,,2894,,5174,,2503,,4424,,3240,,1458,,5306,,4833,,4841,,2347,,3354,,3038,,1235,,2549,,2188,,1382,,3194,,1737,,2218,,1716,,1976,,2898,,774,,2260,,3826,,3222,,1891,,1841,,1760,,2228,,2150,,1566,,2226,,1559,,1229,,1760,,1142,,1233,,851,,1126,,3837,,2514,,3410,,3080,,1679,,4001,,2182,,4114,,2521,,2272,,7564,,5261,,5589,,4762,,2837,,4992,,4145,,3578,,2001,,2799,,6329,,6652,,3676,,2954,,3714,,5602,,4924,,7110,,8668,,4734,,1034,,3484,,,,2252,,2404,,,2158,2148,1467,2470,,8801,,6664,,8089,,,,3764,,3720,,,3059,4910,1284,3671
138.0969444,2862,,1016,,1725,,2272,,1025,,1420,,2372,,1099,,1312,,2225,,3966,,2936,,7139,,2822,,1879,,7059,,6087,,1557,,3669,,1936,,3417,,2237,,2234,,1899,,1475,,3373,,1934,,833,,2989,,979,,2624,,2303,,1305,,1485,,1168,,1854,,1117,,2939,,796,,3938,,1145,,1267,,2847,,1000,,1117,,1832,,1337,,1086,,2307,,3795,,2212,,5464,,3116,,1394,,3783,,5692,,1724,,2369,,2996,,7819,,2813,,2618,,4692,,3269,,2566,,2785,,6476,,2142,,4771,,6332,,4544,,2456,,5044,,6400,,11690,,5805,,2720,,2554,,3972,,1777,,4756,,1271,1270,1779,,2899,,2333,806,,,,,4880,,2225,,6970,,3032,1873,2311,,3703,,5159,1376,,,,
138.2619444,,2083,,1312,,1816,,1768,,1551,,1857,,898,,853,,3172,,2875,,5174,,2381,,4549,,3222,,1451,,5573,,4856,,4915,,2415,,3391,,3114,,1216,,2466,,2157,,1453,,2984,,1785,,2242,,1662,,2095,,2753,,794,,2280,,3775,,3254,,1894,,1986,,1614,,2177,,2033,,1552,,2374,,1545,,1272,,1789,,1162,,1237,,901,,1135,,3900,,2423,,3355,,2979,,1697,,3931,,2228,,4267,,2520,,2181,,7484,,5168,,5683,,4760,,2951,,4965,,4251,,3714,,2033,,2917,,6749,,6863,,3595,,3126,,3596,,5803,,5080,,7676,,9734,,4840,,989,,3589,,,,2204,,2510,,,2056,2178,1503,2429,,8567,,6647,,8218,,,,3878,,3720,,,3030,4733,1303,3631
140.0969444,2804,,1032,,1586,,2427,,1032,,1317,,2399,,1100,,1250,,2310,,3916,,2905,,7122,,2852,,1862,,6560,,6462,,1629,,3707,,1970,,3427,,2309,,2116,,1877,,1443,,3338,,2006,,837,,3000,,966,,2617,,2326,,1257,,1573,,1271,,2017,,1070,,3003,,870,,3921,,1140,,1222,,2850,,1041,,1078,,1947,,1294,,1097,,2157,,3746,,2266,,5183,,3166,,1412,,3695,,5467,,1829,,2517,,3002,,7923,,2864,,2438,,4658,,3365,,2450,,3008,,6483,,2145,,4637,,6151,,4595,,2537,,5338,,6867,,12435,,5832,,2720,,2473,,3914,,1869,,4616,,1325,1233,1805,,2886,,2245,807,,,,,4884,,2280,,7332,,2798,1929,2392,,3732,,4956,1387,,,,
140.2619444,,2028,,1313,,1810,,1782,,1464,,1892,,940,,839,,3189,,2904,,5248,,2390,,4456,,3113,,1436,,5207,,4810,,4751,,2464,,3366,,3322,,1152,,2417,,2197,,1324,,2915,,1805,,2213,,1614,,1957,,2799,,786,,2050,,3612,,3172,,1839,,1879,,1681,,2140,,2012,,1511,,2340,,1537,,1243,,1761,,1115,,1161,,885,,1053,,3826,,2417,,3293,,3074,,1626,,3908,,2135,,3745,,2432,,2246,,7614,,5285,,5623,,4756,,2981,,5106,,4094,,3609,,2075,,2715,,6792,,6927,,3613,,3134,,3668,,5483,,4843,,7122,,9837,,4666,,944,,3359,,,,2167,,2378,,,2025,2250,1352,2362,,8267,,6437,,8068,,,,3654,,3618,,,3021,4637,1174,3169
142.0969444,2764,,1006,,1628,,2379,,957,,1286,,2368,,1074,,1351,,2202,,3758,,2761,,7293,,2847,,1775,,6585,,5887,,1444,,3604,,1871,,3210,,2177,,2096,,1805,,1318,,3337,,1973,,821,,2924,,940,,2576,,2182,,1309,,1514,,1153,,1911,,1044,,2978,,764,,3874,,1067,,1221,,2898,,1017,,1095,,1896,,1307,,1075,,2131,,3750,,2179,,5333,,2973,,1437,,3487,,5483,,1683,,2324,,2840,,7869,,2756,,2434,,4522,,3325,,2532,,2955,,6663,,2027,,4543,,5578,,4087,,2412,,4763,,6538,,12624,,5400,,2519,,2419,,3834,,1722,,4205,,1245,1287,1805,,2743,,2112,797,,,,,4853,,2087,,8006,,2684,1934,2408,,3620,,4837,1222,,,,
142.2619444,,1851,,1295,,1771,,1830,,1445,,1986,,875,,819,,3174,,2968,,5344,,2237,,4472,,2976,,1397,,5338,,4640,,4768,,2376,,3316,,3388,,1087,,2467,,2137,,1323,,2998,,1757,,2178,,1649,,1875,,2921,,739,,2058,,3777,,3134,,1868,,1919,,1626,,2097,,2102,,1567,,2453,,1539,,1187,,1786,,1082,,1124,,811,,955,,4042,,2249,,3246,,2993,,1624,,4194,,2090,,3780,,2446,,2200,,7408,,5168,,5493,,4741,,2920,,5016,,4240,,3811,,2000,,2808,,6665,,6764,,3353,,3100,,3523,,5159,,4696,,7028,,9911,,4634,,1006,,3601,,,,2251,,2432,,,2146,2224,1278,2265,,8225,,6221,,8021,,,,3627,,3425,,,3019,4591,1197,3343
144.0969444,2458,,1033,,1583,,2396,,989,,1357,,2210,,1108,,1237,,2045,,3456,,2792,,7189,,2959,,1872,,6506,,5650,,1500,,3545,,1924,,2960,,2101,,2205,,1755,,1336,,3419,,1885,,775,,2961,,967,,2274,,2190,,1337,,1427,,1179,,1803,,1033,,3026,,811,,3426,,1028,,1142,,2735,,972,,1131,,1796,,1279,,1091,,2077,,3438,,2131,,5239,,3010,,1392,,3684,,5386,,1590,,2227,,2867,,7207,,2842,,2483,,4358,,3418,,2610,,2991,,6637,,2085,,4553,,4951,,3872,,2194,,4566,,6432,,12676,,5196,,2361,,2322,,3721,,1696,,4492,,1182,1187,1807,,2748,,2144,746,,,,,4371,,2069,,9340,,2702,1893,2318,,3660,,4742,1275,,,,
144.2619444,,1906,,1248,,1809,,1760,,1410,,1922,,900,,819,,3130,,2833,,6922,,2364,,4408,,3055,,1336,,5429,,4676,,4829,,2257,,3306,,3320,,1111,,2431,,2290,,1255,,3069,,1647,,2219,,1667,,1958,,3056,,749,,2053,,3648,,3151,,1822,,1856,,1614,,2051,,2024,,1549,,2377,,1528,,1272,,1731,,1074,,1184,,836,,997,,4122,,2251,,3207,,2922,,1617,,4309,,2256,,3653,,2490,,2262,,7395,,4967,,5639,,4843,,2967,,4983,,4195,,3547,,1943,,2702,,6486,,6509,,3330,,2857,,3338,,4758,,4435,,6328,,9543,,4639,,948,,3553,,,,2102,,2318,,,2004,2164,1325,2171,,8273,,6298,,8185,,,,3672,,3510,,,2914,4566,1134,3038
146.0969444,2796,,1053,,1619,,2306,,1045,,1308,,2417,,1052,,1325,,2208,,3585,,2865,,7107,,2910,,1915,,6596,,5629,,1531,,3794,,1934,,3226,,2209,,2133,,1863,,1420,,3405,,1968,,820,,3178,,887,,2388,,2280,,1379,,1526,,1246,,1889,,1032,,3875,,800,,3751,,1130,,1182,,2827,,989,,1141,,1869,,1324,,1133,,2112,,3476,,2200,,5530,,3240,,1361,,3627,,5650,,1799,,2393,,2895,,7713,,2937,,2523,,4587,,3530,,2627,,3015,,6608,,2191,,4931,,4516,,3592,,2174,,4317,,5894,,11461,,4775,,2223,,2271,,3856,,1725,,4522,,1228,1313,1907,,2744,,2168,752,,,,,4550,,2154,,8941,,2746,2039,2438,,3646,,5051,1269,,,,
146.2619444,,1887,,1294,,1830,,1821,,1478,,2009,,931,,819,,3004,,2767,,6160,,2304,,4641,,3112,,1388,,5668,,4333,,4683,,2352,,3298,,3308,,1179,,2325,,2170,,1441,,3158,,1802,,2169,,1553,,1952,,2923,,738,,2148,,3294,,2879,,1892,,1913,,1574,,2144,,2038,,1514,,2308,,1577,,1246,,1759,,1087,,1184,,862,,1055,,5737,,2373,,3278,,2942,,1609,,4541,,2167,,3678,,2480,,2146,,7171,,4781,,5447,,4923,,3019,,5248,,4287,,3658,,2125,,2703,,5979,,6007,,3240,,2656,,3014,,4162,,4073,,5760,,8268,,4694,,1046,,3698,,,,2132,,2477,,,2037,2195,1316,2314,,8077,,6032,,8148,,,,3655,,3543,,,2950,4555,1121,3086
148.0969444,2458,,1039,,1631,,2255,,957,,1314,,2248,,1126,,1263,,2151,,3419,,2759,,7152,,2964,,1798,,6532,,5728,,1450,,3725,,1928,,2924,,2143,,2255,,1782,,1417,,3437,,1983,,790,,3115,,945,,2326,,2199,,1340,,1448,,1181,,1834,,1065,,3407,,834,,3516,,1118,,1260,,2863,,967,,1128,,1823,,1298,,1040,,2152,,3357,,2149,,5344,,3165,,1369,,3812,,5395,,1665,,2202,,2868,,7373,,2796,,2412,,4394,,3354,,2669,,2919,,6983,,2105,,4644,,4078,,3493,,1986,,3754,,5235,,9863,,4282,,1965,,1997,,3534,,1669,,4455,,1130,1290,1789,,2790,,2090,761,,,,,4263,,2121,,8402,,2633,2025,2314,,3665,,4947,1263,,,,
148.2619444,,1829,,1261,,1815,,1804,,1504,,1957,,921,,813,,3256,,2856,,5961,,2400,,4665,,3152,,1377,,5875,,4496,,4614,,2363,,3399,,3239,,1145,,2409,,2220,,1477,,3188,,1717,,2266,,1645,,1943,,3070,,721,,2117,,3534,,3043,,1860,,1870,,1709,,2252,,2100,,1540,,2362,,1515,,1217,,1844,,1065,,1165,,879,,1047,,4776,,2431,,3311,,2872,,1597,,4663,,2282,,3532,,2459,,2191,,7576,,4941,,5478,,4835,,2955,,5312,,4212,,3808,,2116,,2692,,5354,,5201,,2777,,2500,,3051,,3896,,3690,,5066,,7130,,4784,,1014,,3812,,,,2208,,2466,,,2077,2140,1361,2205,,8104,,6277,,8169,,,,3596,,3640,,,2908,4558,1137,3119
150.0969444,2706,,1002,,1681,,2500,,990,,1463,,2464,,1092,,1290,,2203,,3537,,2742,,7118,,3094,,1814,,6487,,5726,,1551,,3769,,1995,,3229,,2151,,2179,,1945,,1440,,3528,,1982,,801,,3044,,960,,2570,,2368,,1403,,1559,,1211,,1939,,1069,,3185,,767,,3897,,1036,,1221,,2939,,1014,,1062,,1895,,1333,,1171,,2229,,3558,,2252,,5321,,3170,,1402,,3953,,5497,,1634,,2345,,2853,,8106,,2847,,2421,,4268,,3399,,2582,,3112,,6469,,2135,,4724,,4188,,3579,,1921,,3512,,4771,,8024,,3694,,1843,,1933,,3723,,1804,,4651,,1253,1311,1943,,2810,,2166,760,,,,,4463,,2148,,8338,,2797,2052,2597,,3678,,5001,1351,,,,
150.2619444,,1881,,1278,,1773,,1743,,1434,,1940,,915,,796,,3305,,2840,,5819,,2307,,4674,,3071,,1358,,5892,,4695,,4741,,2459,,3295,,3222,,1149,,2394,,2242,,1397,,3179,,1741,,2185,,1609,,2011,,2990,,739,,2075,,3452,,3105,,1825,,1864,,1666,,2103,,2063,,1563,,2341,,1561,,1277,,1892,,1087,,1199,,874,,1057,,4571,,2263,,3556,,3040,,1567,,4621,,2216,,3439,,2569,,2203,,7616,,5055,,5321,,4870,,2941,,5158,,4290,,3558,,2082,,2569,,4736,,4589,,2692,,2376,,2863,,3542,,3308,,4513,,5681,,4860,,1051,,5562,,,,2212,,2569,,,1989,2246,1309,2291,,8250,,6424,,8119,,,,3789,,3613,,,2947,4498,1153,3087
152.0969444,2731,,1081,,1632,,2375,,971,,1402,,2425,,1045,,1271,,2175,,3595,,2784,,6950,,2976,,1763,,6218,,5580,,1490,,3665,,1834,,3093,,2171,,2194,,1885,,1367,,3585,,1964,,767,,3085,,928,,2510,,2366,,1328,,1537,,1154,,1862,,1044,,3136,,818,,3677,,1013,,1189,,2937,,950,,1156,,1992,,1292,,1074,,2180,,3565,,2076,,5214,,3164,,1388,,3863,,5562,,1622,,2283,,2871,,7906,,2669,,2178,,4255,,3232,,2436,,3100,,6416,,2051,,4738,,4336,,3644,,1878,,3214,,4090,,6311,,3400,,1686,,1961,,3564,,1707,,4573,,1139,1295,2082,,2753,,2104,741,,,,,4311,,2115,,8020,,2599,2028,2645,,3574,,5019,1266,,,,
152.2619444,,1898,,1222,,1717,,1708,,1390,,1942,,922,,778,,3189,,2849,,5767,,2318,,4522,,3042,,1276,,6126,,4429,,4533,,2406,,3430,,2953,,1173,,2396,,2298,,1397,,3200,,1678,,2155,,1680,,1945,,2858,,745,,2081,,3210,,2964,,1774,,1801,,1538,,1925,,2073,,1577,,2445,,1574,,1191,,1711,,1082,,1134,,893,,1070,,4449,,2318,,3374,,2898,,1532,,4683,,2245,,3432,,2525,,2204,,7396,,4823,,5258,,4881,,2944,,4980,,4070,,3365,,2001,,2545,,4538,,4093,,2483,,2398,,2830,,3493,,2956,,4351,,4926,,4610,,1019,,5179,,,,2237,,2736,,,2010,2143,1259,2236,,7953,,6094,,8066,,,,3535,,3530,,,2846,4504,1205,3097
154.0969444,2209,,939,,1531,,2311,,951,,1483,,2245,,1035,,1270,,2222,,2943,,2638,,6899,,2939,,1781,,6419,,5521,,1436,,3634,,1903,,2615,,2084,,2243,,1831,,1411,,3603,,1856,,785,,3011,,886,,2078,,2276,,1468,,1472,,1188,,1687,,1048,,2980,,802,,3068,,1073,,1140,,2542,,956,,1139,,1737,,1402,,997,,2252,,2966,,2166,,5323,,3157,,1347,,4053,,5377,,1700,,2300,,2774,,6447,,2784,,2201,,3852,,3113,,2532,,2861,,6419,,2050,,4596,,4669,,4057,,2072,,3316,,3827,,5434,,3178,,1812,,2048,,3275,,1738,,4407,,1180,1359,1776,,2728,,2199,795,,,,,4007,,2059,,8168,,2608,2123,2520,,3557,,4954,1289,,,,
154.2619444,,1897,,1222,,1691,,1816,,1353,,2133,,867,,821,,3263,,2844,,5847,,2305,,4393,,3145,,1261,,6501,,4337,,4576,,2365,,3342,,3152,,1087,,2352,,2243,,1472,,3273,,1786,,2315,,1604,,1860,,2816,,707,,2093,,3351,,3043,,1832,,1889,,1634,,2056,,2046,,1591,,2440,,1456,,1171,,2078,,1067,,1169,,906,,1081,,4468,,2255,,3326,,2913,,1593,,4450,,2239,,3233,,2584,,2187,,7227,,4695,,5152,,4841,,2884,,5073,,3925,,3313,,1987,,2465,,4540,,3909,,2332,,2477,,3059,,3655,,2747,,5231,,4538,,4697,,985,,4504,,,,2268,,2569,,,2058,2103,1269,2114,,7976,,6039,,7969,,,,3598,,3431,,,2818,4483,1030,2995
156.0969444,2076,,988,,1546,,2258,,917,,1441,,2168,,1040,,1161,,2101,,2897,,2671,,6672,,3047,,1738,,6063,,5358,,1388,,3456,,1809,,2409,,1984,,2319,,1716,,1254,,3529,,1787,,685,,2960,,881,,1972,,2180,,1412,,1485,,1188,,1616,,956,,3018,,725,,2992,,984,,1149,,2524,,954,,1128,,1677,,1215,,998,,2042,,2833,,2050,,5237,,3076,,1282,,3714,,5129,,1639,,2176,,2685,,6478,,2400,,2020,,3735,,2847,,2400,,2826,,5929,,1912,,4417,,4915,,4567,,1985,,3438,,3753,,5294,,3347,,1891,,2126,,3218,,1650,,4373,,1040,1325,1816,,2637,,1956,727,,,,,3756,,1946,,8080,,2387,2049,2519,,3207,,4872,1116,,,,
156.2619444,,1882,,1284,,1749,,1741,,1406,,2010,,886,,733,,3226,,2795,,5683,,2209,,4360,,2924,,1236,,6344,,4417,,4401,,2392,,3354,,2957,,1085,,2293,,2207,,1444,,3333,,1690,,2124,,1539,,1878,,2772,,699,,2019,,3181,,2893,,1830,,1814,,1567,,1961,,2016,,1610,,2525,,1510,,1148,,1842,,1024,,1112,,871,,1090,,4304,,2169,,3302,,2800,,1450,,4406,,2196,,3151,,2510,,2224,,7501,,4499,,4997,,4728,,2728,,4911,,3643,,3129,,1883,,2376,,4925,,4101,,2499,,2765,,3299,,3942,,2978,,6170,,4925,,4602,,951,,4301,,,,2067,,2608,,,1963,2088,1210,2029,,7889,,5858,,8000,,,,3434,,3355,,,2783,4334,1161,2985
158.0969444,2485,,958,,1513,,2437,,927,,1347,,2467,,950,,1270,,2053,,3193,,2492,,6411,,2976,,1568,,5853,,5424,,1280,,3460,,1718,,2878,,1984,,2330,,1858,,1280,,3391,,1750,,754,,2999,,874,,2268,,2172,,1329,,1510,,1108,,1677,,898,,3114,,749,,3720,,958,,1112,,2830,,895,,1161,,1821,,1309,,1010,,2138,,3199,,1956,,5160,,3136,,1243,,3537,,5409,,1556,,2176,,2635,,7500,,2378,,2002,,3704,,2909,,2295,,2878,,5749,,1958,,4198,,5398,,4828,,2259,,3609,,4371,,5858,,3620,,1961,,2187,,3475,,1660,,4437,,997,1289,1984,,2612,,1908,656,,,,,4115,,1901,,7663,,2271,1971,2556,,3168,,4705,1172,,,,
158.2619444,,1856,,1252,,1691,,1741,,1328,,1964,,892,,680,,3033,,2732,,5586,,2219,,4160,,2813,,1191,,6001,,4162,,4179,,2368,,3233,,2888,,1032,,2291,,2052,,1365,,3156,,1739,,2132,,1436,,1918,,2672,,696,,1975,,3193,,2819,,1769,,1811,,1526,,2018,,1929,,1519,,2496,,1478,,1101,,1768,,1012,,1115,,799,,1062,,4161,,2169,,3346,,2750,,1513,,4259,,2121,,2947,,2443,,2138,,7258,,4304,,4719,,4483,,2636,,4725,,3745,,3105,,1718,,2204,,5523,,4663,,2732,,2887,,3513,,4086,,3192,,6744,,5974,,4591,,1034,,4273,,,,2100,,2505,,,1926,2008,1213,2059,,7724,,5606,,7677,,,,3335,,3257,,,2651,4155,1089,2835
160.0969444,2377,,939,,1509,,2326,,853,,1402,,2420,,1033,,1183,,1908,,3111,,2502,,6526,,3010,,1574,,5552,,5381,,1364,,3370,,1652,,2814,,2012,,2241,,1795,,1251,,3404,,1782,,761,,2971,,909,,2182,,2128,,1363,,1530,,1089,,1685,,831,,3082,,709,,3554,,966,,1023,,2838,,901,,1128,,1823,,1208,,978,,2095,,3169,,1888,,4998,,3072,,1235,,3818,,5322,,1444,,2186,,2584,,7294,,2253,,1915,,3860,,2731,,2236,,2893,,5608,,1769,,4184,,5307,,4967,,2179,,3749,,4827,,7626,,4059,,1931,,2348,,3303,,1611,,4366,,1006,1175,1995,,2529,,1941,662,,,,,3796,,1943,,7612,,2143,2048,2573,,3140,,4708,1145,,,,
160.2619444,,1873,,1204,,1674,,1701,,1250,,1968,,801,,731,,3066,,2610,,5638,,2106,,4238,,2902,,1158,,5875,,4122,,4190,,2275,,3155,,2945,,988,,2184,,1959,,1401,,3235,,1683,,2170,,1465,,1825,,2783,,662,,1939,,3080,,2772,,1717,,1751,,1567,,1928,,2014,,1475,,2798,,1446,,1131,,1830,,1057,,1027,,833,,1055,,4151,,2130,,3396,,2727,,1408,,4272,,1998,,2878,,2394,,2158,,7300,,4297,,4813,,4716,,2627,,4714,,3667,,3038,,1786,,2202,,6106,,5037,,2709,,3062,,3754,,4539,,3396,,7150,,7501,,4525,,931,,4202,,,,2018,,2551,,,1812,1937,1133,1935,,7615,,5362,,7586,,,,3352,,3154,,,2702,3981,1047,2868
162.0969444,2361,,910,,1499,,2386,,839,,1443,,2431,,933,,1191,,2085,,3054,,2423,,6386,,2997,,1577,,5526,,5323,,1303,,3521,,1695,,2672,,2024,,2114,,1844,,1180,,3436,,1793,,671,,2941,,822,,2226,,2257,,1392,,1519,,1082,,1647,,889,,2956,,696,,3459,,982,,1105,,2803,,858,,1168,,1873,,1239,,1070,,2197,,3071,,1900,,4910,,3105,,1227,,3609,,5361,,1464,,2130,,2445,,7390,,2263,,1875,,3750,,2727,,2238,,3017,,5786,,1787,,4188,,5436,,4753,,2136,,3878,,5294,,9392,,4298,,1935,,2435,,3105,,1549,,4340,,934,1217,1972,,2450,,1922,703,,,,,3785,,1859,,7513,,2244,1950,2568,,2952,,4534,1093,,,,
162.2619444,,1866,,1298,,1780,,1679,,1280,,1982,,850,,699,,3121,,2731,,5440,,2091,,4425,,2873,,1209,,5687,,4033,,4171,,2260,,3164,,2955,,929,,2252,,1955,,1399,,3137,,1587,,2238,,1409,,1729,,2697,,686,,1930,,3048,,2841,,1646,,1675,,1484,,2038,,2000,,1488,,2545,,1433,,1118,,1741,,935,,1034,,930,,1018,,4220,,2170,,3263,,2638,,1396,,4221,,2069,,2811,,2445,,2061,,7271,,4256,,4746,,4410,,2602,,4650,,3592,,3100,,1663,,2224,,6566,,5569,,2860,,3060,,3785,,4502,,3568,,7409,,8804,,4603,,1062,,4202,,,,1997,,2596,,,1760,1947,1133,1959,,7344,,5621,,7557,,,,3256,,3170,,,2594,4027,1049,2787
164.0969444,2314,,907,,1610,,2331,,860,,1382,,2427,,988,,1200,,2017,,3012,,2355,,6401,,2997,,1530,,5427,,5489,,1245,,3407,,1626,,2758,,1992,,2097,,1886,,1231,,3301,,1834,,652,,2916,,793,,2077,,2140,,1415,,1498,,1096,,1721,,889,,3082,,689,,3511,,924,,1072,,2822,,883,,1116,,1984,,1153,,999,,2168,,2942,,1908,,4961,,3283,,1140,,3560,,5355,,1480,,2148,,2588,,7183,,2291,,1852,,3696,,2785,,2311,,2983,,6003,,1793,,4066,,4979,,4787,,2190,,3850,,5440,,11082,,4236,,1950,,2434,,3150,,1484,,4314,,927,1256,2093,,2486,,1906,643,,,,,3650,,1916,,7555,,2061,1881,2598,,3029,,4565,1059,,,,
164.2619444,,1844,,1143,,1618,,1648,,1224,,1994,,832,,753,,3072,,2664,,5419,,2023,,4237,,2926,,1180,,5634,,4036,,4125,,2212,,3028,,2928,,1041,,2156,,1908,,1413,,3165,,1667,,2143,,1378,,1760,,2662,,644,,1939,,3095,,2747,,1669,,1750,,1405,,1881,,2024,,1472,,2445,,1414,,1095,,1732,,931,,1033,,843,,1056,,4268,,2043,,3316,,2640,,1366,,4206,,2100,,2750,,2475,,2038,,7287,,4217,,4609,,4453,,2588,,4558,,3659,,3058,,1725,,2142,,6868,,5837,,2919,,3108,,3853,,4436,,3578,,7367,,9662,,4453,,1015,,3975,,,,1998,,2686,,,1804,1923,1149,1867,,7298,,5349,,7575,,,,3269,,3150,,,2641,3980,987,2668
166.0969444,2454,,986,,1598,,2377,,884,,1338,,2579,,951,,1258,,2047,,2942,,2488,,6245,,3175,,1577,,5303,,5185,,1221,,3426,,1601,,2722,,1922,,2009,,1883,,1133,,3322,,1774,,707,,2881,,868,,2114,,2210,,1438,,1555,,1066,,1650,,841,,2974,,710,,3509,,907,,1048,,2841,,866,,1148,,1911,,1191,,911,,2082,,2963,,1869,,4874,,3295,,1206,,3336,,5281,,1416,,2116,,2498,,7360,,2263,,1918,,3661,,2748,,2306,,3031,,6095,,1881,,4297,,4917,,4478,,2230,,3930,,5684,,11966,,4284,,1940,,2354,,3073,,1508,,4302,,970,1263,2266,,2401,,1854,674,,,,,3684,,1939,,7456,,2032,1925,2815,,2942,,4557,1152,,,,
166.2619444,,1837,,1176,,1631,,1639,,1222,,2057,,794,,705,,2838,,2638,,5385,,2077,,4177,,2731,,1184,,5603,,3729,,3878,,2305,,3180,,2909,,949,,2125,,1881,,1533,,3037,,1604,,2113,,1411,,1716,,2763,,677,,1959,,2824,,2514,,1647,,1708,,1453,,1802,,1987,,1421,,2351,,1435,,1071,,1682,,972,,1059,,920,,1095,,4070,,1997,,3267,,2688,,1343,,4103,,2075,,2751,,2364,,1998,,6642,,4043,,4489,,4442,,2583,,4713,,3616,,3038,,1716,,2068,,6907,,5802,,2806,,2974,,3761,,4177,,3547,,7094,,9728,,4201,,997,,3990,,,,2048,,2545,,,1825,1934,1063,1975,,6682,,5156,,7673,,,,3078,,2916,,,2621,3909,966,2605
168.0969444,2102,,777,,1568,,2464,,799,,1326,,2283,,906,,1143,,1967,,2773,,2299,,6297,,3075,,1459,,5199,,5266,,1264,,3442,,1662,,2486,,1845,,1976,,1816,,1100,,3307,,1826,,689,,2835,,787,,2012,,2092,,1423,,1549,,1049,,1635,,815,,3088,,664,,3273,,892,,1036,,2722,,840,,1142,,1830,,1179,,931,,2099,,2736,,1866,,4649,,3428,,1127,,3197,,5340,,1424,,2031,,2446,,6948,,2216,,1828,,3533,,2727,,2319,,2995,,6021,,1717,,4074,,4303,,4001,,2149,,3557,,5381,,11863,,4145,,1890,,2314,,3004,,1500,,4270,,891,1287,2392,,2368,,1780,621,,,,,3515,,1780,,7290,,1933,1956,2810,,2992,,4347,1058,,,,
168.2619444,,1895,,1216,,1687,,1655,,1186,,1916,,800,,684,,2953,,2734,,5144,,1945,,4061,,2858,,1144,,5487,,3881,,3786,,2213,,2993,,2874,,918,,2114,,1810,,1270,,3072,,1657,,2190,,1373,,1706,,2628,,642,,1906,,3067,,2673,,1663,,1619,,1400,,1788,,1988,,1469,,2399,,1430,,1047,,1671,,1006,,973,,890,,1068,,3947,,1947,,3189,,2628,,1311,,4008,,1972,,2587,,2357,,2052,,7040,,3993,,4469,,4448,,2485,,4707,,3628,,2993,,1732,,1965,,6705,,5454,,2610,,2789,,3534,,3904,,3433,,6545,,9845,,4369,,917,,3880,,,,1940,,2522,,,1742,1870,1041,1858,,7013,,5243,,7437,,,,3103,,3081,,,2525,3822,1005,2521
170.0969444,2272,,913,,1601,,2324,,856,,1307,,2355,,922,,1204,,2058,,2731,,2346,,6391,,3130,,1464,,5280,,5229,,1221,,3457,,1638,,2592,,1901,,1982,,1964,,1084,,3396,,1874,,689,,2864,,768,,1917,,2119,,1441,,1537,,1012,,1668,,882,,3068,,713,,3432,,871,,1017,,2736,,854,,1043,,1929,,1191,,1024,,2138,,2871,,1763,,4656,,3425,,1113,,3206,,5250,,1368,,2004,,2505,,7246,,2197,,1833,,3500,,2717,,2366,,3072,,6212,,1798,,4245,,4190,,3696,,1998,,3543,,5523,,12038,,3918,,1624,,2218,,3012,,1581,,4296,,902,1210,2377,,2356,,1821,588,,,,,3600,,1912,,7364,,2070,1922,3001,,2967,,4451,994,,,,
170.2619444,,1813,,1161,,1645,,1663,,1239,,1935,,828,,732,,2980,,2648,,5262,,1881,,4159,,2713,,1077,,5617,,3902,,3719,,2186,,3097,,2894,,963,,2168,,1848,,1336,,3141,,1666,,2259,,1394,,1658,,2695,,623,,1910,,2852,,2636,,1656,,1736,,1373,,1836,,1962,,1472,,2489,,1509,,1097,,1782,,886,,1077,,890,,1083,,4055,,2080,,3378,,2636,,1348,,4170,,1938,,2551,,2406,,2028,,7132,,4046,,4546,,4439,,2610,,4634,,3615,,3012,,1598,,2169,,6575,,5258,,2508,,2650,,3542,,3528,,3357,,5874,,9405,,4431,,1006,,3972,,,,2089,,2659,,,1729,1846,990,1854,,6955,,5094,,7508,,,,3170,,2935,,,2520,3722,993,2601
172.0969444,2211,,954,,1590,,2386,,821,,1395,,2472,,950,,1177,,2085,,2802,,2261,,6160,,2941,,1430,,5241,,5255,,1247,,3358,,1651,,2545,,1825,,2030,,1892,,1104,,3287,,1806,,626,,2916,,822,,2029,,2176,,1363,,1579,,1042,,1568,,779,,3255,,641,,3320,,930,,1034,,2780,,845,,1056,,1963,,1148,,986,,2133,,2789,,1791,,4722,,3257,,1106,,2981,,5278,,1370,,2090,,2444,,7138,,2242,,1815,,3536,,2771,,2339,,3075,,6021,,1749,,4208,,3700,,3415,,1900,,3162,,4987,,11315,,3672,,1508,,2021,,2938,,1524,,4302,,885,1292,2405,,2349,,1782,634,,,,,3519,,1895,,7533,,1960,2030,3077,,2876,,4399,910,,,,
172.2619444,,1909,,1179,,1677,,1693,,1167,,1873,,816,,640,,3001,,2681,,5329,,2016,,4208,,2832,,1070,,5458,,3848,,3799,,2170,,3051,,2842,,940,,2145,,1851,,1286,,3172,,1740,,2266,,1436,,1787,,2634,,632,,1940,,3001,,2762,,1658,,1664,,1372,,1899,,1990,,1480,,2470,,1429,,1040,,1852,,923,,973,,799,,1169,,4056,,2021,,3154,,2716,,1258,,4008,,2090,,2481,,2533,,2009,,7128,,3993,,4454,,4536,,2506,,4717,,3614,,2994,,1745,,2106,,6051,,4940,,2420,,2442,,3426,,3345,,3020,,5131,,8475,,4424,,937,,3873,,,,2077,,2669,,,1722,1836,1025,1921,,7015,,5183,,7599,,,,3263,,3119,,,2614,3609,970,2565
174.0969444,2192,,913,,1509,,2481,,813,,1256,,2436,,889,,1208,,2057,,2715,,2246,,6147,,2952,,1466,,5038,,5215,,1194,,3431,,1530,,2540,,1856,,1903,,1969,,1094,,3291,,1785,,621,,2867,,759,,1910,,2125,,1322,,1549,,1044,,1641,,807,,3156,,699,,3292,,973,,1015,,2781,,868,,985,,1910,,1198,,997,,2199,,2732,,1838,,4681,,3271,,1135,,2946,,5210,,1329,,2081,,2504,,7104,,2136,,1825,,3429,,2684,,2286,,3118,,6144,,1829,,4126,,3535,,3236,,1811,,2930,,4333,,9721,,3336,,1492,,1931,,2842,,1474,,4360,,861,1351,2320,,2337,,1692,534,,,,,3465,,1880,,7635,,1914,2075,3156,,2934,,4431,941,,,,
174.2619444,,1866,,1179,,1685,,1728,,1201,,1886,,777,,626,,2928,,2667,,5278,,1899,,4143,,2881,,1111,,5565,,3721,,3768,,2150,,2969,,2853,,905,,2135,,1873,,1317,,3212,,1695,,2422,,1352,,1735,,2773,,609,,1879,,2986,,2670,,1642,,1675,,1423,,1821,,2018,,1555,,2477,,1481,,1049,,1839,,999,,1005,,774,,1236,,4085,,1928,,3211,,2620,,1169,,4011,,2019,,2458,,2485,,1944,,7147,,3997,,4342,,4595,,2519,,4682,,3586,,2976,,1675,,2053,,5457,,4443,,2209,,2293,,3061,,2967,,2803,,4428,,7366,,4298,,973,,3986,,,,2050,,2659,,,1638,1756,1048,1757,,7013,,5087,,7775,,,,3139,,2914,,,2520,3592,889,2438
176.0969444,2255,,928,,1613,,2466,,856,,1280,,2307,,954,,1238,,1966,,2676,,2294,,6002,,2859,,1527,,4991,,5301,,1261,,3527,,1490,,2505,,1929,,1910,,1976,,1198,,3301,,1875,,663,,2833,,786,,2058,,2201,,1256,,1757,,1088,,1693,,868,,3145,,625,,3441,,941,,1008,,2848,,849,,1023,,1905,,1189,,973,,2093,,2756,,1828,,4752,,3243,,1163,,2954,,5261,,1326,,2098,,2592,,7132,,2163,,1781,,3381,,2757,,2275,,3101,,5929,,1761,,4219,,3529,,3202,,1928,,2915,,3997,,8338,,3111,,1373,,1795,,2811,,1552,,4341,,917,1490,2164,,2371,,1829,614,,,,,3412,,1952,,7353,,2020,2134,3200,,2874,,4510,998,,,,
176.2619444,,1898,,1166,,1670,,1675,,1158,,1910,,727,,694,,2926,,2686,,5251,,1835,,3983,,2790,,1090,,5270,,3790,,3716,,2148,,3054,,2868,,897,,2070,,1798,,1411,,3276,,1676,,2618,,1323,,1699,,2734,,580,,1926,,2903,,2611,,1664,,1690,,1369,,1816,,2019,,1540,,2448,,1453,,1030,,1845,,968,,998,,736,,1175,,3985,,1873,,3311,,2670,,1251,,3962,,1949,,2320,,2557,,1960,,7307,,3901,,4317,,4639,,2358,,4627,,3475,,2750,,1581,,2033,,5140,,3932,,1962,,2276,,2973,,2954,,2533,,4147,,6162,,4194,,941,,3874,,,,2041,,2805,,,1612,1888,962,1775,,6990,,5269,,7309,,,,3143,,2948,,,2603,3590,947,2488