Time,dkaiA_148.1.1.a,dkaiA_148.1.1.b,dkaiA_148.1.2.a,dkaiA_148.1.2.b,dkaiA_148.1.3.a,dkaiA_148.1.3.b,dkaiA_148.2.1.a,dkaiA_148.2.1.b,dkaiA_148.2.2.a,dkaiA_148.2.2.b,dkaiA_148.2.3.a,dkaiA_148.2.3.b,dkaiA_148.3.1.a,dkaiA_148.3.1.b,dkaiA_148.3.2.a,dkaiA_148.3.2.b,dkaiA_148.4.1.a,dkaiA_148.4.1.b,dkaiA_148.4.2.a,dkaiA_148.4.2.b,dkaiA_148L156A.1.1.a,dkaiA_148L156A.1.1.b,dkaiA_148L156A.1.2.a,dkaiA_148L156A.1.2.b,dkaiA_148L156A.1.3.a,dkaiA_148L156A.1.3.b,dkaiA_148L156A.2.1.a,dkaiA_148L156A.2.1.b,dkaiA_148L156A.2.2.a,dkaiA_148L156A.2.2.b,dkaiA_148L156A.2.3.a,dkaiA_148L156A.2.3.b,dkaiA_148L156A.3.1.a,dkaiA_148L156A.3.1.b,dkaiA_148L156A.3.2.a,dkaiA_148L156A.3.2.b,dkaiA_148L156A.4.1.a,dkaiA_148L156A.4.1.b,dkaiA_148L156A.4.2.a,dkaiA_148L156A.4.2.b,dkaiA_164.1.1.a,dkaiA_164.1.1.b,dkaiA_164.1.2.a,dkaiA_164.1.2.b,dkaiA_164.1.3.a,dkaiA_164.1.3.b,dkaiA_164.2.1.a,dkaiA_164.2.1.b,dkaiA_164.2.2.a,dkaiA_164.2.2.b,dkaiA_164.2.3.a,dkaiA_164.2.3.b,dkaiA_164.3.1.a,dkaiA_164.3.1.b,dkaiA_164.3.2.a,dkaiA_164.3.2.b,dkaiA_164.4.1.a,dkaiA_164.4.1.b,dkaiA_164.4.2.a,dkaiA_164.4.2.b,dkaiA_181.1.1.a,dkaiA_181.1.1.b,dkaiA_181.1.2.a,dkaiA_181.1.2.b,dkaiA_181.1.3.a,dkaiA_181.1.3.b,dkaiA_181.2.1.a,dkaiA_181.2.1.b,dkaiA_181.2.2.a,dkaiA_181.2.2.b,dkaiA_181.3.1.a,dkaiA_181.3.1.b,dkaiA_181.3.2.a,dkaiA_181.3.2.b,dkaiA_181.4.1.a,dkaiA_181.4.1.b,dkaiA_181.4.2.a,dkaiA_181.4.2.b,dkaiA_ctrl.1.1.a,dkaiA_ctrl.1.1.b,dkaiA_ctrl.1.2.a,dkaiA_ctrl.1.2.b,dkaiA_ctrl.1.3.a,dkaiA_ctrl.1.3.b,dkaiA_ctrl.2.1.a,dkaiA_ctrl.2.1.b,dkaiA_ctrl.2.2.a,dkaiA_ctrl.2.2.b,dkaiA_ctrl.2.3.a,dkaiA_ctrl.2.3.b,dkaiA_ctrl.3.1.a,dkaiA_ctrl.3.1.b,dkaiA_ctrl.3.2.a,dkaiA_ctrl.3.2.b,dkaiA_ctrl.4.1.a,dkaiA_ctrl.4.1.b,dkaiA_ctrl.4.2.a,dkaiA_ctrl.4.2.b,dkaiA_L156A.1.1.a,dkaiA_L156A.1.1.b,dkaiA_L156A.1.2.a,dkaiA_L156A.1.2.b,dkaiA_L156A.1.3.a,dkaiA_L156A.1.3.b,dkaiA_L156A.2.1.a,dkaiA_L156A.2.1.b,dkaiA_L156A.2.2.a,dkaiA_L156A.2.2.b,dkaiA_L156A.2.3.a,dkaiA_L156A.2.3.b,dkaiA_L156A.3.1.a,dkaiA_L156A.3.1.b,dkaiA_L156A.3.2.a,dkaiA_L156A.3.2.b,dkaiA_L156A.4.1.a,dkaiA_L156A.4.1.b,dkaiA_L156A.4.2.a,dkaiA_L156A.4.2.b,dkaiA_wt.1.1.a,dkaiA_wt.1.1.b,dkaiA_wt.1.2.a,dkaiA_wt.1.2.b,dkaiA_wt.1.3.a,dkaiA_wt.1.3.b,dkaiA_wt.2.1.a,dkaiA_wt.2.1.b,dkaiA_wt.2.2.a,dkaiA_wt.2.2.b,dkaiA_wt.2.3.a,dkaiA_wt.2.3.b,dkaiA_wt.3.1.a,dkaiA_wt.3.1.b,dkaiA_wt.3.2.a,dkaiA_wt.3.2.b,dkaiA_wt.4.1.a,dkaiA_wt.4.1.b,dkaiA_wt.4.2.a,dkaiA_wt.4.2.b,kaiA.1.1.a,kaiA.1.1.b,kaiA.1.2.a,kaiA.1.2.b,kaiA.1.3.a,kaiA.1.3.b,kaiA.1.4.a,kaiA.1.4.b,kaiA.1.5.a,kaiA.1.5.b,kaiA.1.6.a,kaiA.1.6.b,kaiA.1.7.a,kaiA.1.7.b,kaiA.1.8.a,kaiA.1.8.b,kaiA.1.9.a,kaiA.1.9.b,kaiA148.1.1.a,kaiA148.1.1.b,kaiA148.1.2.a,kaiA148.1.2.b,kaiA148.1.3.a,kaiA148.1.3.b,kaiA148.1.4.a,kaiA148.1.5.a,kaiA148.2.1.a,kaiA148.2.1.b,kaiA148.2.2.a,kaiA148.2.2.b,kaiA148.2.3.a,kaiA148.2.4.a,kaiA148.3.1.b,kaiA148.3.2.b,kaiA148.4.1.b,kaiA148.4.2.b,kaiA148L156A.1.1.a,kaiA148L156A.1.1.b,kaiA148L156A.1.2.a,kaiA148L156A.1.2.b,kaiA148L156A.1.3.a,kaiA148L156A.1.3.b,kaiA148L156A.1.4.a,kaiA148L156A.1.5.a,kaiA148L156A.2.1.a,kaiA148L156A.2.1.b,kaiA148L156A.2.2.a,kaiA148L156A.2.2.b,kaiA148L156A.2.3.a,kaiA148L156A.2.4.a,kaiA148L156A.3.1.b,kaiA148L156A.3.2.b,kaiA148L156A.4.1.b,kaiA148L156A.4.2.b
5.932222222,1335,,788,,975,,707,,658,,1133,,815,,807,,660,,780,,6910,,6292,,8092,,5259,,6753,,9107,,5657,,9091,,5948,,8846,,4606,,3802,,5682,,2948,,2917,,3305,,3461,,4545,,1961,,2344,,3256,,2900,,4587,,3705,,3701,,2980,,4232,,3610,,4867,,1250,,669,,832,,926,,616,,1001,,746,,646,,636,,715,,4363,,4357,,5364,,4004,,4357,,6327,,4153,,5603,,4074,,5302,,4605,,5542,,8953,,5257,,5650,,9464,,5023,,7774,,5290,,7362,,6646,,6580,,6713,,5999,,5261,,5943,,7138,,7973,,10668,,1495,,1256,,968,,1077,1440,1567,,948,,885,1268,,,,,6527,,7887,,5404,,7907,10316,6492,,5431,,4794,7113,,,,
6.094722222,,716,,707,,754,,678,,776,,714,,916,,888,,1034,,840,,5521,,6835,,6452,,8718,,9436,,7218,,7321,,7266,,6788,,5608,,3569,,4535,,3558,,4429,,4454,,3123,,4117,,4042,,1930,,1869,,3374,,4123,,4033,,3557,,3718,,3097,,3135,,3507,,3807,,662,,817,,792,,661,,648,,687,,710,,667,,1130,,937,,2671,,4127,,3814,,4998,,5187,,4357,,7548,,7010,,4452,,4347,,4072,,5103,,4756,,4635,,5213,,4995,,6271,,6654,,8285,,8270,,5465,,6370,,7284,,10798,,6372,,6156,,7100,,8097,,5028,,1246,,1494,,1221,,,,1351,,1400,,,1026,1051,1215,1065,,6599,,6947,,5631,,,,5814,,6027,,,6833,6989,7776,7054
7.932222222,1546,,705,,885,,727,,677,,1391,,737,,651,,593,,554,,7351,,7137,,7807,,6678,,7712,,10367,,5959,,10491,,6289,,10458,,5219,,2936,,5793,,3268,,2316,,2316,,3286,,4215,,1396,,2045,,3211,,2222,,4333,,3424,,2691,,2350,,3183,,2572,,4189,,1468,,730,,832,,991,,612,,1186,,756,,628,,630,,581,,5386,,4326,,4868,,4506,,4465,,6788,,4290,,5718,,4144,,5208,,5732,,6423,,10092,,7772,,5856,,12924,,7531,,7093,,7010,,6677,,8984,,9077,,10697,,9684,,6189,,6607,,8989,,12497,,18426,,1928,,1433,,1008,,1094,1659,1762,,920,,837,1390,,,,,7189,,8541,,4771,,8707,13632,8427,,5637,,4308,9888,,,,
8.094722222,,597,,736,,638,,657,,775,,656,,795,,851,,1117,,864,,5611,,7608,,6518,,9724,,11721,,7154,,8119,,8831,,7822,,6247,,2406,,3707,,2562,,4698,,4974,,2168,,4376,,4029,,1392,,1327,,2621,,3457,,3003,,3426,,3602,,2418,,2381,,2683,,2865,,673,,968,,876,,620,,642,,594,,653,,601,,1390,,1035,,2589,,4182,,3657,,4696,,5213,,3884,,10719,,9076,,5212,,4769,,4853,,7736,,6781,,5411,,6952,,5214,,7245,,7675,,10342,,9322,,7248,,8693,,11148,,18501,,9729,,9667,,9789,,12677,,6398,,1273,,1743,,1342,,,,1540,,1698,,,1044,1062,1140,965,,6363,,7182,,5797,,,,6074,,6932,,,8029,7432,10893,7527
9.932222222,1747,,800,,874,,789,,713,,1960,,914,,751,,578,,624,,6230,,7562,,6945,,6014,,8214,,10880,,5242,,10875,,6182,,11614,,4460,,2211,,5938,,3207,,1912,,1583,,2619,,3905,,1100,,1821,,2988,,1632,,3879,,2716,,2005,,1966,,2427,,1932,,3451,,1764,,871,,934,,1179,,639,,1651,,1025,,638,,732,,645,,4905,,4191,,4034,,4482,,4346,,7662,,4130,,5661,,4085,,4995,,6160,,8310,,12395,,7701,,6507,,17195,,7088,,7326,,8632,,7245,,7980,,7634,,9791,,9241,,8092,,7515,,11131,,14809,,20765,,2124,,1603,,1116,,1162,2136,1965,,1049,,949,1730,,,,,6223,,7296,,3681,,8097,13658,7904,,6642,,4077,12735,,,,
10.09472222,,572,,851,,624,,671,,913,,648,,1002,,977,,1399,,1112,,4805,,7690,,5801,,9607,,13370,,6328,,6722,,7370,,7485,,5804,,1665,,3153,,1768,,4773,,5553,,1561,,3743,,3464,,1316,,1171,,2019,,2768,,2244,,2618,,2789,,1960,,1813,,2019,,2043,,763,,1131,,1055,,643,,729,,607,,688,,698,,2012,,1365,,2267,,3805,,3337,,4333,,5406,,3461,,11722,,10780,,5124,,4715,,4987,,6622,,7531,,5918,,8640,,5569,,7949,,8740,,13817,,11808,,8658,,11320,,12332,,20000,,8531,,9924,,12051,,17208,,6971,,1363,,2397,,1568,,,,1702,,1793,,,1204,1219,1418,1132,,5701,,6068,,5620,,,,7031,,7714,,,7537,7464,12876,8883
11.93222222,1987,,948,,968,,997,,834,,2337,,1079,,820,,712,,598,,5862,,6415,,5987,,5163,,7289,,11493,,5246,,9151,,6089,,10167,,3887,,1690,,5048,,2806,,1617,,1060,,2095,,2869,,847,,1699,,2458,,1233,,3815,,1928,,1487,,1429,,1948,,1287,,2891,,1953,,1099,,1200,,1285,,744,,1816,,1242,,747,,955,,715,,4223,,3943,,3422,,4226,,4248,,8701,,3815,,5461,,4027,,5244,,6440,,8604,,15371,,7232,,7702,,19187,,6346,,7815,,8034,,8439,,7952,,7676,,9681,,9279,,7948,,8431,,11243,,15234,,22318,,2233,,1731,,1300,,1475,2390,1993,,1161,,1174,1840,,,,,6159,,7000,,3198,,7368,13050,7702,,6151,,4044,12833,,,,
12.09472222,,1363,,2304,,1886,,2569,,2786,,1849,,2414,,2237,,2829,,2623,,6981,,7989,,8111,,8800,,8997,,6778,,12114,,11801,,8558,,8332,,2084,,3530,,2591,,4503,,4862,,1769,,4560,,4271,,2310,,1773,,2569,,3643,,2829,,3655,,3849,,2593,,2798,,3309,,3316,,2009,,2967,,2358,,2435,,2599,,1989,,2220,,2423,,4058,,3158,,4039,,5901,,5306,,6136,,5883,,5045,,7433,,7112,,6671,,6627,,13611,,13333,,12732,,12498,,11013,,9555,,11185,,10847,,11843,,11098,,11684,,11715,,10963,,14338,,12592,,11179,,11294,,11697,,14328,,3196,,3804,,3484,,,,3308,,3498,,,3125,3296,3319,3295,,10777,,11502,,7231,,,,7061,,7871,,,7887,7885,8902,7361
13.93222222,2802,,1755,,1178,,1287,,1842,,2513,,1363,,1114,,1190,,709,,15280,,8762,,5192,,9645,,9289,,9105,,7256,,10086,,7880,,9568,,7395,,1898,,3747,,4122,,2192,,919,,2570,,3142,,1003,,1936,,4341,,1673,,3354,,2929,,1985,,2037,,2101,,1573,,2875,,2513,,1904,,1764,,1793,,1702,,2318,,1705,,1026,,2109,,843,,8361,,5007,,3105,,5440,,5294,,6125,,4690,,5472,,5382,,5212,,12632,,11800,,12701,,16957,,10747,,16624,,15063,,9319,,14105,,10276,,20979,,17749,,16381,,14155,,11189,,10605,,12785,,16211,,19876,,3273,,2296,,1404,,1976,2582,2835,,1773,,1875,2485,,,,,17550,,12040,,3590,,9555,14610,13182,,7210,,4363,10904,,,,
14.09472222,,949,,1664,,1074,,1316,,1742,,833,,1568,,1548,,2148,,1737,,4696,,7827,,5565,,8197,,10124,,4994,,14517,,14000,,8394,,7471,,979,,2768,,1270,,3732,,4126,,918,,3866,,3427,,1578,,1209,,1512,,2524,,1655,,3221,,3411,,1835,,1802,,2265,,1740,,1192,,2268,,1428,,1269,,1786,,933,,1168,,1161,,2455,,2110,,2863,,4548,,3393,,4254,,5057,,2915,,8156,,7418,,6187,,5475,,10791,,16273,,14167,,10203,,11977,,7620,,11183,,11644,,13935,,12567,,13124,,12548,,13812,,19565,,16033,,13413,,13461,,14497,,11244,,1235,,2718,,1916,,,,2291,,2538,,,1901,1817,2318,1895,,13449,,13635,,5974,,,,6627,,8032,,,7938,7453,10549,7380
15.93222222,1994,,1164,,789,,1017,,1195,,1785,,1008,,837,,900,,593,,12787,,6588,,3879,,8425,,7556,,7269,,5855,,8106,,5861,,7494,,5606,,1375,,2674,,2908,,1667,,756,,1822,,2282,,662,,1518,,3183,,1369,,2434,,2188,,1386,,1507,,1470,,1237,,2014,,1946,,1331,,1150,,1091,,1081,,1785,,1161,,655,,1245,,676,,6298,,3488,,2210,,3978,,3870,,4419,,3372,,3934,,3820,,3621,,9872,,9990,,10483,,15006,,9055,,14620,,13392,,7354,,12329,,8016,,18395,,15744,,14213,,12339,,9391,,8499,,10542,,14143,,17256,,2560,,1587,,1081,,1353,2010,2119,,1378,,1310,1870,,,,,15087,,9870,,2730,,7294,12689,10937,,5554,,3494,8780,,,,
16.09472222,,742,,1164,,828,,976,,1144,,679,,1001,,1005,,1452,,1224,,3684,,6671,,4261,,6833,,8154,,3865,,12251,,11778,,6646,,5757,,759,,1925,,942,,2692,,3090,,685,,2911,,2558,,1156,,882,,1262,,2079,,1278,,2405,,2513,,1405,,1365,,1725,,1391,,861,,1559,,1030,,960,,1159,,664,,850,,875,,1684,,1438,,2421,,3509,,2469,,3084,,3759,,2150,,6273,,5771,,4761,,4121,,8623,,14608,,11977,,8132,,9973,,5907,,9117,,9644,,12141,,10453,,11179,,10355,,11770,,17259,,14211,,11284,,11576,,12858,,8939,,959,,2024,,1459,,,,1692,,1773,,,1401,1379,1621,1346,,11312,,13391,,4792,,,,5344,,6461,,,6692,5944,8831,5904
17.93222222,1624,,805,,639,,777,,870,,1374,,762,,630,,707,,404,,10433,,5215,,3051,,7038,,5909,,5685,,4859,,6445,,4543,,5858,,4098,,1126,,1862,,2232,,1392,,617,,1343,,1711,,587,,1123,,2548,,1160,,1872,,1719,,1038,,1077,,1025,,1022,,1527,,1447,,974,,824,,836,,946,,1341,,823,,598,,961,,517,,4614,,2677,,1781,,3021,,2813,,3121,,2694,,3017,,2810,,2673,,8248,,8074,,8138,,11678,,7822,,11724,,11000,,6457,,9614,,6988,,14883,,12731,,11288,,10159,,8307,,7601,,8454,,11015,,13638,,1996,,1187,,823,,1057,1526,1732,,1022,,1007,1428,,,,,12426,,8215,,2223,,5991,10633,8802,,4536,,2805,6619,,,,
18.09472222,,547,,863,,635,,800,,892,,483,,769,,767,,958,,940,,3026,,5376,,3605,,5849,,6646,,3005,,9780,,9432,,5478,,4754,,637,,1387,,750,,2021,,2270,,576,,2160,,1832,,821,,651,,1070,,1776,,1145,,1888,,2058,,1103,,1093,,1372,,1064,,675,,1163,,812,,771,,891,,543,,683,,688,,1348,,1126,,1980,,2799,,2113,,2643,,2788,,1632,,4921,,4516,,3445,,3169,,7890,,12136,,9319,,7595,,7994,,4988,,7998,,8228,,9474,,8397,,9305,,8524,,9459,,14119,,11253,,9246,,9392,,10291,,8310,,795,,1657,,1188,,,,1159,,1382,,,1142,1043,1187,1124,,9468,,11221,,3823,,,,4243,,5153,,,5432,4929,6994,4523
19.93222222,1237,,707,,594,,682,,731,,1102,,628,,490,,616,,323,,8276,,4268,,2520,,5934,,4696,,4722,,4021,,5162,,3416,,4520,,3150,,820,,1491,,1594,,1072,,491,,1017,,1221,,450,,864,,1950,,930,,1477,,1376,,860,,785,,704,,792,,1107,,1143,,784,,666,,574,,734,,1113,,621,,505,,771,,457,,3353,,2037,,1357,,2273,,2023,,2425,,2166,,2226,,2035,,1982,,7107,,6816,,6447,,8640,,6708,,8828,,8591,,5272,,7421,,5759,,11433,,10327,,8960,,8484,,7211,,6045,,7161,,8820,,10288,,1571,,897,,711,,843,1373,1411,,914,,917,1181,,,,,10274,,6997,,1683,,4950,9036,7056,,3662,,2328,5155,,,,
20.09472222,,434,,713,,550,,638,,694,,404,,559,,543,,723,,750,,2424,,4473,,2916,,4812,,5460,,2411,,7737,,7617,,4606,,4081,,533,,1013,,674,,1486,,1656,,425,,1627,,1451,,691,,504,,852,,1387,,944,,1561,,1552,,872,,857,,1175,,849,,550,,884,,675,,649,,709,,481,,618,,629,,971,,842,,1454,,2199,,1668,,2062,,2117,,1248,,3754,,3457,,2459,,2399,,6814,,9533,,7473,,6723,,6497,,4138,,6784,,6859,,7475,,6960,,8235,,7248,,8000,,11406,,9032,,7719,,8012,,7996,,6965,,665,,1304,,968,,,,914,,1028,,,850,957,918,1013,,8310,,9804,,3064,,,,3474,,4172,,,4547,4082,5527,3734
21.93222222,1011,,505,,506,,615,,544,,982,,582,,455,,514,,278,,6352,,3322,,1861,,4873,,3809,,3800,,3232,,4079,,2895,,3445,,2458,,716,,1112,,1288,,950,,408,,842,,1011,,333,,686,,1482,,767,,1095,,1081,,604,,662,,580,,630,,830,,910,,674,,516,,502,,564,,916,,523,,432,,548,,378,,2614,,1569,,1092,,1669,,1561,,1675,,1784,,1653,,1629,,1507,,5667,,5570,,5008,,6211,,5519,,6277,,6633,,4199,,5935,,4777,,8768,,8942,,7784,,7493,,6129,,5086,,6111,,7353,,8359,,1336,,717,,644,,711,1117,1329,,773,,763,1004,,,,,8935,,5813,,1388,,3945,7721,5807,,2797,,1966,4114,,,,
22.09472222,,424,,540,,438,,589,,592,,384,,432,,474,,549,,563,,1813,,3533,,2016,,3725,,4248,,1923,,6259,,6259,,3569,,3121,,452,,794,,518,,1125,,1185,,380,,1272,,1081,,499,,423,,724,,1072,,671,,1170,,1199,,681,,590,,863,,636,,489,,671,,630,,562,,567,,382,,554,,539,,786,,684,,1209,,1752,,1305,,1723,,1569,,978,,2860,,2618,,1905,,1825,,5743,,7036,,5863,,5748,,5493,,3337,,5560,,5791,,5811,,5588,,7011,,6350,,6803,,9796,,7920,,6696,,6773,,6781,,5664,,605,,1044,,895,,,,744,,847,,,731,813,770,888,,7146,,8404,,2311,,,,2830,,3358,,,3765,3239,4537,2878
23.93222222,844,,437,,422,,502,,480,,782,,501,,417,,441,,265,,5183,,2448,,1492,,4014,,2781,,2693,,2374,,2968,,2103,,2437,,1917,,570,,946,,1040,,864,,354,,708,,831,,276,,607,,1150,,629,,883,,905,,467,,460,,449,,505,,661,,823,,535,,442,,485,,488,,798,,459,,428,,473,,320,,1900,,1269,,946,,1415,,1236,,1304,,1456,,1239,,1258,,1152,,4725,,4569,,4160,,4615,,4747,,4828,,5310,,3469,,4808,,3925,,7227,,7863,,6624,,6525,,5289,,4307,,5164,,6393,,7080,,1058,,639,,593,,597,889,1089,,683,,622,883,,,,,7568,,4657,,1153,,3001,6320,4736,,2275,,1742,3113,,,,
24.09472222,,641,,668,,841,,890,,812,,548,,749,,673,,871,,1040,,793,,1980,,889,,2065,,3953,,988,,7108,,7529,,2459,,1409,,657,,766,,683,,1188,,1309,,509,,1153,,1036,,653,,474,,670,,1267,,731,,1248,,1290,,745,,817,,1169,,736,,807,,875,,942,,802,,646,,626,,892,,803,,1327,,949,,734,,1422,,969,,1657,,1396,,632,,2781,,2338,,1634,,1556,,3419,,9460,,5085,,2464,,4375,,1160,,2509,,3263,,5967,,4036,,6124,,4234,,7284,,13594,,10454,,7275,,6823,,8797,,2982,,739,,1238,,1017,,,,731,,941,,,653,1018,797,1005,,5743,,8209,,1591,,,,2141,,3069,,,2318,2242,4979,2450
25.93222222,421,,242,,273,,267,,263,,457,,269,,256,,237,,192,,1925,,1336,,1294,,1585,,1429,,2163,,1473,,1643,,1296,,1670,,969,,380,,1055,,785,,354,,271,,483,,693,,251,,583,,876,,381,,1334,,685,,624,,591,,840,,441,,1144,,473,,238,,322,,343,,218,,362,,362,,221,,230,,194,,1314,,986,,870,,1059,,986,,1824,,927,,1143,,980,,1146,,1465,,1621,,2232,,2049,,1535,,2931,,2076,,1607,,1802,,1537,,2567,,2555,,2411,,1912,,1830,,1721,,2013,,2533,,3276,,434,,422,,327,,388,473,393,,304,,309,349,,,,,2718,,2448,,765,,1846,3055,2751,,2287,,1138,2844,,,,
26.09472222,,201,,282,,205,,227,,327,,224,,473,,461,,505,,378,,1052,,1527,,1259,,1968,,2208,,1323,,1833,,2081,,1473,,1351,,258,,815,,312,,1482,,1629,,320,,855,,721,,330,,254,,661,,1142,,755,,867,,820,,752,,634,,821,,695,,259,,316,,300,,233,,281,,196,,307,,270,,567,,497,,722,,1108,,821,,1306,,1706,,806,,2311,,2228,,1293,,1082,,1628,,2062,,1949,,1782,,1724,,1303,,1709,,1783,,2457,,2411,,2200,,1974,,2211,,3499,,2360,,2019,,2247,,2613,,2156,,576,,607,,684,,,,446,,472,,,344,358,459,436,,2620,,2863,,1895,,,,2619,,2911,,,2255,2414,3137,3068
27.93222222,560,,339,,353,,411,,371,,568,,457,,362,,311,,272,,2832,,2255,,2323,,2031,,2323,,3333,,2021,,2745,,2214,,2968,,1457,,520,,1927,,1249,,599,,349,,801,,1169,,330,,919,,1885,,1300,,3853,,1975,,2100,,1956,,3081,,1585,,3522,,630,,415,,448,,526,,321,,417,,621,,342,,352,,317,,2138,,2019,,1987,,1978,,1894,,3315,,1772,,2299,,1905,,2593,,1478,,1761,,2298,,2255,,1512,,2880,,1909,,1612,,1862,,1697,,1810,,1545,,1490,,1355,,1202,,1356,,1432,,1593,,2056,,535,,751,,572,,643,566,523,,462,,526,478,,,,,2735,,2712,,1204,,2598,3093,3023,,3279,,2014,3588,,,,
28.09472222,,358,,425,,337,,324,,488,,332,,615,,662,,677,,621,,2196,,2561,,2521,,3171,,3672,,2568,,2751,,3188,,2488,,2413,,447,,1296,,500,,2532,,2744,,434,,1341,,1225,,521,,364,,1855,,5000,,2335,,2195,,2227,,2340,,2730,,3115,,2823,,442,,510,,424,,328,,416,,365,,469,,415,,589,,660,,1347,,2541,,2030,,3177,,3075,,1968,,4026,,3814,,2298,,2024,,1528,,2159,,2109,,1856,,1945,,1559,,1849,,1897,,2443,,2350,,1618,,1457,,1603,,2107,,1668,,1569,,1701,,1982,,1582,,800,,734,,1149,,,,721,,847,,,681,606,731,691,,2896,,2745,,2499,,,,3217,,3475,,,2885,3318,3650,4327
29.93222222,929,,653,,820,,673,,653,,1135,,794,,676,,540,,507,,4172,,4645,,4392,,3410,,4751,,7315,,3692,,5782,,4397,,6262,,2034,,1004,,2921,,1814,,1258,,561,,1195,,1915,,555,,1923,,3136,,2549,,7304,,3877,,4089,,3496,,6213,,2870,,7080,,1053,,656,,849,,891,,543,,768,,932,,667,,658,,544,,3313,,3987,,3606,,3577,,3784,,6305,,3176,,4649,,3827,,4922,,2541,,3704,,5461,,4278,,3231,,6134,,3507,,3219,,3753,,3651,,3133,,2797,,3092,,2785,,2490,,2265,,3087,,3883,,4128,,907,,1236,,1048,,1169,931,932,,924,,989,902,,,,,3209,,3346,,1802,,3467,4081,3640,,3945,,3175,4657,,,,
30.09472222,,536,,827,,598,,563,,930,,562,,1043,,1112,,1100,,1074,,3998,,5365,,4649,,6790,,7355,,4852,,4393,,5299,,4699,,4699,,768,,2028,,822,,3973,,3928,,720,,1813,,1835,,946,,688,,3015,,9597,,3913,,3444,,3706,,4208,,4947,,5505,,4738,,694,,898,,764,,591,,727,,652,,819,,779,,1061,,1156,,2144,,4818,,3778,,6038,,5808,,3106,,7862,,7351,,3782,,3637,,2487,,3873,,3871,,3457,,3898,,3013,,4035,,4387,,5384,,5608,,2859,,3218,,3592,,4255,,3355,,3292,,3747,,4790,,2529,,1300,,1310,,1816,,,,1412,,1543,,,1169,1216,1328,1379,,3217,,3176,,2918,,,,3783,,4118,,,3438,3762,4722,5591
31.93222222,1433,,1083,,1337,,1047,,912,,1768,,1122,,1058,,941,,815,,4664,,4459,,6233,,3495,,5101,,8957,,4413,,6156,,5002,,7450,,2292,,1475,,3255,,2135,,1891,,784,,1500,,2169,,642,,2761,,3549,,3395,,8686,,4655,,4495,,3974,,6710,,3662,,7962,,1529,,1033,,1287,,1297,,868,,1200,,1328,,1054,,1057,,843,,4027,,4946,,5126,,4211,,4512,,8841,,3901,,5669,,4529,,6347,,3768,,5491,,8597,,5600,,4886,,10406,,4335,,5425,,5222,,6419,,4919,,4197,,5255,,5105,,4946,,4840,,6032,,6047,,7472,,1316,,1777,,1651,,1562,1494,1520,,1607,,1477,1384,,,,,3410,,3305,,2217,,3567,4641,3796,,3903,,3945,5240,,,,
32.09472222,,800,,1224,,874,,1001,,1321,,878,,1498,,1606,,1508,,1585,,4558,,5104,,6034,,7064,,8575,,6151,,4605,,5325,,4672,,5014,,1049,,2148,,1290,,4484,,4116,,1024,,1995,,2080,,1279,,909,,3503,,10361,,5311,,3983,,4385,,4693,,5313,,5866,,5527,,1038,,1294,,1244,,900,,1023,,913,,1208,,1245,,1646,,1800,,2923,,5812,,4601,,7034,,6402,,4411,,10194,,8986,,4612,,4325,,3580,,4927,,5165,,5210,,5325,,4594,,6063,,6367,,8255,,8992,,5544,,7171,,6090,,7426,,5008,,6607,,7003,,8529,,4775,,2281,,1792,,2674,,,,1971,,2265,,,1829,1936,2002,2110,,2971,,3139,,3097,,,,3620,,4089,,,3469,3927,4913,5927
33.93222222,1768,,1299,,1871,,1459,,1149,,2354,,1633,,1409,,1272,,982,,5334,,5150,,6680,,3701,,5585,,9530,,4655,,6818,,5214,,8218,,2358,,1641,,3432,,2102,,2124,,991,,1574,,2223,,824,,3197,,3723,,2953,,8227,,4648,,3952,,3869,,5931,,3170,,7064,,2035,,1453,,1669,,1628,,1076,,1709,,1723,,1435,,1324,,1141,,4548,,5280,,5846,,4604,,5051,,9952,,4200,,6119,,4875,,6724,,4495,,6676,,11582,,6557,,5821,,14544,,5118,,6583,,6341,,7618,,6766,,5491,,6877,,6276,,5083,,6499,,7021,,8955,,12788,,1698,,2264,,2225,,1914,1877,2105,,2105,,1825,1937,,,,,4099,,3607,,2692,,3921,5998,4486,,4142,,4152,6623,,,,
34.09472222,,987,,1488,,1324,,1438,,1548,,1156,,1821,,1944,,1749,,1853,,4772,,5409,,6183,,7175,,9314,,6226,,5041,,5860,,4927,,5110,,1296,,2151,,1818,,4233,,3952,,1199,,2046,,2088,,1471,,1199,,3629,,9107,,5312,,3949,,4433,,4201,,5053,,5146,,4885,,1573,,1662,,1476,,1243,,1330,,1220,,1625,,1614,,2272,,2231,,3089,,5959,,4659,,6998,,6986,,4884,,10890,,9735,,5057,,4835,,3866,,5502,,5683,,5737,,6030,,5392,,6969,,7277,,10390,,11675,,5538,,7400,,7663,,11598,,6216,,6825,,7931,,12832,,5509,,3325,,2346,,3478,,,,2656,,2856,,,2263,2419,2449,2645,,3352,,3665,,2860,,,,3801,,4584,,,3512,3979,6070,6506
35.93222222,1996,,1398,,1995,,1624,,1119,,2561,,1691,,1467,,1330,,1196,,5145,,4884,,6186,,3622,,5137,,9045,,4248,,6129,,4711,,7405,,2342,,1561,,3141,,2053,,2079,,1030,,1555,,1975,,898,,3183,,3335,,2387,,6445,,3809,,3026,,3070,,4469,,2407,,5276,,2313,,1489,,1681,,1790,,1190,,1965,,1727,,1580,,1541,,1329,,4797,,4927,,5584,,4521,,4738,,9900,,3881,,5597,,4719,,6176,,5047,,7560,,13407,,7214,,6757,,16662,,5543,,7593,,6985,,8972,,7524,,6121,,7688,,7006,,5789,,7797,,8274,,10397,,15774,,2151,,2510,,2693,,2155,2183,2297,,2354,,1935,2159,,,,,4653,,3976,,2762,,4102,7215,5045,,4036,,4135,7365,,,,
36.09472222,,1119,,1634,,1531,,1556,,1349,,1408,,1948,,2103,,2001,,2063,,4419,,5032,,5772,,6589,,8704,,5853,,5074,,5546,,4732,,4644,,1619,,2117,,1948,,3995,,3664,,1393,,1934,,2042,,1792,,1145,,2924,,6815,,3866,,3551,,3940,,3312,,3855,,3947,,3649,,1671,,1871,,1695,,1442,,1462,,1507,,1714,,1787,,2389,,2501,,2892,,5635,,4611,,6397,,6520,,4618,,10340,,9494,,5176,,4841,,4335,,5891,,6374,,6322,,6995,,5988,,7958,,8588,,11995,,13159,,6003,,8266,,8593,,14088,,6875,,7771,,9123,,15501,,6623,,3716,,2486,,3778,,,,3140,,3166,,,2691,2711,2801,3005,,3938,,4324,,3108,,,,4198,,4844,,,3831,4097,7106,7267
37.93222222,2160,,1372,,1990,,1580,,1174,,2402,,1775,,1423,,1273,,1282,,4649,,4092,,5080,,3478,,4393,,7443,,3504,,5121,,3885,,6141,,2499,,1510,,2878,,1922,,1802,,1193,,1464,,1773,,967,,2941,,2882,,1716,,4651,,3031,,2160,,2366,,3080,,1927,,3639,,2420,,1490,,1717,,1901,,1099,,1980,,1791,,1467,,1575,,1471,,4640,,4589,,5040,,4523,,4382,,8978,,3632,,5226,,4433,,5643,,5525,,8014,,14557,,7828,,7190,,17548,,5873,,8253,,7609,,9780,,7929,,6668,,8320,,7754,,6672,,8720,,9315,,11054,,16623,,2297,,2570,,2774,,2055,2346,2522,,2407,,1869,2094,,,,,4884,,4505,,2816,,4481,7423,5289,,4153,,3850,7506,,,,
38.09472222,,1338,,1545,,1566,,1491,,1666,,1460,,1867,,2001,,2068,,1987,,3898,,4397,,4233,,5575,,7146,,4830,,4739,,5123,,4210,,3814,,1745,,1795,,1840,,3383,,3275,,1504,,1838,,1926,,1820,,1223,,2202,,4260,,2751,,3092,,3327,,2607,,2868,,2696,,2568,,1679,,1896,,1685,,1442,,1444,,1687,,1608,,1662,,2436,,2371,,2792,,5081,,4007,,5588,,5910,,4206,,9488,,8413,,4758,,4729,,4626,,6069,,6737,,7216,,7444,,6699,,8709,,9314,,12500,,14316,,7003,,9528,,9708,,14979,,7418,,8477,,9945,,17045,,7051,,3927,,2493,,3720,,,,3071,,3234,,,2548,2732,2884,2936,,4295,,4827,,2933,,,,4526,,5351,,,4297,4445,7620,7609
39.93222222,2229,,1378,,1771,,1599,,1143,,2354,,1628,,1347,,1213,,1376,,4291,,3213,,3757,,3103,,3291,,5561,,2670,,4111,,2955,,4675,,2715,,1404,,3041,,1906,,1627,,1323,,1343,,1687,,953,,2592,,2597,,1374,,3752,,2500,,1671,,1901,,2346,,1506,,2781,,2535,,1376,,1547,,1913,,1109,,1857,,1874,,1430,,1381,,1510,,4749,,4254,,4606,,4472,,4014,,8072,,3378,,4739,,4074,,5261,,5825,,8401,,15120,,8361,,7497,,18687,,6183,,8558,,7948,,9846,,8226,,6474,,8318,,7733,,6627,,8084,,8872,,10328,,15536,,2595,,2585,,2610,,1954,2310,2515,,2237,,1833,1856,,,,,5223,,4818,,2852,,4679,7677,5554,,4340,,3333,7527,,,,
40.09472222,,1299,,1529,,1427,,1442,,1406,,1593,,1788,,1804,,2122,,2001,,3006,,3562,,3230,,4408,,5566,,3721,,4343,,4599,,3502,,3013,,1639,,1796,,1771,,3487,,3470,,1642,,1857,,1978,,1795,,1432,,1747,,3129,,2048,,2717,,2774,,2001,,2123,,1950,,1915,,1726,,1905,,1734,,1409,,1389,,1608,,1478,,1492,,2293,,2196,,2498,,4533,,3640,,4869,,5500,,3837,,8833,,7844,,4773,,4363,,4898,,6456,,7173,,7049,,7805,,6980,,9195,,9832,,13297,,14682,,7494,,9069,,9430,,14294,,7408,,8050,,9352,,15932,,6735,,3727,,2517,,3448,,,,3056,,3184,,,2450,2500,2538,2755,,4894,,4994,,3027,,,,4777,,5571,,,4776,4950,7712,7847
41.93222222,2178,,1255,,1592,,1434,,1115,,2167,,1653,,1268,,1074,,1290,,3802,,2458,,2840,,2561,,2765,,4195,,1992,,3315,,2428,,3820,,2913,,1353,,3220,,1994,,1440,,1652,,1419,,1728,,1099,,2391,,2313,,1167,,3339,,2067,,1406,,1562,,1930,,1334,,2321,,2525,,1329,,1533,,1781,,1057,,1805,,1848,,1288,,1381,,1403,,4843,,4033,,4133,,4265,,3865,,7979,,3195,,4524,,3932,,4724,,6068,,8486,,15164,,8643,,7232,,18877,,6572,,8206,,8039,,9387,,7738,,5869,,7212,,6082,,5148,,5749,,6617,,8039,,11765,,2608,,2308,,2351,,1859,2262,2507,,2067,,1675,1946,,,,,5162,,5029,,2863,,4823,7419,5536,,4584,,3096,7349,,,,
42.09472222,,1277,,1344,,1344,,1298,,1408,,1561,,1798,,1790,,2088,,1805,,2265,,2642,,2433,,3410,,4300,,2725,,3762,,3857,,2740,,2222,,1465,,1798,,1506,,3520,,3683,,1903,,1938,,2034,,1498,,1539,,1447,,2496,,1751,,2413,,2385,,1661,,1614,,1663,,1599,,1630,,1883,,1572,,1250,,1250,,1471,,1310,,1461,,2122,,2056,,2194,,4070,,3164,,4250,,5176,,3400,,8311,,7507,,4724,,4158,,4924,,6579,,7259,,7092,,7937,,6886,,8895,,9476,,13102,,14520,,6327,,6658,,6918,,10682,,6231,,6170,,6957,,11802,,5198,,3349,,2315,,3222,,,,2757,,3073,,,2175,2354,2337,2395,,5167,,4965,,3212,,,,4847,,5650,,,5070,5258,7575,7762
43.93222222,2076,,1180,,1409,,1264,,979,,1921,,1508,,1186,,1009,,1229,,3090,,2097,,2378,,2242,,2186,,3378,,1850,,2656,,2010,,3099,,3020,,1359,,3149,,2057,,1321,,1785,,1464,,1755,,1312,,2118,,2018,,1025,,2856,,1703,,1255,,1304,,1679,,1139,,1942,,2372,,1198,,1389,,1665,,927,,1525,,1676,,1146,,1286,,1275,,4627,,3725,,3833,,3857,,3520,,7360,,3042,,3912,,3628,,4437,,5815,,7709,,13652,,8058,,6395,,16172,,5959,,7043,,7417,,7866,,5839,,4246,,4999,,3912,,3236,,3432,,4055,,4994,,6609,,2405,,2138,,2180,,1687,2045,2296,,1791,,1513,1791,,,,,4933,,4728,,2819,,4759,6195,5155,,4357,,2862,6510,,,,
44.09472222,,1123,,1252,,1115,,1174,,1310,,1396,,1584,,1632,,2025,,1794,,1885,,2157,,1994,,2874,,3641,,2184,,3322,,3153,,2413,,1952,,1280,,1823,,1437,,3626,,3805,,2031,,2082,,2173,,1421,,1534,,1307,,2145,,1567,,2363,,2211,,1425,,1449,,1344,,1485,,1314,,1734,,1462,,1143,,1201,,1371,,1207,,1290,,1930,,1885,,2086,,3712,,3108,,3917,,4774,,3105,,7472,,6881,,4440,,3984,,4642,,6443,,7224,,6111,,7582,,6056,,7693,,8438,,11686,,12779,,4394,,4271,,4345,,6408,,4761,,3932,,4168,,7041,,3312,,2907,,2049,,2941,,,,2628,,2836,,,1992,2027,2007,2153,,5157,,4692,,3301,,,,4607,,5428,,,5151,5353,6782,7390
45.93222222,1997,,1108,,1302,,1203,,934,,1759,,1508,,1101,,1022,,1122,,3102,,2122,,2366,,2179,,2189,,3332,,1870,,2398,,2096,,2979,,3094,,1286,,3290,,2040,,1317,,1754,,1456,,1751,,1474,,2079,,2002,,972,,2609,,1744,,1135,,1316,,1563,,1009,,1908,,2263,,1198,,1326,,1549,,857,,1419,,1646,,1088,,1215,,1136,,4484,,3451,,3652,,3845,,3246,,7052,,2919,,3897,,3461,,4310,,5183,,6737,,10884,,7639,,5370,,12523,,5439,,5659,,6429,,6374,,3937,,3013,,3025,,2429,,1853,,1976,,2316,,2913,,3792,,2369,,2012,,1922,,1575,1963,2112,,1773,,1378,1517,,,,,4421,,4419,,2835,,4497,5429,4685,,4379,,2986,5661,,,,
46.09472222,,1079,,1277,,1095,,1124,,1216,,1287,,1497,,1556,,1990,,1770,,1824,,2249,,2029,,2890,,3253,,2164,,3052,,3107,,2421,,2034,,1309,,1931,,1347,,3892,,3911,,1876,,2177,,2222,,1296,,1377,,1287,,1922,,1471,,2200,,2162,,1396,,1295,,1232,,1345,,1286,,1600,,1415,,1088,,1089,,1254,,1151,,1209,,1772,,1695,,2084,,3669,,2926,,3706,,4580,,3033,,6993,,6439,,4484,,3833,,4056,,6465,,6844,,5355,,6741,,5305,,6777,,7165,,9684,,10428,,2874,,2510,,2501,,3876,,3064,,2423,,2432,,3905,,2083,,2771,,2047,,2743,,,,2513,,2683,,,1874,1947,1834,2004,,5075,,4561,,3451,,,,4824,,5411,,,5227,5251,6081,6969
47.93222222,2039,,1162,,1288,,1193,,915,,1757,,1404,,1166,,994,,1072,,3059,,2514,,2768,,2320,,2548,,3826,,2274,,2618,,2563,,3256,,3233,,1360,,3638,,2363,,1394,,1732,,1619,,1854,,1508,,2270,,1998,,1051,,2575,,1687,,1073,,1358,,1622,,1020,,1817,,2330,,1144,,1346,,1550,,938,,1337,,1742,,1117,,1155,,1025,,4468,,3494,,3552,,3917,,3404,,6956,,2911,,3850,,3585,,4341,,4506,,5577,,8554,,6749,,4355,,9240,,4855,,4604,,5556,,4919,,2664,,2030,,1954,,1556,,1177,,1132,,1304,,1775,,2299,,2377,,2104,,1836,,1606,1786,2139,,1738,,1406,1612,,,,,4356,,4557,,2923,,4574,5034,4643,,4544,,3181,5841,,,,
48.09472222,,944,,1242,,1045,,1099,,1190,,1150,,1479,,1432,,2021,,1813,,2047,,2505,,2694,,3420,,3356,,2399,,3216,,3291,,2608,,2516,,1243,,1930,,1322,,4064,,4115,,1715,,2336,,2288,,1343,,1414,,1222,,1926,,1422,,2274,,2149,,1402,,1360,,1202,,1355,,1220,,1620,,1413,,1073,,1064,,1126,,1171,,1213,,1615,,1597,,2127,,3581,,3042,,3509,,4433,,3050,,6571,,6282,,4499,,3823,,3728,,5788,,6168,,4592,,5715,,4172,,5451,,5854,,7514,,8015,,1753,,1384,,1515,,2256,,2032,,1448,,1484,,2287,,1354,,2575,,1766,,2692,,,,2443,,2633,,,1857,2038,1830,1975,,5234,,4282,,3699,,,,4947,,5404,,,5212,5363,5832,7066
49.93222222,1939,,1061,,1208,,1169,,877,,1613,,1525,,1071,,1035,,1077,,3216,,3010,,3474,,2480,,2676,,4694,,2933,,2822,,3333,,3723,,3096,,1395,,3560,,2272,,1446,,1589,,1667,,1926,,1405,,2302,,2074,,1046,,2553,,1654,,1108,,1327,,1612,,1078,,1805,,2360,,1167,,1332,,1526,,848,,1205,,1588,,1068,,1092,,1083,,4169,,3441,,3513,,3879,,3045,,6758,,2913,,3669,,3559,,4316,,3922,,4309,,6264,,5796,,3365,,6502,,4072,,3742,,4564,,3948,,1974,,1443,,1421,,1085,,833,,839,,970,,1228,,1594,,2390,,1959,,1819,,1559,1721,2110,,1649,,1412,1578,,,,,4233,,4391,,3113,,4524,4553,4343,,4694,,3502,5100,,,,
50.09472222,,936,,1247,,1078,,1076,,1217,,1122,,1469,,1446,,1935,,1763,,2586,,3036,,3416,,4251,,3737,,3230,,3299,,3521,,3103,,3177,,1210,,2102,,1346,,4439,,4256,,1615,,2461,,2504,,1362,,1252,,1298,,1876,,1545,,2381,,2236,,1403,,1271,,1208,,1432,,1195,,1628,,1409,,1072,,1044,,1110,,1144,,1208,,1568,,1498,,2112,,3666,,3020,,3796,,4433,,3014,,6310,,5950,,4420,,3866,,3388,,5014,,5339,,3895,,4698,,3586,,4317,,4503,,5870,,6208,,1366,,1092,,1182,,1659,,1508,,1102,,1212,,1683,,1033,,2437,,1868,,2681,,,,2478,,2666,,,1930,2042,1898,2093,,5218,,4211,,3952,,,,4938,,5438,,,5112,5341,5525,7146
51.93222222,1975,,1090,,1327,,1237,,879,,1622,,1581,,1110,,1133,,1013,,3442,,3621,,4533,,2790,,3087,,5912,,3529,,3269,,3957,,4133,,3223,,1599,,3816,,2356,,1453,,1478,,1795,,1844,,1363,,2543,,2045,,1056,,2631,,1620,,1156,,1388,,1596,,1108,,1795,,2357,,1227,,1308,,1587,,882,,1158,,1661,,1088,,1115,,1020,,4305,,3462,,3725,,3878,,3079,,6553,,3085,,3538,,3688,,4190,,3628,,3942,,5540,,5198,,3152,,5271,,3584,,3600,,3945,,3566,,2245,,1745,,1795,,1525,,1282,,1219,,1526,,1731,,1766,,2306,,2082,,1794,,1627,1808,2109,,1864,,1476,1534,,,,,4183,,4269,,3387,,4520,4428,4010,,4877,,3783,4995,,,,
52.09472222,,971,,1280,,1080,,1159,,1280,,1159,,1408,,1435,,2069,,1867,,3515,,3427,,4494,,5043,,4222,,4226,,3665,,3992,,3494,,3832,,1276,,2052,,1399,,4669,,4144,,1501,,2505,,2605,,1450,,1342,,1388,,1901,,1619,,2475,,2198,,1494,,1414,,1283,,1431,,1221,,1533,,1402,,1049,,1142,,1124,,1162,,1126,,1538,,1472,,2068,,3669,,3178,,3627,,4257,,3142,,6057,,5689,,4462,,4001,,3006,,4593,,4833,,3577,,4309,,3483,,3852,,3925,,4817,,5362,,1725,,1688,,1948,,1962,,2175,,1814,,1902,,2596,,1482,,2577,,1873,,2827,,,,2493,,2758,,,2057,2104,1896,2112,,5116,,4143,,4050,,,,5212,,5642,,,5266,5319,5531,7341
53.93222222,2069,,1166,,1291,,1264,,899,,1644,,1600,,1156,,1098,,1085,,3750,,4020,,5341,,3051,,3582,,6796,,4128,,3637,,4472,,4611,,3021,,1619,,3676,,2539,,1537,,1525,,1907,,1909,,1287,,2566,,2130,,1117,,2708,,1620,,1241,,1473,,1636,,1231,,1751,,2380,,1151,,1296,,1616,,911,,1239,,1680,,1247,,1230,,1056,,4321,,3504,,3907,,3943,,2954,,6475,,3135,,3530,,3716,,4316,,4133,,4102,,5975,,5076,,3656,,5281,,3550,,3963,,4000,,4445,,3877,,2937,,3488,,3371,,2841,,2954,,3659,,3366,,3353,,2445,,2141,,1877,,1736,1781,2191,,1997,,1590,1505,,,,,4149,,4300,,3574,,4532,4333,4055,,4900,,4108,4742,,,,
54.09472222,,970,,1258,,1073,,1169,,1298,,1254,,1542,,1449,,1939,,1931,,4012,,4001,,5269,,5936,,4915,,4990,,4065,,4487,,3969,,4483,,1445,,2237,,1564,,4701,,3951,,1590,,2710,,2603,,1524,,1342,,1476,,2059,,1772,,2452,,2289,,1589,,1460,,1392,,1586,,1280,,1564,,1428,,1089,,1041,,1155,,1221,,1336,,1462,,1488,,2296,,3603,,3382,,3940,,4480,,3359,,6128,,5727,,4553,,4149,,3274,,4778,,5249,,3987,,4637,,3761,,4578,,4642,,5037,,6267,,3580,,4103,,4061,,3722,,4256,,4113,,4270,,6041,,3407,,2675,,1971,,3210,,,,2652,,2912,,,2221,2386,2059,2338,,4935,,4150,,4684,,,,5355,,5745,,,5397,5741,5615,7831
55.93222222,2103,,1156,,1463,,1335,,1005,,1661,,1715,,1196,,1105,,1117,,3937,,4275,,5778,,2984,,3597,,7350,,4101,,3800,,4542,,5023,,3043,,1821,,3681,,2434,,1653,,1497,,2162,,1823,,1334,,2871,,2224,,1264,,2936,,1752,,1362,,1661,,1765,,1413,,1856,,2541,,1166,,1390,,1646,,879,,1219,,1681,,1199,,1172,,1136,,4216,,3602,,4034,,4083,,2979,,6306,,3263,,3683,,3694,,4369,,5253,,5314,,7398,,5805,,4638,,6581,,3936,,5269,,4548,,6239,,6029,,4565,,5783,,5812,,5214,,5608,,6808,,5580,,6082,,2428,,2310,,2112,,1752,1944,2155,,2163,,1775,1661,,,,,4096,,4278,,3836,,4641,4202,3965,,5088,,4306,4718,,,,
56.09472222,,972,,1268,,1239,,1193,,1340,,1192,,1574,,1460,,2243,,2019,,4542,,4055,,5633,,6115,,5055,,5453,,4423,,4670,,4197,,4425,,1453,,2216,,1679,,4651,,3774,,1569,,2676,,2784,,1686,,1434,,1591,,2220,,1947,,2738,,2520,,1787,,1694,,1507,,1672,,1362,,1723,,1563,,1141,,1150,,1201,,1295,,1328,,1416,,1487,,2372,,3921,,3431,,3949,,4368,,3410,,5824,,5431,,4537,,4290,,4143,,4980,,5890,,4951,,5734,,4808,,6070,,6077,,6233,,7549,,6785,,8002,,7107,,6431,,6575,,7194,,7625,,10599,,5611,,2895,,2163,,3228,,,,2937,,3037,,,2391,2430,2157,2613,,5438,,4219,,4689,,,,5554,,5770,,,5621,5926,5278,7689
57.93222222,2244,,1237,,1430,,1353,,969,,1536,,1775,,1308,,1249,,1176,,4067,,4419,,5737,,3037,,3649,,7119,,4147,,3952,,4725,,4932,,3108,,1885,,3689,,2450,,1749,,1589,,2004,,1961,,1292,,2912,,2472,,1419,,3026,,1854,,1522,,1791,,1852,,1512,,2015,,2600,,1187,,1421,,1768,,949,,1132,,1784,,1266,,1360,,1180,,4340,,3929,,4354,,4266,,3038,,6380,,3476,,3767,,3940,,4504,,6594,,6609,,9362,,6831,,5818,,8669,,4529,,6703,,5636,,8063,,7648,,5802,,7506,,7846,,7525,,8128,,9352,,7633,,8434,,2705,,2501,,2319,,1897,1940,2294,,2421,,1903,1801,,,,,4437,,4332,,4083,,4675,4060,4076,,5441,,4731,4827,,,,
58.09472222,,1075,,1362,,1321,,1306,,1397,,1279,,1533,,1527,,2368,,2143,,4361,,4189,,5458,,6009,,5170,,5579,,4475,,4796,,4157,,4290,,1535,,2186,,1894,,4629,,3601,,1634,,2748,,2770,,1754,,1437,,1700,,2215,,2063,,3048,,2653,,1787,,1750,,1600,,1789,,1384,,1724,,1583,,1270,,1230,,1282,,1397,,1371,,1436,,1464,,2392,,4024,,3709,,4138,,4201,,3562,,5561,,5339,,4604,,4353,,5116,,5667,,6872,,6121,,6592,,5893,,7370,,7367,,7621,,9698,,8893,,11125,,9131,,8490,,7938,,9473,,10022,,14550,,7525,,3124,,2226,,3503,,,,3215,,3249,,,2529,2753,2180,2626,,5495,,4268,,4939,,,,5620,,5926,,,5556,6156,5204,7837
59.93222222,2230,,1261,,1556,,1409,,963,,1599,,1697,,1326,,1345,,1226,,4071,,4030,,5358,,2888,,3301,,6916,,3962,,3425,,4171,,4417,,2755,,1965,,3504,,2317,,1780,,1729,,2195,,1805,,1363,,2948,,2491,,1469,,3138,,1959,,1567,,1881,,1825,,1548,,1973,,2511,,1239,,1419,,1923,,935,,1174,,1947,,1304,,1327,,1237,,4232,,3663,,4259,,4053,,2838,,6096,,3438,,3389,,3921,,4652,,7341,,7019,,10586,,7378,,6432,,9279,,5026,,8029,,6009,,9438,,8301,,6201,,8244,,8684,,8571,,9738,,10737,,8745,,9805,,2826,,2496,,2453,,1921,2040,2395,,2438,,1850,1695,,,,,4357,,4259,,4279,,4566,3874,3981,,5375,,4827,4413,,,,
60.09472222,,1046,,1386,,1309,,1383,,1499,,1302,,1618,,1523,,2355,,2235,,4246,,3919,,5207,,5497,,4937,,5194,,4596,,4719,,3945,,4047,,1653,,2223,,1944,,4361,,3589,,1781,,2751,,2900,,1900,,1652,,1729,,2476,,2286,,3107,,2932,,1976,,1955,,1725,,1950,,1411,,1771,,1676,,1318,,1274,,1247,,1354,,1378,,1458,,1559,,2535,,4108,,3671,,4289,,4444,,3666,,5520,,5187,,4576,,4513,,6002,,6140,,7544,,6808,,7375,,6756,,8680,,8588,,8554,,10976,,10315,,13455,,10678,,10216,,8861,,10710,,11568,,17233,,9142,,3377,,2190,,3755,,,,3377,,3566,,,2617,2841,2284,2761,,5646,,4278,,5207,,,,5613,,5955,,,5587,6216,5256,7788
61.93222222,2442,,1222,,1567,,1495,,969,,1516,,1875,,1361,,1332,,1327,,3899,,3760,,4579,,2732,,3035,,6075,,3464,,3072,,3965,,4035,,2772,,1968,,3163,,2276,,1741,,1766,,2129,,1594,,1364,,2816,,2679,,1620,,3204,,1964,,1587,,1931,,1750,,1684,,2046,,2585,,1279,,1394,,1946,,935,,1109,,1854,,1348,,1218,,1331,,4398,,3525,,4446,,4181,,2722,,5795,,3530,,3378,,3998,,4572,,8493,,7133,,10843,,7793,,6644,,9318,,5248,,9156,,6309,,10173,,8496,,6232,,8215,,8784,,9364,,11160,,11269,,8738,,9818,,2902,,2617,,2636,,1808,2058,2407,,2613,,2036,1719,,,,,4424,,4160,,4389,,4387,3698,3898,,5142,,4897,4204,,,,
62.09472222,,1138,,1483,,1355,,1436,,1469,,1404,,1614,,1473,,2462,,2288,,3797,,3569,,4710,,5058,,4276,,4567,,4398,,4536,,3839,,3809,,1746,,2082,,2011,,4193,,3139,,1921,,2655,,2854,,2078,,1704,,1893,,2550,,2378,,3294,,2978,,2126,,1998,,1785,,2149,,1529,,1774,,1752,,1288,,1315,,1347,,1436,,1426,,1463,,1518,,2609,,4152,,3843,,4320,,4165,,3841,,5265,,4920,,4385,,4563,,6554,,6355,,8138,,7375,,7592,,7594,,9341,,8870,,9056,,11344,,11045,,13982,,11048,,10431,,9052,,10898,,12041,,17564,,9615,,3532,,2210,,3592,,,,3360,,3632,,,2774,2933,2278,2927,,5707,,4277,,5508,,,,5485,,5689,,,5510,6192,4821,7631
63.93222222,2400,,1223,,1649,,1581,,910,,1628,,1864,,1360,,1377,,1405,,3906,,3548,,4288,,2550,,2675,,5518,,3259,,2929,,3721,,3613,,2797,,1989,,3065,,2209,,1744,,2178,,2178,,1711,,1493,,2700,,2653,,1707,,3138,,2038,,1659,,2069,,1924,,1877,,2054,,2801,,1291,,1482,,1984,,936,,1126,,1851,,1351,,1262,,1366,,4486,,3615,,4522,,4095,,2634,,5802,,3819,,3334,,3934,,4475,,8823,,7211,,10820,,8044,,6614,,8859,,5250,,9872,,6355,,10775,,8297,,5991,,7931,,8304,,9113,,11715,,10834,,8458,,9239,,3030,,2768,,2775,,1837,1943,2410,,2691,,2091,1744,,,,,4464,,4047,,4559,,4270,3617,3747,,5005,,4886,4202,,,,
64.09472222,,1159,,1526,,1329,,1442,,1460,,1483,,1589,,1538,,2614,,2334,,3673,,3340,,4275,,4738,,3909,,4199,,4322,,4510,,3577,,3491,,1889,,2090,,2128,,3940,,3051,,2020,,2571,,2840,,2173,,1761,,2044,,2587,,2618,,3574,,3269,,2194,,2221,,1889,,2295,,1575,,1831,,1833,,1364,,1343,,1350,,1428,,1427,,1549,,1583,,2641,,4194,,3976,,4312,,4165,,3842,,4995,,4891,,4537,,4686,,6885,,6657,,8184,,7562,,7511,,8154,,9459,,9276,,8889,,11630,,11053,,13958,,10579,,10067,,8817,,10587,,11752,,16975,,9691,,3740,,2323,,3849,,,,3537,,3800,,,2740,3005,2473,2948,,5961,,4345,,5952,,,,5483,,5538,,,5473,6173,5034,7389
65.93222222,2596,,1185,,1656,,1734,,950,,1594,,1996,,1372,,1333,,1426,,3954,,3411,,4069,,2443,,2577,,5293,,3181,,2625,,3757,,3295,,2894,,2074,,2760,,2106,,1725,,2136,,2225,,1621,,1581,,2692,,2730,,1834,,3147,,2060,,1762,,2118,,1977,,1892,,1995,,2813,,1329,,1474,,1990,,930,,1127,,1797,,1373,,1294,,1352,,4400,,3595,,4826,,4135,,2560,,5566,,3689,,3263,,3977,,4563,,8802,,6900,,10838,,8036,,6605,,8311,,5159,,10022,,6149,,10783,,7388,,5311,,6836,,7216,,8056,,10759,,9416,,7197,,7875,,3070,,2667,,2899,,1786,1872,2398,,2642,,2057,1673,,,,,4343,,3973,,4624,,4271,3455,3813,,5117,,4774,4198,,,,
66.09472222,,1232,,1456,,1448,,1516,,1508,,1605,,1540,,1449,,2616,,2402,,3662,,3116,,4360,,4485,,3639,,4109,,4230,,4280,,3481,,3466,,1974,,2025,,2152,,3832,,2817,,2025,,2708,,2736,,2199,,1900,,2102,,2694,,2833,,3624,,3352,,2275,,2229,,2000,,2404,,1549,,1777,,1810,,1412,,1379,,1447,,1433,,1440,,1506,,1476,,2727,,4379,,4056,,4440,,4049,,3981,,4821,,4816,,4470,,4814,,7082,,6831,,8164,,7558,,7312,,8249,,9319,,9137,,8567,,11415,,9933,,11976,,8882,,8690,,7494,,9314,,10029,,14600,,8896,,3840,,2146,,3814,,,,3382,,3567,,,2855,2962,2430,3014,,5948,,4359,,6319,,,,5412,,5488,,,5410,6088,4827,7331
67.93222222,2620,,1253,,1711,,1682,,906,,1480,,2016,,1400,,1362,,1451,,4063,,3456,,4499,,2413,,2571,,5092,,3474,,2636,,3767,,3170,,2858,,1956,,2973,,2129,,1686,,2264,,2392,,1580,,1758,,2566,,2798,,1996,,3269,,2151,,1782,,2193,,2046,,1994,,2098,,2857,,1351,,1492,,2057,,909,,1183,,1895,,1409,,1305,,1527,,4530,,3445,,4888,,4103,,2598,,5522,,3843,,3087,,4023,,4608,,8900,,6526,,9748,,7985,,6169,,7617,,5109,,9823,,5732,,10317,,6172,,4458,,5390,,5530,,5974,,8404,,6921,,5368,,6072,,3253,,2759,,2912,,1932,1943,2460,,2757,,2183,1627,,,,,4460,,3828,,4723,,4178,3464,3738,,4965,,4934,4078,,,,
68.09472222,,1185,,1456,,1478,,1597,,1511,,1660,,1558,,1454,,2751,,2492,,3782,,3254,,4651,,4587,,3604,,4184,,4126,,4315,,3201,,3578,,2039,,2036,,2217,,3671,,2714,,2278,,2530,,2764,,2206,,1928,,2382,,2772,,2956,,3873,,3469,,2375,,2368,,2051,,2497,,1638,,1770,,1911,,1457,,1341,,1517,,1475,,1488,,1495,,1432,,2736,,4121,,4140,,4578,,4049,,4250,,4646,,4630,,4325,,4645,,6890,,6701,,7983,,7260,,6999,,8000,,8674,,8508,,7983,,10571,,8043,,8983,,6745,,6718,,6126,,7082,,7319,,10487,,6895,,4007,,2203,,3898,,,,3466,,3855,,,2978,3041,2470,3020,,5999,,4652,,6876,,,,5511,,5578,,,5519,5913,4840,6992
69.93222222,2747,,1189,,1736,,1746,,969,,1396,,2067,,1355,,1422,,1490,,4249,,3647,,5005,,2446,,2547,,5286,,3826,,2613,,4087,,3276,,3059,,2172,,2941,,2017,,1619,,2411,,2232,,1533,,1807,,2492,,3027,,2035,,3213,,2297,,1830,,2320,,2002,,2171,,2054,,2862,,1310,,1417,,2206,,933,,1070,,1911,,1513,,1304,,1502,,4680,,3437,,5057,,4054,,2480,,5686,,4001,,3107,,4028,,4730,,8786,,5992,,9092,,7519,,5588,,6962,,4861,,9211,,5338,,9392,,5067,,3661,,4351,,3945,,4124,,5733,,4766,,3802,,4078,,3312,,2691,,3077,,1847,1844,2435,,2703,,2104,1652,,,,,4664,,3979,,4812,,4167,3368,3928,,5062,,4857,4148,,,,
70.09472222,,1295,,1535,,1558,,1489,,1508,,1649,,1537,,1481,,2898,,2547,,4246,,3257,,5283,,4964,,3578,,4748,,4486,,4504,,3511,,4007,,2123,,1893,,2458,,3695,,2679,,2314,,2593,,2761,,2317,,2167,,2488,,2696,,3143,,4048,,3787,,2451,,2562,,2195,,2687,,1709,,1835,,1987,,1526,,1522,,1552,,1487,,1463,,1512,,1501,,2858,,4277,,4254,,4592,,3983,,4377,,4793,,4769,,4420,,4909,,7004,,6666,,7685,,7066,,6614,,7753,,8193,,7856,,7295,,9680,,5968,,6363,,4750,,4806,,5116,,5163,,5104,,7309,,5184,,4172,,2041,,4242,,,,3535,,3838,,,2920,3192,2421,3190,,6213,,4770,,6872,,,,5612,,5623,,,5363,6005,4787,7258
71.93222222,2958,,1291,,1765,,1762,,972,,1500,,2139,,1340,,1426,,1628,,4569,,3957,,5861,,2610,,2628,,5607,,4376,,2704,,4538,,3413,,3232,,2157,,3064,,2123,,1678,,2499,,2371,,1511,,1905,,2454,,3279,,2301,,3288,,2365,,1875,,2451,,2088,,2183,,2102,,3081,,1370,,1413,,2250,,971,,1055,,1898,,1591,,1255,,1621,,5052,,3558,,5078,,4228,,2471,,5569,,4216,,3128,,4162,,4801,,8289,,5292,,7623,,7265,,4888,,6308,,4434,,7931,,4830,,8009,,4233,,3059,,3290,,2994,,2752,,3726,,3132,,2743,,2790,,3617,,2759,,3271,,1915,1826,2458,,2924,,2204,1678,,,,,5023,,3982,,5101,,4274,3566,3941,,5279,,5180,4062,,,,
72.09472222,,1445,,1581,,1550,,1696,,1565,,1649,,1514,,1415,,3070,,2670,,4715,,3492,,5934,,5260,,3692,,5471,,4655,,4789,,3615,,4294,,2361,,1890,,2519,,3781,,2602,,2445,,2664,,2810,,2361,,2279,,2741,,2821,,3314,,4137,,3887,,2615,,2720,,2224,,2873,,1768,,1812,,2034,,1503,,1486,,1640,,1566,,1540,,1638,,1564,,3004,,4476,,4338,,4970,,3963,,4622,,4619,,4729,,4591,,4902,,6403,,6468,,7174,,6407,,6088,,6981,,7181,,6906,,6621,,8381,,4252,,3957,,3205,,3452,,3882,,3529,,3493,,4596,,3725,,4142,,2075,,4091,,,,3684,,3870,,,2998,3171,2566,3203,,6384,,5134,,6914,,,,5786,,5668,,,5532,6198,4837,7316
73.93222222,2954,,1216,,1802,,1808,,947,,1380,,2154,,1305,,1398,,1560,,5002,,4181,,6160,,2634,,2703,,5900,,4656,,2737,,4640,,3486,,3170,,2172,,2997,,2031,,1528,,2513,,2462,,1471,,2053,,2338,,3547,,2264,,3096,,2246,,1851,,2443,,2047,,2370,,2003,,2998,,1331,,1373,,2277,,946,,1102,,1881,,1390,,1304,,1674,,5103,,3373,,5246,,4198,,2323,,5389,,4309,,3017,,3938,,4575,,7467,,4466,,6106,,6257,,4090,,5073,,3766,,6536,,4052,,6411,,3387,,2376,,2444,,2128,,1796,,2294,,2041,,1879,,1938,,3770,,2770,,3156,,1806,1900,2475,,2732,,2150,1642,,,,,4959,,3833,,5119,,4105,3317,3808,,5240,,5123,3770,,,,
74.09472222,,1360,,1627,,1635,,1662,,1579,,1671,,1407,,1420,,3144,,2532,,4978,,3550,,6207,,5320,,3629,,5946,,4881,,4770,,3695,,4512,,2321,,1929,,2584,,3619,,2430,,2450,,2601,,2801,,2280,,2339,,2727,,2722,,3237,,4301,,3913,,2714,,2696,,2255,,2880,,1718,,1864,,2018,,1547,,1442,,1683,,1498,,1396,,1552,,1355,,2979,,4311,,4405,,4797,,3907,,4617,,4567,,4503,,4448,,4720,,6017,,6155,,6599,,5465,,5313,,6001,,5964,,5678,,5285,,7017,,2942,,2572,,2206,,2436,,2851,,2464,,2372,,3068,,2539,,4245,,1952,,4030,,,,3624,,3816,,,3085,3212,2451,3113,,6566,,5504,,6722,,,,5685,,5767,,,5441,6118,4586,7256
75.93222222,3132,,1190,,1787,,1803,,897,,1351,,2092,,1467,,1360,,1678,,5868,,4269,,6859,,2687,,2668,,6177,,4869,,2876,,4828,,3560,,3172,,2231,,2954,,2068,,1509,,2578,,2342,,1456,,2124,,2147,,3876,,2351,,3089,,2146,,1730,,2443,,1970,,2338,,1897,,3199,,1304,,1368,,2328,,914,,1056,,1948,,1513,,1180,,1726,,5420,,3427,,5402,,4306,,2353,,5411,,4416,,3034,,4060,,4650,,7374,,3879,,5249,,5928,,3590,,4111,,3459,,5785,,3643,,5476,,3084,,2166,,2159,,1858,,1548,,1689,,1882,,1719,,1762,,4211,,2732,,3191,,1855,1970,2473,,2934,,2256,1631,,,,,5317,,3785,,5071,,4029,3248,3800,,5210,,5289,3895,,,,
76.09472222,,1400,,1641,,1648,,1760,,1470,,1855,,1541,,1402,,3520,,2592,,5318,,3649,,6361,,5607,,3849,,6629,,5042,,4934,,3732,,4570,,2388,,1963,,2515,,3595,,2441,,2575,,2602,,2896,,2277,,2326,,2858,,2712,,3561,,4538,,4202,,2698,,2732,,2289,,3057,,1805,,1879,,1965,,1564,,1485,,1671,,1469,,1505,,1569,,1441,,3016,,4332,,4494,,4958,,3905,,4879,,4374,,4434,,4458,,5044,,5802,,5899,,6250,,4887,,4783,,5335,,5285,,5124,,4715,,5868,,2507,,2176,,2128,,2265,,2683,,2274,,2152,,2878,,1921,,4246,,2015,,4190,,,,3765,,3822,,,3109,3448,2445,3279,,6862,,6138,,6915,,,,5899,,5833,,,5480,6184,4628,7331
77.93222222,3456,,1192,,1749,,1886,,917,,1285,,2131,,1375,,1365,,1805,,6558,,4441,,7281,,2810,,2722,,6303,,4748,,2802,,4683,,3462,,3414,,2114,,2830,,2065,,1486,,2536,,2415,,1427,,2162,,2174,,4180,,2408,,2937,,2269,,1795,,2501,,2002,,2444,,1908,,3181,,1244,,1447,,2551,,884,,1101,,1947,,1499,,1282,,1693,,5793,,3366,,5341,,4230,,2313,,5204,,4457,,2891,,3995,,4617,,7758,,3325,,4424,,5448,,3437,,3502,,3343,,5353,,3302,,5055,,3963,,2639,,2855,,2554,,2286,,2200,,2796,,2307,,2202,,4516,,2676,,3277,,1841,1927,2517,,2998,,2157,1509,,,,,5587,,3688,,5316,,4052,3167,3862,,5150,,5301,3744,,,,
78.09472222,,1409,,1511,,1659,,1630,,1511,,1818,,1489,,1394,,3664,,2599,,5350,,3629,,6461,,5593,,3669,,6567,,5186,,5050,,3750,,4539,,2456,,1799,,2533,,3318,,2334,,2629,,2505,,2808,,2291,,2258,,2952,,2573,,3494,,4386,,4469,,2611,,2680,,2205,,3109,,1737,,1793,,2063,,1568,,1460,,1677,,1532,,1373,,1571,,1374,,3029,,4261,,4617,,4816,,3851,,4806,,4287,,4421,,4238,,4792,,5405,,5660,,6035,,4880,,4367,,4797,,4919,,4727,,3935,,5076,,3291,,3213,,3134,,3010,,3464,,3210,,3321,,4372,,2618,,4446,,1925,,3981,,,,3642,,3819,,,3151,3326,2340,3211,,6827,,6666,,6838,,,,5939,,5679,,,5360,6147,4507,7157
79.93222222,3906,,1211,,1738,,1904,,899,,1282,,2119,,1286,,1354,,1722,,7326,,4308,,7702,,2598,,2758,,6303,,4587,,2741,,4502,,3238,,3506,,2175,,2730,,2088,,1409,,2709,,2393,,1299,,2240,,2053,,5414,,2532,,2789,,2135,,1809,,2397,,1878,,2538,,1848,,3197,,1260,,1356,,2617,,853,,935,,1957,,1535,,1267,,1687,,6164,,3172,,5394,,4178,,2270,,4963,,4667,,2849,,3799,,4374,,7653,,3555,,4330,,5574,,3570,,3281,,3217,,5640,,3288,,5705,,5913,,3732,,4192,,4148,,4139,,4510,,5067,,3429,,3298,,5600,,2735,,3236,,1772,1810,2466,,2992,,2274,1532,,,,,5998,,3720,,5278,,3948,2977,3731,,5225,,5225,3545,,,,
80.09472222,,1435,,1502,,1741,,1751,,1480,,1935,,1442,,1342,,3372,,2835,,5300,,3486,,6344,,5328,,3558,,6520,,5554,,5205,,3660,,4413,,2556,,1753,,2629,,3357,,2133,,2978,,2579,,2741,,2164,,2308,,3012,,2435,,3625,,4561,,5054,,2641,,2768,,2203,,3088,,1857,,1802,,2091,,1643,,1426,,1803,,1499,,1319,,1509,,1298,,3022,,4129,,4715,,4902,,3685,,4862,,4041,,4188,,4309,,4700,,5909,,6207,,6409,,5032,,4411,,5065,,5413,,4797,,3869,,5141,,5759,,6039,,5176,,4648,,5222,,5423,,5775,,7580,,4971,,4626,,1942,,4038,,,,3540,,3862,,,3151,3384,2385,3248,,7153,,7939,,6813,,,,5917,,5595,,,5371,6107,4200,7041
81.93222222,3724,,1161,,1748,,1916,,875,,1293,,2046,,1335,,1445,,1689,,6810,,4462,,7248,,2655,,2735,,6106,,4516,,2642,,4442,,3176,,3939,,2106,,2661,,2028,,1465,,2663,,2330,,1316,,2345,,1942,,4650,,2397,,2771,,2077,,1834,,2483,,1762,,2565,,1783,,3440,,1193,,1321,,3088,,925,,963,,1886,,1480,,1277,,1716,,7480,,3247,,5447,,4172,,2299,,4938,,4752,,2841,,3761,,4364,,9398,,4067,,5170,,6401,,4059,,3855,,3445,,6692,,3553,,6738,,7856,,4781,,5585,,5777,,6323,,8152,,7385,,4496,,4258,,5320,,2677,,3445,,1759,1800,2508,,3040,,2174,1451,,,,,6597,,3576,,5147,,3898,2920,3592,,5263,,5378,3452,,,,
82.09472222,,1469,,1575,,1668,,1702,,1467,,2000,,1419,,1281,,3341,,3527,,5118,,3349,,6089,,5039,,3411,,6416,,5533,,5503,,3740,,4209,,2465,,1748,,2551,,3275,,2102,,3014,,2396,,2769,,2187,,2400,,2893,,2412,,3527,,5011,,4582,,2700,,2743,,2160,,3245,,1834,,1768,,2009,,1496,,1403,,1868,,1384,,1362,,1671,,1303,,3207,,4151,,4617,,4741,,3615,,5248,,3920,,4199,,4258,,4783,,8339,,8419,,7726,,5545,,4721,,5896,,5958,,5490,,4235,,5752,,8473,,9235,,6793,,6288,,6995,,7728,,7842,,10941,,7905,,4881,,1725,,4108,,,,3680,,3745,,,3145,3310,2342,3236,,7275,,8992,,6810,,,,5664,,5561,,,5285,5845,4067,7017
83.93222222,3738,,1153,,1699,,1957,,866,,1231,,2014,,1215,,1271,,1701,,6508,,3992,,6660,,2533,,2436,,5986,,4382,,2446,,4412,,2948,,4271,,2064,,2637,,2029,,1356,,2729,,2301,,1264,,2413,,1811,,4158,,2520,,2482,,2096,,1699,,2206,,1753,,2511,,1640,,3562,,1159,,1239,,2809,,868,,876,,1821,,1459,,1194,,1764,,6913,,3078,,5501,,4110,,2131,,4714,,4711,,2703,,3694,,4201,,11019,,4511,,5721,,7493,,4537,,4115,,3837,,7854,,3953,,7889,,9389,,5286,,6333,,6572,,7728,,11539,,8720,,5228,,4720,,5215,,2622,,3419,,1718,1620,2376,,2997,,2199,1331,,,,,7864,,3393,,5371,,3643,2844,3468,,4839,,5100,3120,,,,
84.09472222,,1371,,1500,,1674,,1780,,1459,,2129,,1335,,1241,,3410,,2941,,4957,,3269,,5935,,4900,,3211,,6123,,5756,,5762,,3584,,4078,,2436,,1698,,2502,,3108,,2003,,3232,,2442,,2647,,2287,,2378,,3045,,2310,,3452,,4588,,4432,,2591,,2681,,2187,,3062,,1800,,1695,,2074,,1543,,1396,,2175,,1480,,1346,,1791,,1287,,3099,,4038,,4679,,4739,,3509,,5951,,3765,,4037,,4209,,4799,,9717,,8273,,11328,,6115,,5166,,6902,,6748,,6132,,4591,,6713,,10424,,11853,,8168,,7862,,7739,,9030,,9403,,13594,,10588,,5306,,1772,,3995,,,,3518,,3868,,,3141,3370,2309,3315,,8071,,8142,,6989,,,,5749,,5469,,,5076,5788,3780,6706
85.93222222,3689,,1093,,1744,,1946,,880,,1166,,2059,,1270,,1327,,1754,,6587,,4031,,6493,,2541,,2413,,5974,,4497,,2387,,4297,,2983,,4124,,2084,,2569,,1972,,1303,,2841,,2328,,1205,,2387,,1709,,4169,,2547,,2382,,2054,,1605,,2225,,1683,,2616,,1489,,3751,,1213,,1275,,2688,,818,,848,,1786,,1423,,1159,,1756,,6986,,2933,,5528,,4242,,2026,,4643,,5033,,2553,,3478,,4306,,12553,,4828,,6192,,9010,,4908,,4318,,4196,,9095,,4301,,9073,,10380,,5302,,6707,,6806,,8637,,14282,,9828,,5391,,5074,,5290,,2564,,3367,,1649,1624,2280,,3008,,2136,1377,,,,,7241,,3221,,5360,,3501,2627,3362,,4607,,5152,2951,,,,
86.09472222,,1485,,1372,,1653,,1747,,1423,,2038,,1297,,1250,,3323,,2928,,4982,,3166,,6103,,4846,,3099,,6285,,6214,,6680,,3428,,4118,,2481,,1652,,2486,,3097,,1981,,3303,,2393,,2611,,2207,,2413,,3100,,2136,,3494,,4478,,4219,,2486,,2620,,2125,,3160,,1922,,1707,,2098,,1538,,1447,,2359,,1406,,1304,,2286,,1284,,3115,,3882,,4687,,4730,,3479,,5294,,3723,,4069,,4055,,4771,,9983,,8765,,10307,,6878,,5829,,7822,,7589,,6629,,5098,,7285,,11652,,13311,,8751,,8989,,8350,,9773,,10295,,15099,,12584,,6215,,1755,,4052,,,,3582,,3741,,,3176,3438,2285,3315,,8885,,7742,,7216,,,,5633,,5402,,,5028,5837,3749,6603
87.93222222,3689,,1103,,1751,,2062,,778,,1163,,2000,,1160,,1218,,1945,,6596,,4212,,6605,,2566,,2290,,6093,,4595,,2298,,4464,,2817,,4047,,1971,,2602,,1896,,1297,,2909,,2289,,1154,,2442,,1681,,4185,,2421,,2249,,1966,,1682,,2204,,1537,,2671,,1505,,3965,,1126,,1221,,2693,,793,,908,,1815,,1444,,1177,,1751,,6827,,3014,,5726,,4179,,1983,,4461,,5448,,2535,,3632,,4188,,13089,,5070,,6537,,9856,,5249,,4711,,4395,,10133,,4519,,9726,,11166,,5276,,6502,,6827,,8963,,16941,,9800,,5343,,4943,,5154,,2595,,3570,,1608,1630,2365,,3068,,2154,1332,,,,,6987,,3142,,5600,,3472,2615,3339,,4589,,5070,2862,,,,
88.09472222,,1552,,1460,,1730,,1789,,1424,,2002,,1283,,1151,,3452,,2822,,5228,,3079,,6181,,4966,,2990,,6407,,7279,,5882,,3403,,4149,,2575,,1709,,2654,,2997,,1942,,3010,,2332,,2704,,2182,,2419,,3234,,2044,,3675,,4495,,4176,,2585,,2638,,2062,,3264,,1923,,1772,,2035,,1553,,1360,,2090,,1412,,1339,,1980,,1223,,3173,,3917,,4738,,4622,,3344,,5466,,3609,,4107,,4123,,4719,,10194,,8960,,10355,,7099,,6100,,8555,,7971,,7122,,5410,,7480,,12272,,13611,,8730,,9723,,8420,,9871,,10423,,15929,,14471,,5356,,1716,,4142,,,,3655,,3732,,,3210,3434,2250,3283,,8252,,7615,,7249,,,,5878,,5270,,,4927,5840,3506,6475
89.93222222,3700,,1031,,1707,,2077,,717,,1143,,2100,,1153,,1253,,2327,,6668,,4119,,6943,,2625,,2241,,6470,,4760,,2199,,4353,,2730,,3976,,2016,,2501,,1911,,1231,,2974,,2217,,1123,,2472,,1660,,4130,,2549,,2330,,1866,,1531,,2165,,1457,,2730,,1465,,4042,,1103,,1214,,2713,,812,,839,,1844,,1425,,1253,,1765,,6762,,2799,,5896,,4039,,1931,,4583,,6554,,2447,,3452,,4060,,13744,,4891,,6266,,11264,,5163,,4741,,4508,,10622,,4464,,9934,,11183,,4927,,6040,,6349,,8762,,18087,,9196,,4876,,4619,,5145,,2485,,3637,,1567,1532,2237,,3160,,2113,1206,,,,,7148,,3123,,5698,,3358,2515,3242,,4603,,5128,2678,,,,
90.09472222,,1615,,1478,,1752,,1784,,1423,,2057,,1284,,1178,,3303,,2851,,5430,,3135,,6262,,4904,,2939,,7107,,6586,,5935,,3369,,4166,,2619,,1556,,2467,,3089,,1784,,3076,,2434,,2680,,2307,,2381,,3185,,2000,,3523,,4551,,4103,,2518,,2646,,2078,,3238,,2157,,1730,,2101,,1646,,1404,,2145,,1429,,1277,,1853,,1254,,3328,,3893,,4760,,4756,,3268,,5546,,3641,,4045,,4091,,4812,,10288,,9059,,10052,,7702,,6202,,9228,,8229,,7220,,5378,,7782,,11916,,13411,,8442,,9635,,7951,,9576,,9784,,15594,,15660,,5431,,1647,,4112,,,,3579,,3914,,,3198,3441,2228,3208,,8249,,7763,,7450,,,,5688,,5302,,,4873,5754,3437,6405
91.93222222,3639,,1114,,1704,,2256,,803,,1227,,2142,,1186,,1267,,1849,,6501,,4230,,7274,,2570,,2175,,6806,,5039,,2180,,4472,,2807,,4102,,1980,,2589,,1936,,1179,,3044,,2298,,1085,,2654,,1569,,4043,,2576,,2152,,1901,,1544,,2119,,1451,,2843,,1306,,3800,,1117,,1214,,2700,,867,,828,,1967,,1494,,1135,,1869,,7003,,2849,,6250,,4101,,1920,,4703,,6695,,2478,,3488,,4085,,13720,,4859,,6355,,11922,,5182,,4745,,4327,,10776,,4428,,9826,,11581,,4213,,5394,,5459,,7535,,14700,,7852,,4427,,4095,,5370,,2542,,3869,,1619,1564,2310,,3031,,2129,1215,,,,,7045,,3131,,5900,,3394,2616,3234,,4585,,5323,2638,,,,
92.09472222,,1603,,1470,,1753,,1792,,1426,,2093,,1264,,1215,,3389,,2870,,5662,,3241,,6617,,4959,,2827,,7864,,6630,,5815,,3389,,4437,,2670,,1630,,2682,,3107,,1815,,3220,,2465,,2659,,2286,,2375,,3376,,1917,,3604,,4545,,4124,,2467,,2531,,1999,,3099,,1953,,1795,,2132,,1652,,1393,,2234,,1388,,1249,,1870,,1261,,3605,,3791,,4817,,4658,,3212,,5791,,3708,,4147,,4149,,4733,,10338,,9062,,10092,,7719,,6013,,9731,,7968,,7212,,5187,,7337,,10726,,11936,,7162,,9254,,6941,,8221,,8508,,13295,,12693,,5583,,1687,,4293,,,,3681,,3825,,,3145,3481,2286,3347,,8454,,7713,,7625,,,,5845,,5221,,,4964,5732,3378,6409
93.93222222,3650,,1142,,1760,,2523,,784,,1123,,2194,,1245,,1257,,1961,,6783,,4397,,7673,,2676,,2352,,7742,,5357,,2231,,4624,,2860,,4023,,1958,,2723,,1926,,1251,,3154,,2352,,1081,,2726,,1625,,4006,,2686,,2252,,1922,,1474,,2100,,1532,,2813,,1370,,3795,,1103,,1173,,2778,,812,,910,,1970,,1441,,1126,,2042,,7079,,2765,,7178,,4134,,1959,,4833,,6294,,2321,,3477,,4154,,13388,,4682,,6080,,10440,,4840,,4613,,4287,,10469,,4284,,9455,,9137,,3764,,4583,,4645,,6063,,11413,,6162,,3520,,3432,,5301,,2573,,4216,,1630,1619,2282,,3147,,2132,1257,,,,,7029,,3082,,6170,,3365,2525,3149,,4615,,5378,2585,,,,
94.09472222,,1806,,1443,,1766,,1800,,1429,,2089,,1176,,1151,,3299,,2792,,5768,,3269,,6864,,5204,,2846,,8694,,6627,,6003,,3473,,4492,,2711,,1496,,2726,,3118,,1866,,3351,,2227,,2709,,2180,,2504,,3391,,1915,,3655,,4536,,4051,,2481,,2719,,1973,,3273,,1941,,1817,,2138,,1699,,1345,,2247,,1410,,1234,,1870,,1240,,4466,,3874,,4930,,4946,,3099,,5798,,3533,,4355,,4150,,4618,,10209,,8774,,9488,,7569,,5951,,10600,,7818,,6959,,4980,,7244,,8640,,9384,,5916,,8084,,5946,,6692,,6804,,10917,,9828,,5598,,1575,,4505,,,,3670,,3876,,,3290,3493,2301,3301,,8277,,7658,,7867,,,,5702,,5192,,,5002,5700,3176,6421
95.93222222,3833,,1025,,1690,,2857,,832,,1180,,2156,,1157,,1289,,1985,,6655,,4419,,7792,,2692,,2266,,10162,,5541,,2274,,4545,,2823,,4174,,2085,,2691,,1979,,1175,,3204,,2344,,1099,,3220,,1495,,4097,,2594,,2180,,1961,,1565,,2082,,1426,,2897,,1394,,3988,,1188,,1256,,2820,,847,,878,,1891,,1464,,1151,,2091,,7006,,2691,,6488,,4260,,1812,,4963,,6515,,2325,,3498,,4241,,12158,,4422,,5409,,9478,,4532,,4265,,4092,,9843,,4047,,8596,,7235,,3267,,3703,,3707,,4663,,7978,,4751,,2655,,2662,,5442,,2653,,5372,,1607,1680,2366,,3232,,2232,1217,,,,,7082,,2970,,6546,,3353,2580,3267,,4645,,5460,2602,,,,
96.09472222,,2458,,1500,,1792,,1815,,1401,,2162,,1271,,1164,,3417,,2912,,6189,,3263,,6916,,5026,,2967,,9310,,6790,,6034,,3562,,4433,,2711,,1540,,2749,,3133,,1883,,3276,,2332,,2766,,2274,,2550,,3484,,1805,,3603,,4461,,4044,,2480,,2607,,2080,,3345,,2042,,1722,,2214,,1619,,1377,,2231,,1437,,1275,,1813,,1212,,4907,,3875,,4966,,4906,,3269,,5891,,3947,,4692,,4062,,4772,,9919,,7934,,8751,,7218,,5522,,11203,,7273,,6300,,4645,,6398,,6689,,7250,,4476,,6628,,4877,,5360,,5170,,8320,,7063,,5648,,1657,,4751,,,,3724,,3890,,,3189,3452,2290,3416,,8344,,7612,,7989,,,,5838,,5215,,,4997,5867,3265,6461
97.93222222,3884,,1062,,1760,,2583,,829,,1147,,2188,,1191,,1214,,2031,,6685,,4553,,7914,,2728,,2318,,8460,,5492,,2258,,4665,,2876,,4102,,1968,,2832,,1925,,1219,,3302,,2292,,1099,,3710,,1506,,3939,,2620,,2159,,1905,,1552,,2183,,1422,,3008,,1388,,3997,,1163,,1194,,2891,,860,,833,,1821,,1470,,1173,,1943,,7055,,2729,,6472,,4372,,1984,,5114,,6504,,2407,,3482,,4049,,11167,,3914,,4549,,8394,,3873,,3856,,3702,,8662,,3747,,7343,,6073,,2915,,2942,,2869,,3333,,5360,,3422,,2210,,2177,,5390,,2629,,5070,,1574,1644,2455,,3143,,2261,1248,,,,,7191,,3180,,7274,,3310,2614,3251,,4588,,5498,2441,,,,
98.09472222,,2048,,1465,,1816,,1755,,1423,,2157,,1165,,1194,,3431,,2964,,6331,,3087,,6903,,5200,,2664,,8995,,6821,,5885,,3473,,4509,,2720,,1357,,2634,,3057,,1801,,3351,,2352,,2762,,2267,,2594,,3458,,1764,,3652,,4606,,3943,,2335,,2592,,1983,,3177,,2019,,1768,,2153,,1667,,1316,,2259,,1447,,1269,,1831,,1203,,4374,,3830,,5016,,4791,,3230,,6060,,3863,,5076,,4023,,4784,,9082,,7367,,8077,,6581,,4903,,8570,,6324,,5624,,4162,,5549,,5128,,5077,,3450,,5545,,4002,,4036,,3990,,6353,,4923,,5898,,1602,,5111,,,,3851,,3934,,,3243,3518,2270,3358,,8465,,7616,,7889,,,,5653,,4985,,,4846,5839,3153,6413
99.93222222,3964,,1054,,1744,,2452,,833,,1232,,2202,,1143,,1310,,2043,,6688,,4591,,7770,,2801,,2373,,8109,,5620,,2301,,4638,,2865,,4157,,2062,,3317,,2018,,1275,,3353,,2330,,1032,,3340,,1502,,4084,,2700,,2292,,1971,,1505,,2228,,1462,,2940,,1362,,4177,,1208,,1227,,2840,,853,,880,,1867,,1494,,1209,,1950,,7203,,2763,,6629,,4393,,1971,,5522,,6525,,2416,,3584,,4236,,9764,,3485,,3886,,7539,,3579,,3474,,3563,,7781,,3270,,6083,,5450,,2648,,2607,,2521,,2628,,3668,,2544,,1771,,1827,,5523,,2780,,4801,,1713,1677,2580,,3266,,2205,1238,,,,,7033,,3117,,8468,,3419,2844,3386,,4589,,5594,2418,,,,
100.0947222,,1916,,1473,,1806,,1833,,1454,,2217,,1240,,1119,,3502,,2811,,7580,,3243,,6735,,5040,,2779,,8026,,6838,,5945,,3439,,4566,,2787,,1505,,2696,,3176,,1773,,3302,,2308,,2705,,2147,,2515,,3582,,1692,,3720,,4610,,3952,,2341,,2577,,1890,,3321,,2037,,1680,,2137,,1619,,1352,,2238,,1399,,1255,,1748,,1218,,4249,,3796,,5004,,4765,,3107,,6099,,4013,,5835,,4163,,4687,,8488,,6808,,7005,,5900,,4353,,7401,,5550,,4917,,3452,,4784,,3993,,3750,,2573,,4745,,3419,,3093,,2901,,7013,,3683,,6082,,1643,,6037,,,,3743,,3745,,,3257,3543,2257,3449,,8448,,7495,,8061,,,,5788,,5096,,,4936,5743,3032,6232
101.9322222,3959,,1079,,1663,,2389,,795,,1206,,2265,,1142,,1187,,2006,,6495,,4232,,7700,,2822,,2129,,7819,,5665,,2125,,4476,,2769,,3997,,1881,,2894,,1971,,1099,,3371,,2224,,1012,,3240,,1361,,4002,,2574,,2209,,1917,,1441,,2118,,1377,,2935,,1251,,4059,,1050,,1192,,2830,,773,,897,,1850,,1438,,1163,,1945,,7000,,2636,,6598,,4291,,1770,,6037,,6421,,2268,,3494,,4010,,8691,,2946,,3208,,6911,,3024,,2908,,3192,,7097,,2886,,5310,,5825,,2673,,2452,,2257,,2191,,2812,,2506,,1619,,1740,,5455,,2519,,4730,,1554,1680,2380,,3159,,2154,1110,,,,,6683,,2895,,9139,,3201,2634,3314,,4396,,5433,2238,,,,
102.0947222,,1926,,1377,,1729,,1813,,1410,,2231,,1140,,1048,,3542,,2737,,6715,,3085,,6593,,4887,,2613,,7974,,6714,,5880,,3316,,4414,,2813,,1442,,2754,,3385,,1816,,3337,,2295,,2555,,2084,,2506,,3640,,1701,,3618,,4535,,3978,,2266,,2505,,1917,,3243,,2051,,1716,,2130,,1655,,1278,,2174,,1335,,1273,,1660,,1224,,4176,,3694,,4917,,4714,,2890,,6075,,3967,,5315,,3911,,4776,,7692,,6260,,6599,,5395,,3922,,6501,,4787,,4258,,2931,,4072,,3568,,3141,,2563,,5182,,3413,,2976,,2857,,6594,,3099,,5801,,1509,,6354,,,,3674,,3857,,,3124,3332,2076,3354,,8336,,7436,,8037,,,,5588,,5021,,,4761,5685,2867,6073
103.9322222,3627,,981,,1732,,2400,,766,,1245,,2214,,1124,,1220,,2082,,6284,,4231,,7542,,2635,,2164,,7886,,6023,,2069,,4457,,2605,,3765,,1885,,2765,,1937,,1113,,3368,,2198,,987,,3251,,1306,,3742,,2551,,2176,,1880,,1366,,1987,,1290,,3115,,1168,,4055,,1092,,1172,,2705,,785,,940,,1893,,1362,,1163,,1971,,6616,,2555,,6565,,4314,,1766,,7035,,6550,,2124,,3303,,3953,,8315,,2721,,2842,,6540,,2886,,2851,,3157,,6780,,2649,,4943,,7242,,3299,,2919,,2668,,2821,,3459,,3315,,2071,,2058,,5338,,2530,,4840,,1516,1618,2337,,3097,,2106,1155,,,,,6496,,2754,,8097,,3028,2523,3245,,4298,,5278,2170,,,,
104.0947222,,1910,,1368,,1824,,1833,,1401,,2195,,1148,,1060,,3524,,2848,,6057,,2974,,6654,,4833,,2448,,7768,,6665,,5659,,3383,,4205,,2897,,1345,,2679,,3870,,1789,,3278,,2255,,2544,,2166,,2483,,4356,,1555,,3447,,4511,,3807,,2334,,2454,,1856,,3266,,2014,,1768,,2191,,1595,,1298,,2207,,1318,,1242,,1757,,1224,,4279,,3556,,4899,,4569,,2860,,6161,,4127,,5089,,3840,,4556,,7386,,5996,,6579,,5017,,3633,,6240,,4540,,3978,,2630,,3651,,4402,,4029,,3370,,6941,,4319,,3652,,3763,,9366,,3811,,5989,,1491,,5718,,,,3677,,3740,,,3057,3441,2109,3414,,8084,,7372,,7856,,,,5332,,4796,,,4534,5328,2824,5850
105.9322222,3702,,1040,,1582,,2467,,711,,1130,,2220,,1052,,1239,,2046,,6248,,4052,,7678,,2820,,2063,,7555,,7583,,2057,,4420,,2594,,3869,,1823,,2813,,1848,,1117,,3439,,2210,,911,,3276,,1256,,3871,,2484,,2287,,1930,,1439,,1925,,1305,,3222,,1152,,4023,,997,,1165,,2817,,751,,897,,1881,,1392,,1111,,2002,,6800,,2623,,6550,,4196,,1692,,6261,,6568,,2175,,3208,,3879,,9034,,2752,,3079,,6931,,2916,,2899,,3256,,6886,,2669,,5456,,9921,,4316,,3801,,3584,,4296,,6223,,4715,,2482,,2508,,5339,,2490,,4760,,1486,1624,2291,,3081,,2082,1053,,,,,6530,,2770,,7662,,3012,2679,3315,,4144,,5336,2035,,,,
106.0947222,,1990,,1412,,1798,,1881,,1342,,2307,,1106,,1012,,3379,,2736,,6183,,2965,,6361,,4790,,2512,,8032,,6481,,5553,,3225,,4234,,3092,,1338,,2697,,3408,,1922,,3280,,2170,,2576,,2056,,2550,,4032,,1527,,3503,,4447,,3868,,2260,,2386,,1824,,3192,,2046,,1664,,2117,,1538,,1278,,2194,,1292,,1223,,1656,,1220,,4138,,3488,,4758,,4509,,2804,,6266,,3953,,5096,,3839,,4653,,7994,,6305,,6865,,5143,,3831,,6654,,4940,,4104,,2734,,3915,,6330,,6365,,4422,,9130,,5478,,5283,,5363,,13542,,6288,,5898,,1493,,5642,,,,3599,,3860,,,3127,3182,2090,3318,,8115,,7090,,8037,,,,5249,,4800,,,4461,5334,2719,5992
107.9322222,3784,,968,,1720,,2455,,753,,1180,,2291,,1079,,1186,,2085,,6196,,4098,,7889,,2764,,1990,,7718,,7148,,2008,,4339,,2437,,3890,,1707,,2734,,1981,,1058,,3434,,2137,,890,,3323,,1189,,3852,,2451,,2284,,1915,,1326,,2010,,1255,,3404,,1097,,4023,,1011,,1099,,2832,,767,,908,,1924,,1400,,1094,,1933,,6673,,2500,,6597,,4394,,1710,,6223,,6483,,2068,,3116,,3806,,10534,,3094,,3343,,7534,,3409,,3345,,3743,,8208,,2911,,6284,,11537,,5044,,4292,,4484,,5972,,10203,,6068,,2903,,2965,,5237,,2450,,4777,,1429,1645,2385,,3166,,2088,998,,,,,6297,,2655,,7682,,2886,2691,3422,,4002,,5318,2033,,,,
108.0947222,,2017,,1388,,1828,,1759,,1294,,2229,,1143,,1003,,3478,,2768,,6255,,3036,,6451,,4744,,2342,,7972,,6610,,5601,,3222,,4217,,3222,,1313,,2565,,3157,,1928,,3278,,2181,,2421,,2001,,2356,,3718,,1494,,3472,,4269,,3763,,2252,,2438,,1849,,3140,,1995,,1779,,2055,,1631,,1337,,2242,,1305,,1223,,1645,,1180,,4328,,3426,,4828,,4550,,2768,,6374,,4301,,4965,,3846,,4534,,9256,,6585,,7779,,5773,,4128,,7620,,5432,,4604,,3006,,4317,,8578,,8760,,5370,,10313,,6377,,6499,,6445,,16506,,10043,,6032,,1419,,5680,,,,3620,,3735,,,3000,3348,1992,3299,,8042,,6955,,7937,,,,5293,,4712,,,4409,5222,2486,5740
109.9322222,3776,,1064,,1696,,2445,,737,,1371,,2308,,1102,,1210,,2083,,6144,,4231,,7694,,2919,,2160,,7675,,6704,,2013,,4494,,2467,,3867,,1819,,2777,,2093,,1146,,3448,,2206,,945,,3265,,1184,,3720,,2474,,2346,,1967,,1356,,2032,,1308,,3976,,1077,,3953,,1026,,1157,,2829,,811,,983,,1876,,1328,,1126,,1949,,6542,,2502,,6781,,4373,,1701,,6273,,6593,,2134,,3254,,3869,,12009,,3450,,4003,,8654,,3788,,3922,,4064,,9937,,3359,,7417,,12285,,5558,,4607,,4805,,6855,,13915,,7227,,3279,,3280,,5252,,2424,,4796,,1512,1689,2508,,3130,,2081,1083,,,,,6233,,2727,,7624,,2986,2812,3558,,3960,,5277,2051,,,,
110.0947222,,2019,,1395,,1865,,1763,,1330,,2343,,1096,,1064,,3539,,2756,,6307,,3066,,6676,,4782,,2404,,8152,,6476,,5485,,3237,,4298,,3741,,1338,,2615,,3144,,2082,,3385,,2133,,2621,,2010,,2468,,3862,,1428,,3611,,4329,,3791,,2232,,2385,,1746,,3167,,2020,,1654,,2231,,1652,,1330,,2228,,1314,,1175,,1685,,1301,,4327,,3404,,4882,,4507,,2666,,6388,,4992,,4840,,3802,,4555,,10265,,7515,,8653,,6338,,4629,,8710,,6267,,5353,,3410,,5091,,10233,,10370,,6084,,10834,,7079,,7560,,7852,,18309,,13220,,6013,,1519,,5880,,,,3590,,3806,,,3055,3393,1989,3391,,8070,,7066,,8168,,,,5380,,4649,,,4440,5507,2642,5967
111.9322222,3713,,1003,,1699,,2390,,760,,1248,,2367,,1112,,1205,,2173,,5976,,4209,,7798,,3042,,2018,,7592,,6656,,1967,,4640,,2473,,3808,,1738,,2743,,2046,,1043,,3557,,2168,,895,,3253,,1193,,3650,,2595,,2407,,1998,,1300,,2053,,1151,,4147,,1104,,3997,,1010,,1098,,2787,,751,,976,,1941,,1336,,1126,,1951,,6390,,2424,,6898,,4390,,1601,,6145,,6452,,2095,,3324,,3832,,13434,,3792,,4442,,9120,,4148,,4506,,4553,,11058,,3551,,8320,,11754,,5764,,4949,,4994,,7559,,16411,,7565,,3505,,3578,,5200,,2449,,4863,,1467,1715,2601,,3148,,2100,1010,,,,,6188,,2662,,7597,,2974,2874,3595,,4022,,5170,1893,,,,
112.0947222,,2000,,1383,,1823,,1796,,1296,,2269,,1059,,1051,,3483,,2760,,6418,,2937,,6722,,4854,,2490,,8374,,6432,,5476,,3306,,4434,,3678,,1298,,2673,,3042,,2235,,3315,,2200,,2569,,1924,,2495,,4060,,1489,,3597,,4321,,3760,,2199,,2380,,1741,,3152,,2034,,1694,,2206,,1645,,1241,,2348,,1326,,1229,,1691,,1346,,4243,,3435,,4794,,4496,,2762,,6452,,4614,,4978,,3834,,4659,,11334,,7763,,9153,,7125,,4974,,9763,,6868,,5827,,3681,,5687,,10993,,11460,,6385,,11025,,7436,,7836,,8515,,18534,,14425,,6057,,1532,,5993,,,,3504,,3860,,,3041,3394,2072,3452,,8071,,6765,,8172,,,,5230,,4616,,,4364,5327,2491,5624
113.9322222,3768,,972,,1691,,2413,,724,,1312,,2351,,1052,,1165,,2110,,6165,,4266,,8251,,3267,,2110,,7456,,6773,,1987,,4528,,2469,,3672,,1868,,2794,,2132,,1004,,3540,,2276,,905,,3310,,1240,,3673,,2529,,2393,,1964,,1328,,1963,,1208,,3728,,1052,,4141,,1013,,1130,,2850,,730,,1010,,1835,,1365,,1118,,2063,,6460,,2333,,6738,,4584,,1662,,6072,,6560,,2024,,3242,,3876,,14304,,3836,,4614,,9377,,4240,,4803,,4758,,11599,,3718,,8992,,11111,,5966,,4800,,4940,,7789,,17298,,7562,,3387,,3677,,5116,,2437,,4812,,1419,1845,2551,,3152,,2072,1045,,,,,6128,,2496,,7644,,2918,3067,3759,,4032,,5188,1929,,,,
114.0947222,,1976,,1365,,1844,,1803,,1342,,2275,,1118,,1018,,3452,,2776,,6594,,2985,,6667,,4689,,2426,,8583,,6462,,5395,,3254,,4425,,3231,,1293,,2614,,3244,,2196,,3212,,2171,,2538,,1906,,2399,,4045,,1425,,3379,,4385,,3772,,2174,,2427,,1748,,3123,,2093,,1743,,2445,,1673,,1274,,2249,,1390,,1160,,1622,,1410,,4320,,3363,,4864,,4467,,2693,,6397,,4383,,4691,,3736,,4738,,12112,,7971,,9327,,7556,,5178,,10307,,7289,,6184,,3803,,5605,,11117,,11825,,6271,,10381,,7493,,8039,,8427,,17476,,15079,,6100,,1528,,5781,,,,3583,,3885,,,3097,3367,1945,3288,,7965,,6878,,8167,,,,5135,,4690,,,4288,5141,2453,5719
115.9322222,3821,,953,,1741,,2476,,708,,1363,,2487,,1103,,1143,,2112,,6002,,4094,,8141,,3735,,2075,,7457,,6789,,2008,,4646,,2407,,3824,,1732,,2761,,2242,,1021,,3578,,2280,,862,,3368,,1213,,3754,,2508,,2726,,2066,,1350,,2007,,1171,,3763,,1090,,3903,,1026,,1170,,2934,,730,,1050,,1822,,1445,,1092,,2034,,6334,,2296,,6566,,4690,,1607,,5894,,6630,,1986,,3163,,3962,,14808,,3871,,4757,,9354,,4270,,5164,,5047,,12534,,3821,,9297,,10250,,5734,,4433,,4697,,7531,,17368,,7270,,3153,,3472,,5167,,2348,,4943,,1439,1861,2681,,3301,,2036,1015,,,,,5917,,2697,,7540,,2908,3113,3946,,3986,,5177,1880,,,,
116.0947222,,2033,,1399,,1838,,1804,,1344,,2325,,1047,,1074,,3501,,2745,,6824,,2843,,6851,,4824,,2340,,8744,,6492,,5528,,3358,,4604,,3256,,1256,,2597,,3040,,2156,,3308,,2230,,2602,,1956,,2448,,4030,,1361,,3572,,4410,,3662,,2220,,2370,,1740,,3176,,2058,,1800,,2501,,1727,,1326,,2310,,1279,,1212,,1572,,1509,,4381,,3351,,4951,,4665,,2639,,6388,,4543,,4774,,3831,,4657,,12244,,8095,,9499,,7891,,5238,,10432,,7365,,6292,,3981,,5944,,10997,,11743,,6372,,9506,,7127,,7811,,8308,,15959,,14783,,6123,,1550,,5824,,,,3617,,4064,,,3168,3422,1983,3355,,7991,,6942,,8220,,,,5267,,4741,,,4273,5376,2415,5627
117.9322222,3717,,930,,1692,,2531,,701,,1489,,2720,,1062,,1128,,2004,,5872,,4173,,8118,,4087,,1985,,7286,,6559,,1923,,4671,,2430,,3625,,1713,,2605,,2411,,978,,3600,,2213,,847,,3256,,1148,,3729,,2531,,2772,,2184,,1325,,1954,,1188,,3788,,1041,,4127,,1003,,1121,,2847,,700,,1144,,1864,,1415,,1196,,2027,,6215,,2495,,6759,,4782,,1638,,5912,,6574,,1973,,3268,,3901,,14376,,3790,,4622,,8949,,4190,,5068,,4960,,11850,,3799,,9024,,8603,,5298,,4031,,4318,,6843,,15281,,6334,,2966,,3265,,5179,,2416,,4818,,1413,1994,2789,,3212,,2075,1047,,,,,5893,,2565,,7701,,2831,3130,4070,,4026,,5072,1801,,,,
118.0947222,,1964,,1410,,1787,,1767,,1317,,2367,,1059,,959,,3552,,2764,,6640,,2869,,6700,,4741,,2261,,8693,,6310,,5249,,3227,,4420,,3335,,1236,,2568,,3060,,2073,,3246,,2188,,2613,,1939,,2386,,4006,,1377,,3480,,4309,,3660,,2214,,2351,,1721,,3205,,2041,,1744,,2650,,1672,,1221,,2371,,1321,,1173,,1542,,1819,,4323,,3360,,4773,,4457,,2564,,6303,,4307,,4480,,3855,,4686,,12227,,7661,,8968,,7684,,5205,,10438,,7253,,6017,,3789,,5784,,9898,,10401,,5401,,8005,,6355,,6813,,7353,,12908,,13063,,6072,,1643,,5660,,,,3541,,3913,,,3065,3250,2057,3382,,7681,,6460,,8132,,,,5235,,4593,,,4230,5056,2369,5418
119.9322222,3691,,1034,,1719,,2406,,740,,1735,,3319,,1092,,1218,,2136,,5722,,4210,,8146,,3651,,2065,,7345,,6575,,1911,,4687,,2441,,3624,,1768,,2580,,2851,,1045,,3539,,2140,,926,,3247,,1162,,3856,,2577,,2625,,2240,,1405,,2014,,1168,,3892,,1072,,4077,,1054,,1160,,2939,,741,,1206,,1951,,1498,,1129,,1938,,6297,,2450,,6774,,5432,,1607,,5688,,6621,,1999,,3250,,4058,,13627,,3626,,4435,,8571,,4027,,4904,,5071,,11424,,3565,,8534,,7213,,4775,,3444,,3722,,5795,,12528,,5277,,2461,,2860,,5082,,2423,,4892,,1401,2073,2837,,3151,,2035,1005,,,,,5773,,2586,,7698,,2854,3302,4391,,4014,,5224,1784,,,,
120.0947222,,2015,,1377,,1827,,1803,,1276,,2301,,1085,,940,,3457,,2694,,6738,,2871,,6397,,4664,,2259,,8743,,6367,,5344,,3419,,4366,,3307,,1260,,2584,,2901,,2083,,3254,,2131,,2572,,1856,,2299,,4138,,1303,,3358,,4121,,3557,,2176,,2361,,1716,,3069,,2091,,1836,,2291,,1733,,1223,,2264,,1346,,1180,,1579,,1543,,4470,,3208,,4637,,4559,,2544,,6453,,4255,,4538,,3779,,4722,,11738,,7349,,8490,,7428,,5092,,10070,,6761,,5695,,3577,,5321,,8022,,8411,,4577,,6527,,5514,,5699,,5908,,9897,,10300,,6301,,1708,,5626,,,,3708,,4115,,,2992,3386,2104,3356,,7623,,6592,,8192,,,,5194,,4513,,,4100,5103,2358,5343
121.9322222,3547,,956,,1738,,2459,,718,,1495,,2705,,1008,,1186,,2067,,5538,,3955,,7779,,3538,,1941,,7075,,6652,,1839,,4454,,2322,,3446,,1628,,2411,,2350,,959,,3427,,2188,,812,,3192,,1146,,3634,,2531,,2548,,2305,,1259,,1983,,1135,,4004,,1028,,4081,,968,,1100,,2951,,747,,1045,,1936,,1363,,1110,,1962,,6034,,2302,,6609,,6191,,1562,,5628,,6332,,1844,,3183,,3856,,12405,,3360,,3789,,7784,,3562,,4572,,4621,,10071,,3235,,7567,,5838,,4433,,3005,,3060,,4425,,8998,,4137,,2049,,2368,,4922,,2307,,4869,,1370,2226,2815,,3124,,2034,909,,,,,5577,,2520,,7561,,2686,3805,4981,,3691,,5101,1770,,,,
122.0947222,,1923,,1322,,1789,,1808,,1314,,2319,,1025,,929,,3571,,2602,,6678,,2753,,6178,,4753,,2207,,8633,,6068,,5093,,3221,,4221,,3287,,1180,,2443,,2877,,2162,,3096,,2034,,2537,,1837,,2398,,4114,,1230,,3318,,4167,,3634,,2113,,2239,,1754,,3010,,2045,,1809,,2374,,1626,,1246,,2339,,1215,,1175,,1560,,1491,,4200,,3277,,4664,,4322,,2447,,6243,,4153,,4242,,3664,,4886,,11268,,6636,,7670,,6937,,4634,,9232,,6077,,5175,,3287,,4779,,6409,,6631,,3621,,4974,,4545,,4486,,4764,,7324,,7783,,6104,,1666,,5453,,,,3747,,4249,,,2991,3208,1952,3223,,7570,,6402,,8109,,,,4979,,4403,,,4070,4869,2150,5194
123.9322222,3519,,848,,1699,,2374,,670,,1498,,2455,,1024,,1090,,2094,,5407,,3771,,7541,,3295,,1838,,6917,,6492,,1743,,4269,,2189,,3369,,1643,,2439,,2234,,934,,3319,,2090,,801,,3188,,1087,,3456,,2413,,2375,,2536,,1224,,1865,,1039,,3800,,974,,3760,,944,,1090,,2836,,668,,1077,,1845,,1353,,1095,,1923,,5847,,2205,,6342,,5235,,1474,,5174,,6324,,1756,,2979,,3904,,10770,,2788,,3337,,6772,,2968,,4159,,4219,,8345,,2918,,6282,,5230,,3854,,2499,,2344,,3386,,6115,,3127,,1605,,2026,,4590,,2344,,4674,,1286,2507,2897,,2991,,1982,858,,,,,5402,,2473,,7217,,2620,3328,5192,,3620,,4965,1588,,,,
124.0947222,,1951,,1244,,1747,,1714,,1206,,2383,,1025,,920,,3437,,2746,,6428,,2762,,6202,,4421,,2227,,8395,,6014,,4955,,3154,,4210,,3197,,1189,,2462,,2879,,2050,,3130,,2080,,2500,,1752,,2192,,4084,,1270,,3270,,4121,,3458,,2046,,2230,,1642,,2953,,1975,,1723,,2351,,1541,,1142,,2299,,1196,,1072,,1504,,1451,,4196,,3020,,4469,,4330,,2294,,6304,,3956,,4076,,3585,,5045,,9937,,6113,,6722,,6174,,4217,,8448,,5292,,4375,,2784,,3960,,5169,,5142,,2898,,4168,,4131,,3654,,3594,,5784,,5623,,6018,,1648,,5320,,,,3692,,4966,,,2955,3127,1861,3129,,7379,,6189,,8090,,,,4982,,4310,,,3914,4886,2050,5003
125.9322222,3445,,955,,1699,,2309,,672,,1532,,2501,,950,,1151,,2003,,5242,,3732,,7651,,3348,,1886,,6661,,6537,,1679,,4264,,2204,,3325,,1581,,2445,,2194,,976,,3383,,2126,,764,,3268,,947,,3364,,2339,,2343,,2423,,1206,,1880,,1017,,3750,,913,,3838,,972,,1135,,2874,,688,,1041,,1859,,1272,,1134,,1929,,5503,,2201,,6337,,5206,,1468,,5271,,6320,,1761,,3087,,3734,,9446,,2588,,2941,,5934,,2679,,3637,,4309,,7212,,2648,,5409,,5249,,3970,,2376,,2208,,2755,,4462,,2681,,1449,,1944,,4639,,2222,,4808,,1252,2344,3170,,2780,,1993,822,,,,,5148,,2355,,7104,,2598,3149,4756,,3471,,4846,1585,,,,
126.0947222,,1919,,1337,,1703,,1760,,1257,,2304,,984,,859,,3385,,2503,,6298,,2548,,5837,,4291,,2085,,8351,,5902,,4919,,3017,,4063,,3234,,1138,,2308,,2692,,1939,,3150,,2105,,2508,,1719,,2213,,3858,,1204,,3281,,3997,,3347,,2108,,2235,,1639,,2846,,1960,,2150,,2312,,1557,,1140,,2279,,1196,,1090,,1356,,1445,,4225,,2862,,4523,,4143,,2312,,6333,,3945,,3881,,3757,,5779,,8639,,5598,,5997,,5463,,3663,,7157,,4620,,3847,,2554,,3518,,3460,,3971,,2437,,3819,,3809,,3098,,3060,,5156,,4609,,5839,,1736,,5341,,,,3674,,4833,,,2779,2978,1815,3153,,7066,,6038,,8051,,,,4823,,4165,,,3734,4613,1972,4831
127.9322222,3432,,917,,1737,,2320,,656,,1438,,2468,,965,,1092,,2011,,5033,,3632,,7381,,3240,,1743,,6649,,6418,,1603,,4232,,2177,,3186,,1595,,2385,,2191,,964,,3314,,1963,,758,,3150,,994,,3404,,2345,,2328,,2268,,1142,,1942,,1019,,3821,,837,,3861,,849,,1043,,3025,,700,,1042,,1975,,1284,,1097,,1917,,5594,,2070,,6288,,4877,,1309,,4974,,6392,,1678,,2959,,3899,,8666,,2247,,2583,,5669,,2432,,3205,,3898,,6312,,2342,,4711,,5629,,4550,,2602,,2186,,2493,,3454,,2643,,1458,,2176,,4602,,2077,,4614,,1270,2320,3902,,2851,,1884,784,,,,,5055,,2159,,7183,,2327,3006,4426,,3198,,4837,1441,,,,
128.0947222,,1901,,1295,,1744,,1681,,1200,,2292,,987,,891,,3354,,2659,,6265,,2666,,5892,,4508,,1904,,8259,,5763,,4693,,3103,,3974,,3128,,1107,,2356,,2770,,1927,,3132,,2029,,2622,,1662,,2179,,3940,,1193,,3107,,4032,,3444,,2061,,2066,,1589,,2906,,1948,,1875,,2382,,1581,,1119,,2263,,1073,,1082,,1408,,1378,,4148,,2831,,4462,,4050,,2287,,6246,,3681,,3797,,3640,,5087,,8141,,5222,,5749,,5064,,3454,,6249,,4142,,3504,,2289,,3055,,4399,,3663,,2594,,4276,,4449,,3156,,3009,,5887,,4056,,5819,,1715,,5084,,,,3911,,4524,,,2702,2942,1814,3157,,7145,,5929,,7788,,,,4688,,4083,,,3560,4528,1879,4720
129.9322222,3415,,868,,1809,,2323,,648,,1488,,2559,,924,,1111,,2045,,5123,,3619,,7351,,3093,,1758,,6604,,6588,,1703,,4323,,2151,,3234,,1477,,2266,,2244,,968,,3357,,2105,,803,,3166,,963,,3333,,2377,,2382,,2237,,1179,,1827,,999,,3831,,880,,3759,,929,,1035,,2886,,664,,1000,,1948,,1357,,993,,1952,,5238,,2027,,6373,,4930,,1401,,4968,,6628,,1701,,2986,,3977,,8719,,2248,,2596,,5614,,2428,,3392,,3977,,5919,,2466,,4808,,6761,,5396,,3021,,2618,,3098,,4005,,3312,,1792,,2620,,4577,,2080,,4631,,1200,2384,3594,,2877,,1923,830,,,,,5054,,2260,,7258,,2411,3125,4417,,3300,,4916,1545,,,,
130.0947222,,1979,,1310,,1723,,1670,,1195,,2362,,965,,931,,3354,,2608,,6306,,2607,,5922,,4210,,1935,,8153,,5711,,4770,,3081,,4078,,3174,,1152,,2395,,2694,,1959,,3132,,2047,,3073,,1749,,2278,,3992,,1201,,3264,,3997,,3379,,2151,,2222,,1570,,2993,,2080,,1757,,2361,,1506,,1151,,2322,,1219,,1135,,1334,,1463,,4143,,2851,,4522,,4034,,2310,,6361,,3669,,3786,,3673,,4966,,7934,,5263,,5870,,5052,,3348,,6238,,4217,,3595,,2166,,3274,,6014,,4516,,3086,,5316,,7577,,3744,,3869,,7848,,4662,,5771,,1796,,5204,,,,4673,,4544,,,2823,2962,1757,3173,,6969,,5908,,8113,,,,4564,,4083,,,3608,4606,1899,4828
131.9322222,3293,,962,,1837,,2382,,657,,1426,,2618,,870,,1126,,2093,,4982,,3641,,7365,,3141,,1765,,6347,,6526,,1721,,4414,,2168,,3208,,1569,,2289,,2121,,948,,3411,,2045,,801,,3077,,976,,3216,,2384,,2323,,2318,,1227,,1885,,979,,3890,,921,,3790,,923,,1011,,2905,,705,,1001,,1880,,1377,,1079,,2000,,5280,,2058,,6311,,4923,,1448,,4789,,6344,,1748,,3038,,3934,,9677,,2576,,2668,,6005,,2723,,3560,,4297,,6860,,2569,,5365,,7921,,6221,,3657,,3160,,4256,,6322,,4172,,2107,,3132,,4404,,2097,,4783,,1194,2233,3441,,2876,,2007,822,,,,,4982,,2303,,7319,,2485,3115,4501,,3268,,5021,1452,,,,
132.0947222,,1894,,1293,,1712,,1763,,1177,,2377,,991,,816,,3134,,2508,,6208,,2604,,5930,,4402,,1999,,8112,,5621,,4547,,3012,,4140,,3053,,1097,,2366,,2499,,1977,,3120,,2107,,2584,,1638,,2104,,3964,,1138,,3224,,3817,,3265,,2080,,2188,,1551,,2885,,1980,,1830,,2273,,1521,,1104,,2358,,1120,,1066,,1373,,1382,,4169,,2816,,4380,,4018,,2226,,6265,,3503,,3667,,3718,,4831,,8461,,5246,,6119,,5357,,3505,,6571,,4704,,3811,,2263,,3402,,8650,,5973,,3756,,6126,,7783,,4638,,4816,,9855,,6792,,5876,,1835,,5267,,,,4423,,4412,,,2686,2933,1713,3161,,6870,,5794,,7785,,,,4580,,3908,,,3651,4509,1793,4709
133.9322222,3254,,849,,1862,,2404,,591,,1564,,2596,,930,,1107,,2035,,4755,,3590,,7354,,2967,,1724,,6313,,6485,,1624,,4272,,2010,,3173,,1526,,2230,,2205,,868,,3266,,2050,,691,,3162,,940,,3192,,2284,,2201,,2227,,1181,,1892,,948,,3845,,818,,3763,,871,,1057,,2859,,702,,1067,,1938,,1234,,1044,,1947,,5026,,1984,,6341,,4923,,1328,,4719,,6243,,1662,,2923,,4063,,10896,,2730,,2993,,6212,,2889,,3870,,4523,,7616,,2769,,5789,,8396,,6417,,3741,,3330,,5054,,9535,,4889,,2237,,3497,,4332,,2032,,4856,,1204,2226,3330,,2765,,1890,791,,,,,4685,,2296,,7094,,2453,2948,4390,,3179,,4805,1393,,,,
134.0947222,,1911,,1299,,1714,,1675,,1153,,2316,,930,,867,,3196,,2530,,6219,,2596,,5769,,4342,,1882,,8392,,5579,,4515,,3035,,3806,,3106,,1098,,2316,,2488,,1841,,3129,,2242,,2533,,1700,,2185,,3908,,1050,,3183,,3902,,3165,,2039,,2164,,1443,,2798,,1871,,1775,,2284,,1481,,1096,,2281,,1159,,1097,,1317,,1462,,4074,,2855,,4455,,3933,,2146,,6111,,3320,,3518,,3765,,4672,,9332,,5865,,6632,,5698,,3693,,7260,,5015,,4238,,2409,,3776,,9751,,7393,,4048,,6780,,8017,,5418,,5540,,11136,,9673,,5677,,1966,,5086,,,,4298,,4369,,,2635,3026,1685,3150,,6831,,5658,,7761,,,,4416,,3876,,,3504,4469,1750,4574
135.9322222,3260,,873,,2396,,2301,,661,,1434,,2592,,904,,1096,,2103,,4666,,3573,,7529,,3096,,1778,,6172,,6373,,1610,,4432,,2105,,3162,,1503,,2205,,2082,,894,,3011,,2057,,770,,3199,,936,,3142,,2466,,2191,,2143,,1174,,1916,,958,,3815,,881,,3835,,868,,1064,,2891,,637,,973,,1986,,1334,,994,,2002,,5267,,1966,,6104,,4910,,1380,,4560,,6103,,1645,,2970,,4291,,12022,,2981,,3266,,6780,,3201,,4048,,4657,,8909,,2927,,6662,,8557,,6496,,4087,,3393,,5769,,12548,,5291,,2404,,3951,,4154,,2024,,4733,,1176,2337,3423,,2804,,1842,816,,,,,4704,,2306,,6947,,2359,2964,4273,,3204,,4919,1428,,,,
136.0947222,,1850,,1231,,1747,,1709,,1171,,2343,,977,,902,,3276,,2593,,6140,,2464,,5743,,4492,,1853,,8217,,5484,,4545,,2980,,4185,,3182,,1107,,2291,,2514,,1789,,3109,,2354,,2549,,1562,,2130,,3996,,1103,,3348,,3866,,3280,,2048,,2134,,1552,,2858,,1911,,1931,,2381,,1474,,1137,,2324,,1180,,996,,1259,,1396,,4194,,2832,,4418,,3999,,2094,,6153,,3320,,3406,,4004,,4697,,10491,,6183,,7281,,6548,,4197,,8357,,5555,,4582,,2795,,4108,,10774,,8381,,4499,,6710,,8147,,5759,,6253,,11926,,12002,,5814,,2376,,5206,,,,4279,,4424,,,2647,2980,1651,3081,,6690,,5514,,7935,,,,4486,,3932,,,3411,4450,1810,4643
137.9322222,3225,,952,,1956,,2386,,659,,1439,,2544,,973,,1075,,2211,,4778,,3490,,7472,,3035,,1783,,6233,,6577,,1623,,4518,,2110,,3075,,1521,,2191,,2130,,849,,3102,,2129,,771,,3312,,1055,,3195,,2538,,2228,,2291,,1231,,1896,,990,,3864,,923,,3798,,916,,1089,,3065,,650,,1021,,2151,,1308,,1085,,1925,,4945,,2084,,6417,,4863,,1376,,4428,,6404,,1718,,3032,,4883,,13230,,3173,,3445,,7290,,3578,,4305,,4855,,9876,,3302,,7396,,8359,,6224,,4430,,3731,,6310,,14569,,5751,,2591,,4307,,4265,,2060,,4869,,1170,2244,3337,,2984,,1981,788,,,,,4596,,2306,,7314,,2397,2965,4329,,3276,,5121,1464,,,,
138.0947222,,1867,,1256,,1860,,1689,,1241,,2412,,944,,943,,3231,,2504,,6312,,2603,,5831,,4427,,1977,,8563,,5361,,4509,,3055,,3964,,3171,,1130,,2362,,2544,,1777,,3050,,2202,,2529,,1654,,2160,,4055,,1159,,3444,,3934,,3270,,1963,,2244,,1514,,2882,,2002,,1859,,2255,,1565,,1156,,2471,,1068,,1068,,1279,,1425,,4178,,2816,,4415,,4192,,2201,,6338,,3386,,3424,,4844,,4923,,10949,,6431,,7494,,7032,,4172,,9209,,5986,,5025,,2910,,4478,,11210,,9099,,4760,,6946,,8272,,6162,,6739,,12158,,13437,,5865,,2191,,5326,,,,4292,,4353,,,2675,2952,1768,3067,,6772,,5553,,7920,,,,4488,,3857,,,3617,4437,1773,4592
139.9322222,3098,,843,,1970,,2360,,612,,1490,,2581,,906,,1143,,2168,,4703,,3525,,7232,,2984,,1775,,6166,,6420,,1553,,4454,,2197,,3018,,1599,,2152,,2193,,860,,2953,,2083,,708,,3259,,940,,3104,,2490,,2159,,2271,,1194,,2007,,994,,3967,,862,,3613,,907,,1084,,2894,,666,,1011,,2474,,1320,,1022,,1978,,4905,,2040,,6252,,4813,,1394,,4390,,6347,,1696,,2952,,5239,,13387,,3213,,3611,,6896,,3504,,4456,,4856,,10351,,3205,,7672,,7923,,5845,,4326,,3603,,6366,,14782,,5750,,2593,,4337,,4128,,2025,,4905,,1186,2231,3328,,3007,,1864,768,,,,,4561,,2252,,7090,,2353,2925,4195,,3231,,5004,1540,,,,
140.0947222,,1984,,1286,,1992,,1754,,1134,,2357,,912,,918,,3219,,2617,,6454,,2457,,5901,,4789,,1959,,8469,,5437,,4458,,2999,,4004,,3120,,1067,,2342,,2468,,1818,,3040,,2127,,2560,,1606,,2223,,4034,,1024,,3441,,4038,,3204,,2019,,2225,,1456,,2810,,1992,,1911,,2336,,1453,,1097,,2575,,1138,,1091,,1260,,1406,,4060,,2779,,4311,,4170,,2104,,6412,,3256,,3423,,4257,,4861,,11560,,6308,,7431,,7401,,4454,,9450,,6304,,5225,,3041,,4624,,11151,,9403,,4836,,6565,,7894,,6057,,6653,,11764,,13644,,5803,,2213,,5103,,,,4380,,4360,,,2532,2952,1684,3168,,6844,,5357,,7958,,,,4493,,3940,,,3501,4376,1757,4645
141.9322222,3086,,903,,2037,,2398,,643,,1475,,2617,,1007,,1142,,2171,,4442,,3549,,7455,,3000,,1790,,6164,,6416,,1614,,4605,,2199,,3070,,1602,,2342,,2136,,959,,3052,,2186,,759,,3283,,962,,3028,,2464,,2184,,2267,,1182,,1900,,1045,,3926,,889,,3589,,918,,1078,,2998,,701,,1050,,2135,,1375,,1069,,2085,,4796,,2126,,6423,,4810,,1399,,4433,,6436,,1658,,2995,,4804,,13570,,3214,,3733,,6980,,3681,,4354,,4676,,10689,,3368,,8209,,7031,,5403,,4169,,3609,,6395,,14944,,5691,,2532,,4688,,4060,,2145,,5007,,1256,2213,3360,,3016,,1985,841,,,,,4505,,2396,,7435,,2336,2935,4210,,3339,,5308,1517,,,,
142.0947222,,2040,,1332,,1923,,1761,,1201,,2434,,978,,890,,3074,,2538,,6554,,2551,,5852,,4798,,1939,,8431,,5252,,4428,,3098,,4117,,3200,,1097,,2330,,2543,,1838,,3170,,2168,,2646,,1640,,2055,,4019,,1136,,3624,,3779,,3196,,2000,,2250,,1615,,2920,,2025,,1849,,2349,,1637,,1171,,2550,,1151,,1076,,1379,,1440,,4249,,2884,,4468,,4003,,2220,,6315,,3174,,3245,,4243,,4874,,11437,,6214,,7448,,7713,,4599,,9976,,6377,,5362,,3137,,4683,,10559,,9086,,4706,,6073,,7481,,5791,,6460,,10832,,13599,,5818,,2192,,5197,,,,4233,,4417,,,2706,3025,1652,3175,,6783,,5362,,8003,,,,4674,,4048,,,3602,4423,1842,4688
143.9322222,3073,,887,,1876,,2406,,659,,1475,,2668,,974,,1187,,2223,,4545,,3536,,7436,,2923,,1756,,6179,,6553,,1683,,4620,,2163,,3035,,1631,,2126,,2202,,936,,3084,,2191,,733,,3299,,1054,,3006,,2567,,2119,,2218,,1225,,2026,,1062,,3953,,917,,3797,,921,,1120,,2960,,688,,1062,,2143,,1431,,1048,,2043,,4699,,2137,,6347,,4830,,1440,,4442,,6588,,1736,,2980,,4651,,13375,,3249,,3745,,6620,,3711,,4136,,4854,,10511,,3359,,7840,,6087,,4622,,4023,,3498,,5952,,13334,,5164,,2242,,3766,,4083,,2224,,5027,,1206,2103,3449,,2960,,2012,882,,,,,4443,,2463,,7241,,2336,2766,4233,,3478,,5339,1525,,,,
144.0947222,,1965,,1343,,1936,,1707,,1127,,2482,,957,,924,,3124,,2641,,6389,,2499,,5898,,4726,,1961,,8379,,5365,,4414,,3077,,3961,,3145,,1038,,2282,,2423,,1761,,3117,,2155,,2601,,1670,,2166,,3980,,1090,,3724,,3796,,3300,,2087,,2207,,1466,,2813,,1921,,1829,,2312,,1534,,1129,,2452,,1141,,1061,,1300,,1367,,4124,,2784,,4515,,4016,,2142,,6390,,3050,,3223,,4103,,4699,,11619,,6008,,7178,,7503,,4482,,9368,,6146,,5140,,3002,,4607,,9556,,8291,,4186,,5210,,6298,,5249,,5896,,8821,,12104,,5944,,2123,,5120,,,,4319,,4367,,,2699,2982,1686,3123,,6599,,5311,,7870,,,,4552,,4028,,,3617,4371,1752,4765
145.9322222,3090,,920,,1967,,2304,,630,,1345,,2603,,949,,1104,,2189,,4387,,3574,,7261,,2966,,1741,,6182,,6341,,1652,,4629,,2275,,3021,,1669,,2128,,2121,,967,,3086,,2175,,792,,3369,,1021,,2890,,2482,,2079,,2249,,1173,,2019,,1012,,3805,,882,,3598,,912,,1081,,3011,,673,,971,,2027,,1433,,1123,,1989,,4657,,2106,,6373,,4748,,1353,,4183,,6400,,1706,,3080,,4577,,12913,,3025,,3396,,6411,,3401,,3879,,4390,,9656,,3266,,7463,,5288,,3849,,3589,,3051,,5094,,10925,,4303,,2078,,3221,,4056,,2220,,4919,,1253,2019,3260,,2921,,1884,857,,,,,4387,,2502,,7145,,2457,2796,4160,,3387,,5371,1511,,,,
146.0947222,,1886,,1351,,1968,,1790,,1129,,2485,,951,,866,,3105,,2469,,6232,,2424,,5809,,4793,,1869,,8396,,5274,,4390,,3122,,3928,,3061,,1106,,2414,,2410,,1684,,3103,,2173,,2614,,1588,,2098,,4067,,1082,,3775,,3746,,3318,,2023,,2149,,1545,,2847,,2035,,1769,,2228,,1431,,1093,,2483,,1077,,1014,,1352,,1382,,4187,,2803,,4376,,4011,,2064,,6325,,3039,,3049,,4020,,4754,,11002,,5912,,6789,,7170,,4198,,9311,,5760,,4731,,2942,,4128,,7618,,6986,,3679,,4410,,5338,,4533,,5073,,7273,,9984,,5863,,2062,,5056,,,,4045,,4340,,,2688,2883,1646,3119,,6716,,5240,,7655,,,,4534,,4072,,,3492,4277,1870,4724
147.9322222,3052,,911,,2085,,2416,,635,,1407,,2545,,954,,1079,,2275,,4278,,3309,,7264,,2855,,1727,,5995,,6330,,1684,,4610,,2170,,2877,,1502,,2168,,2033,,872,,2903,,2176,,747,,3288,,1007,,2845,,2436,,2032,,2217,,1215,,2030,,998,,3832,,847,,3492,,863,,1066,,2917,,683,,1031,,2152,,1325,,1047,,2053,,4541,,2174,,6553,,4502,,1348,,4148,,6476,,1650,,2985,,4623,,11173,,2835,,3154,,5795,,3240,,3370,,4027,,8720,,2977,,6673,,4680,,3433,,3030,,2594,,4045,,8376,,3595,,1811,,2860,,3966,,2136,,4835,,1252,2026,3129,,2933,,1928,826,,,,,4194,,2318,,7018,,2348,2781,4049,,3251,,5291,1559,,,,
148.0947222,,1885,,1333,,2045,,1763,,1148,,2365,,955,,898,,3149,,2389,,6142,,2398,,5773,,4963,,1937,,8447,,5251,,4128,,3141,,4069,,3089,,1054,,2267,,2327,,1692,,3158,,2032,,2507,,1672,,2113,,4050,,1086,,3991,,3718,,3226,,2066,,2184,,1523,,2827,,1983,,1839,,2316,,1473,,1125,,2494,,1114,,1055,,1334,,1420,,4081,,2679,,4351,,3938,,2120,,6337,,2931,,3056,,3885,,4658,,10193,,5175,,6115,,6771,,4010,,8450,,5292,,4414,,2740,,3930,,6043,,5916,,3243,,3683,,4400,,4095,,4211,,5970,,7759,,5929,,2174,,4930,,,,3969,,4243,,,2705,2948,1699,3083,,6283,,5116,,7589,,,,4459,,4027,,,3452,4311,1786,4563
149.9322222,3017,,872,,2006,,2549,,658,,1379,,2576,,969,,1169,,2182,,4090,,3359,,7149,,2857,,1898,,5794,,6309,,1616,,4799,,2066,,2932,,1554,,2095,,2127,,943,,2903,,2159,,762,,3251,,1030,,2830,,2599,,1995,,2251,,1290,,1989,,959,,3814,,891,,3446,,1000,,1009,,2890,,676,,942,,2117,,1351,,1108,,2023,,4444,,2148,,6146,,4591,,1410,,3964,,6562,,1751,,3020,,4309,,10239,,2662,,2769,,5352,,2784,,3048,,3590,,7328,,2809,,5863,,4487,,3291,,3017,,2413,,3429,,6154,,3000,,1659,,2818,,3801,,2125,,4863,,1257,1992,3103,,2868,,1920,843,,,,,4137,,2379,,6679,,2354,2636,3989,,3231,,5418,1568,,,,
150.0947222,,1923,,1301,,1976,,1746,,1149,,2393,,962,,813,,3015,,2434,,6221,,2301,,5740,,4742,,1863,,8374,,4943,,4110,,3017,,3954,,3049,,1048,,2233,,2215,,1718,,3151,,2037,,2557,,1609,,2125,,4002,,1034,,4857,,3599,,3048,,1984,,2203,,1449,,2800,,1983,,1716,,2165,,1565,,1108,,2460,,1111,,1035,,1325,,1381,,4042,,2731,,4295,,3877,,2088,,6142,,2815,,2943,,3879,,4492,,9391,,4931,,5483,,6079,,3572,,7516,,4608,,3799,,2451,,3350,,4934,,4870,,2638,,3372,,4025,,3347,,3462,,5228,,5974,,5703,,2058,,4857,,,,3866,,3954,,,2640,2864,1638,2941,,6338,,4866,,7544,,,,4381,,4030,,,3463,4282,1864,4470
151.9322222,2912,,880,,1942,,2347,,637,,1326,,2501,,925,,1173,,2124,,4121,,3268,,6908,,2803,,1643,,5578,,6167,,1556,,4740,,2090,,2791,,1538,,2050,,1957,,871,,2986,,2123,,733,,3196,,1004,,2824,,2494,,1940,,1997,,1155,,1996,,986,,3732,,835,,3376,,885,,1065,,2978,,605,,1007,,2208,,1333,,1093,,1969,,4195,,1956,,5990,,4567,,1242,,3951,,6470,,1749,,2938,,4270,,9105,,2289,,2550,,4866,,2434,,2686,,3392,,6289,,2579,,5054,,4516,,3517,,2857,,2208,,2916,,4801,,2715,,1546,,2907,,3861,,2153,,4734,,1038,1902,2978,,2698,,1844,776,,,,,4075,,2424,,6570,,2342,2446,3818,,3153,,5416,1365,,,,
152.0947222,,1960,,1247,,2111,,1769,,1154,,2315,,918,,844,,2952,,2377,,6077,,2280,,5662,,4766,,1799,,8027,,4860,,4104,,2951,,3817,,2922,,1027,,2154,,2290,,1647,,3094,,1940,,2460,,1576,,2011,,3854,,1056,,4099,,3487,,2935,,2011,,2088,,1447,,2800,,1984,,1757,,2214,,1431,,1132,,2330,,1088,,1012,,1192,,1338,,3938,,2589,,4284,,3884,,1969,,6038,,2670,,2879,,3711,,4291,,8418,,4492,,5107,,5500,,3339,,6418,,4193,,3451,,2178,,3017,,4416,,4069,,2463,,3402,,4089,,3207,,3040,,4991,,4921,,5565,,1971,,4674,,,,3966,,3828,,,2564,2784,1590,3028,,6145,,4964,,7523,,,,4534,,3863,,,3333,3982,1696,4473
153.9322222,2827,,831,,1958,,2392,,623,,1252,,2512,,895,,1094,,2191,,3979,,3239,,6919,,2602,,1677,,5348,,6263,,1548,,4814,,2117,,2746,,1557,,1913,,2033,,878,,2892,,2076,,696,,3299,,991,,2750,,2597,,1839,,2051,,1145,,1977,,891,,3800,,812,,3333,,889,,1001,,2978,,606,,834,,2167,,1342,,1006,,1993,,4052,,1963,,6040,,4378,,1263,,3655,,6245,,1559,,2893,,4256,,8700,,2281,,2379,,4524,,2273,,2551,,3175,,5478,,2441,,4512,,4984,,4011,,3199,,2320,,2922,,3928,,2868,,1763,,3027,,3681,,2085,,4654,,1119,1851,2951,,2959,,1812,744,,,,,3953,,2395,,6369,,2321,2404,3743,,3091,,5649,1338,,,,
154.0947222,,1902,,1230,,2342,,1661,,1163,,2271,,973,,814,,2981,,2480,,5982,,2292,,5383,,4798,,1721,,7810,,4769,,3911,,2927,,3945,,2912,,1001,,2135,,2157,,1625,,3076,,2032,,2436,,1521,,2065,,3957,,991,,3693,,3492,,2924,,1978,,2086,,1409,,2702,,1951,,1688,,2164,,1434,,1037,,2404,,1085,,993,,1193,,1299,,3892,,2501,,4226,,3786,,2022,,5998,,2742,,2616,,3613,,4429,,7919,,4359,,4979,,5187,,3149,,5841,,3735,,3315,,2079,,2823,,4691,,3950,,2526,,3665,,4599,,3209,,3170,,5605,,4538,,5414,,2028,,4648,,,,3713,,3953,,,2535,2784,1574,2917,,6075,,4853,,7264,,,,4364,,3749,,,3327,4103,1661,4342
155.9322222,2906,,867,,1893,,2330,,652,,1272,,2462,,882,,1088,,2084,,3694,,3086,,6739,,2615,,1616,,5268,,6065,,1543,,5537,,2052,,2702,,1491,,1858,,1846,,813,,2878,,2068,,739,,3258,,948,,2595,,2550,,1772,,1987,,1112,,1921,,905,,3809,,834,,3284,,857,,1003,,2885,,649,,893,,2046,,1260,,1060,,2007,,3915,,1838,,5886,,4252,,1256,,3636,,6165,,1478,,2927,,4042,,8572,,2191,,2341,,4706,,2437,,2559,,3373,,5576,,2501,,4572,,5705,,4601,,3688,,2664,,3490,,4321,,3285,,1832,,3497,,3381,,2167,,4671,,1105,1803,2884,,2882,,1755,751,,,,,3753,,2316,,6351,,2240,2331,3599,,3034,,5550,1379,,,,
156.0947222,,1809,,1227,,2138,,1710,,1042,,2342,,934,,848,,2856,,2377,,5926,,2235,,5539,,5246,,1719,,7913,,4663,,3802,,2852,,3850,,2955,,921,,2165,,2097,,1573,,3036,,1927,,2400,,1507,,1961,,3937,,963,,3659,,3367,,2915,,2000,,2065,,1374,,2674,,1938,,1656,,2149,,1427,,1042,,2268,,1013,,923,,1151,,1172,,3795,,2366,,4125,,3674,,1804,,5816,,2516,,2666,,3507,,4269,,7843,,4431,,5221,,5086,,3276,,5727,,3977,,3246,,1981,,2930,,5497,,4424,,2899,,4243,,5610,,3677,,3633,,6671,,5000,,5523,,1903,,4509,,,,3742,,3635,,,2398,2637,1510,2915,,5880,,4644,,7195,,,,4332,,3858,,,3077,3981,1666,4267
157.9322222,2704,,814,,1787,,2266,,581,,1175,,2436,,835,,1009,,2039,,3636,,2928,,6484,,2379,,1468,,4987,,5854,,1448,,5377,,1973,,2529,,1442,,1762,,1871,,832,,2789,,2090,,712,,3083,,904,,2610,,2351,,1769,,1973,,1083,,1854,,857,,3575,,765,,3181,,872,,954,,2769,,623,,861,,2029,,1261,,1026,,1892,,3916,,1830,,5631,,4081,,1243,,3454,,6101,,1379,,2806,,3858,,9271,,2299,,2499,,4913,,2399,,2582,,3402,,6043,,2622,,4832,,6156,,4833,,3915,,2858,,4147,,5972,,3769,,1986,,3792,,3322,,2033,,4497,,1018,1662,2805,,2773,,1737,725,,,,,3648,,2248,,6317,,2052,2197,3402,,2907,,6056,1338,,,,
158.0947222,,1835,,1244,,1931,,1642,,1062,,2284,,903,,796,,2873,,2373,,5654,,2033,,5275,,5703,,1686,,7302,,4450,,3614,,2779,,3691,,2823,,920,,2021,,1911,,1465,,2952,,1952,,2309,,1442,,1919,,3700,,953,,3744,,3203,,2682,,1946,,2079,,1256,,2554,,1855,,1636,,2164,,1369,,1021,,2169,,1018,,922,,1049,,1192,,3723,,2462,,4016,,3511,,1857,,5577,,2365,,2433,,3537,,4142,,8394,,4585,,5304,,5336,,3374,,6148,,4022,,3544,,2112,,3008,,6891,,5177,,3040,,4496,,6501,,4059,,4088,,7651,,6871,,5205,,1657,,4304,,,,3548,,3529,,,2314,2682,1466,2648,,5634,,4440,,6997,,,,4227,,3677,,,2997,3746,1567,4226
159.9322222,2727,,817,,1914,,2252,,630,,1209,,2430,,845,,1090,,2181,,3665,,2916,,6618,,2380,,1600,,5029,,6123,,1373,,4991,,1995,,2501,,1344,,1749,,1863,,800,,2834,,2316,,666,,3180,,935,,2392,,2441,,1779,,1877,,1067,,1934,,806,,3744,,798,,3299,,895,,1024,,2857,,606,,831,,2040,,1270,,1026,,2032,,3736,,1798,,5766,,4114,,1193,,3308,,6000,,1494,,2840,,3692,,9943,,2371,,2808,,5138,,2695,,2739,,3678,,6964,,2709,,5633,,6402,,4904,,4220,,2991,,5134,,8635,,4238,,2188,,3800,,3248,,2093,,4451,,1067,1579,2643,,2704,,1716,710,,,,,3474,,2184,,6217,,2000,2152,3264,,2891,,7543,1305,,,,
160.0947222,,1771,,1163,,2115,,1766,,1031,,2384,,891,,836,,2766,,2263,,5804,,2150,,5571,,5175,,1641,,7304,,4459,,3657,,2839,,3732,,2991,,966,,2141,,1942,,1491,,2961,,1827,,2363,,1485,,1966,,3873,,961,,3896,,3179,,2709,,1998,,2009,,1329,,2510,,2002,,1647,,2103,,1417,,1002,,2259,,1057,,937,,1073,,1210,,3787,,2513,,4061,,3499,,1853,,5603,,2297,,2348,,3380,,4168,,9110,,4987,,5772,,5871,,3699,,7087,,4507,,3724,,2150,,3280,,8095,,6240,,3458,,4651,,6868,,4586,,4671,,8456,,9177,,5356,,1796,,4396,,,,3508,,3649,,,2322,2723,1435,2712,,5698,,4635,,7049,,,,4328,,3888,,,3082,3776,1605,4247
161.9322222,2745,,860,,1837,,2328,,571,,1208,,2380,,870,,1058,,2082,,3601,,2915,,6496,,2350,,1473,,4977,,5927,,1365,,4833,,1999,,2516,,1442,,1746,,1764,,856,,2836,,2600,,702,,3223,,907,,2522,,2556,,1708,,1784,,1085,,1935,,879,,3690,,789,,3115,,856,,1054,,2862,,651,,695,,1975,,1299,,1018,,1951,,3623,,1768,,5721,,3971,,1267,,3338,,6211,,1482,,2820,,3904,,10712,,2601,,3028,,5241,,2869,,2910,,3668,,7828,,2939,,6131,,6256,,4660,,4467,,3139,,5677,,10860,,4314,,2218,,3720,,3207,,2087,,4487,,1015,1651,2675,,2758,,1714,749,,,,,3459,,2178,,6218,,2121,2080,3323,,3003,,6661,1338,,,,
162.0947222,,1845,,1187,,1983,,1650,,1056,,2371,,901,,807,,2779,,2248,,5825,,2088,,5456,,4948,,1763,,7267,,4229,,3584,,2945,,3952,,2891,,948,,2118,,1979,,1495,,3003,,1950,,2375,,1485,,1989,,3862,,907,,3879,,3257,,2766,,1872,,2098,,1301,,2550,,1919,,1644,,2224,,1447,,1044,,2235,,1006,,902,,1019,,1198,,3737,,2460,,4067,,3540,,1809,,5632,,2294,,2305,,3401,,4037,,9775,,5002,,5874,,6669,,3825,,7929,,4794,,3978,,2367,,3490,,8841,,6649,,3466,,4652,,6911,,4749,,4985,,8638,,10867,,5338,,1787,,4241,,,,3477,,3578,,,2383,2631,1448,2764,,5632,,4325,,7152,,,,4275,,4003,,,3194,3773,1541,4408
163.9322222,2622,,831,,1821,,2224,,598,,1248,,2335,,875,,1006,,2116,,3523,,2962,,6435,,2308,,1475,,4885,,5710,,1392,,4761,,2016,,2462,,1512,,1683,,1854,,848,,2891,,2247,,677,,3192,,857,,2371,,2430,,1655,,1825,,1115,,1928,,849,,3771,,781,,3162,,850,,1074,,2711,,620,,816,,2038,,1257,,968,,1916,,3594,,1846,,5639,,3904,,1138,,3225,,5920,,1476,,2770,,3833,,11296,,2610,,3204,,5384,,2919,,2868,,3735,,8448,,3052,,6629,,5908,,4584,,4462,,3151,,5830,,12050,,4581,,2402,,3759,,3326,,2063,,4339,,1090,1553,2685,,2874,,1745,737,,,,,3311,,2263,,5987,,2125,2103,3234,,3063,,6450,1343,,,,
164.0947222,,1821,,1254,,2055,,1807,,1035,,2252,,878,,804,,2666,,2319,,5741,,2129,,5559,,4992,,1662,,7190,,4180,,3635,,2717,,3935,,2755,,893,,2119,,1978,,1341,,3007,,1882,,2324,,1439,,1980,,3863,,978,,3898,,3206,,2738,,1878,,2015,,1379,,2555,,1814,,1593,,2161,,1347,,1024,,2207,,1044,,955,,1104,,1164,,3734,,2386,,4165,,3654,,1833,,5688,,2269,,2295,,3337,,4028,,10120,,5087,,5896,,6883,,3942,,8175,,5132,,4121,,2456,,3742,,9028,,7169,,3542,,4534,,6730,,4842,,4986,,8180,,11844,,5392,,1716,,4396,,,,3496,,3635,,,2269,2596,1423,2704,,5583,,4251,,6927,,,,4315,,3887,,,3006,3671,1610,4472
165.9322222,2528,,825,,1874,,2232,,618,,1161,,2394,,872,,1069,,2093,,3338,,2908,,6360,,2345,,1464,,4767,,5806,,1412,,4698,,2025,,2422,,1392,,1707,,1758,,841,,2932,,2238,,676,,3144,,941,,2336,,2807,,1722,,1870,,1103,,1877,,865,,3775,,805,,3045,,904,,1034,,2807,,657,,773,,2018,,1337,,1067,,1950,,3432,,1882,,5549,,3836,,1244,,3154,,5685,,1529,,2760,,3696,,11278,,2695,,3120,,5224,,3082,,2862,,3569,,8364,,3129,,6946,,5633,,4357,,4438,,3211,,5984,,12352,,4593,,2338,,3387,,3175,,2111,,4466,,1036,1528,2647,,2827,,1810,738,,,,,3365,,2417,,6068,,1977,2024,3263,,2862,,6362,1325,,,,
166.0947222,,1817,,1226,,2104,,1732,,1047,,2371,,837,,759,,2595,,2305,,5685,,2005,,5603,,4695,,1739,,7005,,3986,,3393,,2779,,3806,,2751,,967,,2132,,1926,,1441,,2998,,1891,,2243,,1443,,1907,,3753,,965,,3863,,2997,,2597,,1937,,1950,,1290,,2468,,1822,,1463,,2096,,1379,,1019,,2139,,1021,,871,,1063,,1157,,3629,,2342,,3954,,3528,,1755,,5611,,2107,,2198,,3237,,3808,,9807,,4706,,5820,,7119,,3889,,8363,,5208,,4134,,2514,,3607,,8720,,7024,,3488,,4214,,6255,,4712,,4771,,7770,,11695,,5359,,1627,,4127,,,,3444,,3489,,,2315,2512,1368,2656,,5433,,4159,,6783,,,,4239,,3863,,,2922,3718,1571,4350
167.9322222,2258,,812,,1775,,2210,,626,,1099,,2301,,895,,1028,,2009,,3095,,2674,,6251,,2213,,1409,,4596,,5576,,1382,,4607,,2011,,2244,,1446,,1686,,1715,,755,,2776,,2053,,614,,3003,,880,,2271,,3132,,1523,,1724,,1014,,2016,,751,,3606,,744,,2927,,890,,1065,,2750,,615,,766,,1997,,1308,,1070,,1931,,3273,,1803,,5493,,3747,,1073,,3016,,5731,,1398,,2772,,3602,,10972,,2515,,3071,,4926,,3000,,2559,,3533,,8192,,2964,,6783,,5047,,3676,,4079,,2928,,5672,,11693,,4256,,1983,,2954,,2970,,2034,,4392,,984,1431,2431,,2833,,1623,764,,,,,3119,,2255,,5839,,1948,1918,2970,,2824,,6148,1219,,,,
168.0947222,,1700,,1122,,2089,,1869,,975,,2195,,826,,713,,2480,,2109,,5549,,2008,,6004,,4508,,1518,,6934,,4043,,3353,,2713,,3773,,2726,,886,,2027,,1905,,1243,,2928,,1856,,2181,,1391,,1939,,3675,,813,,3786,,2974,,2607,,1890,,1901,,1238,,2332,,1776,,1518,,2110,,1291,,959,,2206,,981,,891,,1006,,1165,,3568,,2233,,4083,,3379,,1625,,5487,,2152,,1948,,3158,,3839,,9875,,4554,,5580,,7048,,3908,,8163,,4823,,4055,,2415,,3481,,7930,,6654,,3218,,3821,,5585,,4312,,4550,,6761,,11060,,5119,,1532,,4062,,,,3248,,3360,,,2206,2527,1288,2625,,5132,,4116,,6613,,,,4219,,3824,,,2929,3604,1473,4209
169.9322222,2441,,787,,1769,,2226,,535,,1118,,2235,,875,,995,,2051,,3349,,2633,,5928,,2091,,1321,,4341,,5433,,1254,,4613,,1822,,2369,,1374,,1559,,1688,,791,,2705,,2008,,631,,2961,,868,,2262,,3055,,1445,,1719,,1065,,2374,,808,,3460,,757,,2918,,793,,1016,,2755,,569,,747,,1926,,1228,,1008,,1833,,3284,,1660,,5278,,3558,,1100,,2874,,5748,,1305,,2655,,3383,,10810,,2358,,2775,,4790,,2722,,2467,,3179,,7897,,2847,,6348,,4415,,3237,,3644,,2592,,4931,,10427,,3692,,1856,,2483,,2853,,2009,,4253,,939,1403,2393,,2742,,1607,659,,,,,3110,,2168,,5558,,1851,1806,2849,,2727,,6044,1215,,,,
170.0947222,,1763,,1191,,2012,,1933,,995,,2250,,826,,726,,2586,,2090,,5367,,1996,,6716,,4466,,1462,,6421,,3945,,3284,,2605,,3723,,2693,,881,,2111,,1824,,1221,,2793,,1767,,2188,,1374,,1763,,3680,,818,,3682,,3082,,2403,,1859,,1922,,1233,,2260,,1777,,1503,,1990,,1297,,980,,2042,,970,,894,,969,,1058,,3415,,2202,,4165,,3224,,1505,,5249,,2003,,1983,,3018,,3708,,9768,,4342,,5285,,7148,,3691,,7970,,4599,,3666,,2219,,3260,,6928,,5803,,2863,,3187,,4593,,3820,,3955,,5780,,9976,,4874,,1449,,3838,,,,3151,,3228,,,2157,2364,1285,2465,,5106,,4044,,6561,,,,4182,,3741,,,2749,3398,1441,4043
171.9322222,2306,,746,,1694,,2195,,585,,1062,,2275,,774,,1025,,1931,,3010,,2584,,6001,,2015,,1401,,4148,,5516,,1260,,4373,,1812,,2295,,1324,,1516,,1718,,775,,2902,,2117,,643,,3041,,807,,2084,,2730,,1531,,1646,,961,,2079,,793,,3558,,666,,2846,,767,,936,,2654,,553,,686,,1787,,1332,,1002,,1891,,3073,,1654,,5067,,3558,,1091,,2736,,5539,,1274,,2677,,3302,,9817,,2142,,2525,,4191,,2507,,2279,,2968,,7263,,2698,,5869,,3711,,2713,,3296,,2303,,4022,,8523,,3102,,1615,,2124,,2809,,1940,,4173,,922,1346,2276,,2703,,1553,682,,,,,2918,,2128,,5576,,1930,1753,2901,,2609,,5761,1152,,,,
172.0947222,,1694,,1185,,2008,,1867,,966,,2239,,846,,696,,2473,,2024,,5084,,1874,,5951,,4354,,1442,,6370,,3817,,3106,,2647,,3598,,2598,,866,,1970,,1721,,1148,,2695,,1723,,2046,,1239,,1703,,3694,,830,,3447,,2906,,2445,,1819,,1923,,1208,,2318,,1765,,1484,,1949,,1339,,941,,2067,,862,,851,,947,,1007,,3388,,2131,,3865,,3222,,1589,,5033,,1937,,1857,,2882,,3489,,9000,,4071,,4596,,6591,,3521,,7548,,4217,,3439,,2048,,2971,,5800,,4866,,2500,,2642,,3949,,3335,,3294,,4752,,8294,,5016,,1354,,3751,,,,3002,,3287,,,2173,2341,1221,2375,,4770,,3820,,6340,,,,4161,,3800,,,2689,3152,1352,4125
173.9322222,2263,,751,,1685,,2214,,526,,982,,2210,,795,,1004,,1968,,2844,,2434,,5811,,1897,,1262,,4103,,5268,,1221,,4588,,1824,,2207,,1314,,1499,,1592,,759,,2930,,2142,,603,,2932,,804,,1973,,2668,,1410,,1547,,1006,,2004,,740,,3483,,724,,2727,,776,,997,,2629,,572,,690,,1805,,1218,,928,,1866,,2924,,1531,,5071,,3293,,1046,,2647,,5210,,1218,,2618,,3339,,9240,,2000,,2336,,4007,,2318,,2021,,2654,,6516,,2371,,5306,,3419,,2552,,3000,,2023,,3497,,6934,,2696,,1412,,1894,,2596,,1935,,4162,,929,1273,2198,,2631,,1601,679,,,,,2926,,2167,,5482,,1783,1617,2691,,2532,,5933,1120,,,,
174.0947222,,1722,,1152,,1962,,1700,,994,,2257,,803,,692,,2363,,1951,,5078,,1790,,5681,,4347,,1418,,6351,,3763,,2996,,2705,,3733,,2623,,800,,2028,,1696,,1234,,2690,,1671,,2039,,1299,,1783,,3719,,819,,3532,,2772,,2363,,1824,,1929,,1141,,2280,,1771,,1404,,1967,,1330,,904,,2033,,952,,864,,953,,1043,,3384,,2036,,3814,,3221,,1554,,4720,,1775,,1881,,2829,,3456,,8550,,3716,,4413,,5892,,3214,,6760,,3841,,3053,,1882,,2667,,4767,,4165,,2216,,2416,,3424,,2914,,2973,,4170,,6779,,4841,,1250,,3718,,,,3123,,3161,,,2078,2328,1167,2366,,4781,,3827,,6448,,,,3916,,3664,,,2677,3094,1447,4111