Time,dkaiA_wt.1.1.a,dkaiA_wt.1.2.a,dkaiA_wt.1.1.b,dkaiA_wt.1.2.b,dkaiA_wt.1.3.a,dkaiA_wt.2.1.a,dkaiA_wt.2.2.a,dkaiA_wt.2.3.a,dkaiA_wt.3.1.a,dkaiA_wt.3.2.a,dkaiA_wt.4.1.a,dkaiA_wt.4.2.a,dkaiA_wt.1.1.b,dkaiA_wt.1.2.b,dkaiA_wt.1.3.b,dkaiA_wt.2.1.b,dkaiA_wt.2.2.b,dkaiA_wt.2.3.b,dkaiA_wt.3.1.b,dkaiA_wt.3.2.b,dkaiA_wt.4.1.b,dkaiA_wt.4.2.b,dkaiA_ctrl.1.1.a,dkaiA_ctrl.1.2.a,dkaiA_ctrl.1.3.a,dkaiA_ctrl.2.1.a,dkaiA_ctrl.2.2.a,dkaiA_ctrl.2.3.a,dkaiA_ctrl.3.1.a,dkaiA_ctrl.3.2.a,dkaiA_ctrl.4.1.a,dkaiA_ctrl.4.2.a,dkaiA_148.1.1.a,dkaiA_148.1.2.a,dkaiA_148.1.3.a,dkaiA_148.2.1.a,dkaiA_148.2.2.a,dkaiA_148.2.3.a,dkaiA_148.3.1.a,dkaiA_148.3.2.a,dkaiA_148.4.1.a,dkaiA_148.4.2.a,dkaiA_L156A.1.1.a,dkaiA_L156A.1.2.a,dkaiA_L156A.1.3.a,dkaiA_L156A.2.1.a,dkaiA_L156A.2.2.a,dkaiA_L156A.2.3.a,dkaiA_L156A.3.1.a,dkaiA_L156A.3.2.a,dkaiA_L156A.4.1.a,dkaiA_L156A.4.2.a,dkaiA_148L156A.1.1.a,dkaiA_148L156A.1.2.a,dkaiA_148L156A.1.3.a,dkaiA_148L156A.2.1.a,dkaiA_148L156A.2.2.a,dkaiA_148L156A.2.3.a,dkaiA_148L156A.3.1.a,dkaiA_148L156A.3.2.a,dkaiA_148L156A.4.1.a,dkaiA_148L156A.4.2.a,dkaiA_164.1.1.a,dkaiA_164.1.2.a,dkaiA_164.1.3.a,dkaiA_164.2.1.a,dkaiA_164.2.2.a,dkaiA_164.2.3.a,dkaiA_164.3.1.a,dkaiA_164.3.2.a,dkaiA_164.4.1.a,dkaiA_164.4.2.a,dkaiA_181.1.1.a,dkaiA_181.1.2.a,dkaiA_181.1.3.a,dkaiA_181.2.1.a,dkaiA_181.2.2.a,dkaiA_181.3.1.a,dkaiA_181.3.2.a,dkaiA_181.4.1.a,dkaiA_181.4.2.a,kaiA148.1.1.a,kaiA148.1.2.a,kaiA148.1.3.a,kaiA148.1.4.a,kaiA148.1.5.a,kaiA148.2.1.a,kaiA148.2.2.a,kaiA148.2.3.a,kaiA148.2.4.a,kaiA148L156A.1.1.a,kaiA148L156A.1.2.a,kaiA148L156A.1.3.a,kaiA148L156A.1.4.a,kaiA148L156A.1.5.a,kaiA148L156A.2.1.a,kaiA148L156A.2.2.a,kaiA148L156A.2.3.a,kaiA148L156A.2.4.a,kaiA.1.1.a,kaiA.1.2.a,kaiA.1.3.a,kaiA.1.4.a,kaiA.1.5.a,kaiA.1.6.a,kaiA.1.7.a,kaiA.1.8.a,kaiA.1.9.a,dkaiA_ctrl.1.1.b,dkaiA_ctrl.1.2.b,dkaiA_ctrl.1.3.b,dkaiA_ctrl.2.1.b,dkaiA_ctrl.2.2.b,dkaiA_ctrl.2.3.b,dkaiA_ctrl.3.1.b,dkaiA_ctrl.3.2.b,dkaiA_ctrl.4.1.b,dkaiA_ctrl.4.2.b,dkaiA_148.1.1.b,dkaiA_148.1.2.b,dkaiA_148.1.3.b,dkaiA_148.2.1.b,dkaiA_148.2.2.b,dkaiA_148.2.3.b,dkaiA_148.3.1.b,dkaiA_148.3.2.b,dkaiA_148.4.1.b,dkaiA_148.4.2.b,dkaiA_L156A.1.1.b,dkaiA_L156A.1.2.b,dkaiA_L156A.1.3.b,dkaiA_L156A.2.1.b,dkaiA_L156A.2.2.b,dkaiA_L156A.2.3.b,dkaiA_L156A.3.1.b,dkaiA_L156A.3.2.b,dkaiA_L156A.4.1.b,dkaiA_L156A.4.2.b,dkaiA_148L156A.1.1.b,dkaiA_148L156A.1.2.b,dkaiA_148L156A.1.3.b,dkaiA_148L156A.2.1.b,dkaiA_148L156A.2.2.b,dkaiA_148L156A.2.3.b,dkaiA_148L156A.3.1.b,dkaiA_148L156A.3.2.b,dkaiA_148L156A.4.1.b,dkaiA_148L156A.4.2.b,dkaiA_164.1.1.b,dkaiA_164.1.2.b,dkaiA_164.1.3.b,dkaiA_164.2.1.b,dkaiA_164.2.2.b,dkaiA_164.2.3.b,dkaiA_164.3.1.b,dkaiA_164.3.2.b,dkaiA_164.4.1.b,dkaiA_164.4.2.b,dkaiA_181.1.1.b,dkaiA_181.1.2.b,dkaiA_181.1.3.b,dkaiA_181.2.1.b,dkaiA_181.2.2.b,dkaiA_181.3.1.b,dkaiA_181.3.2.b,dkaiA_181.4.1.b,dkaiA_181.4.2.b,kaiA148.1.1.b,kaiA148.1.2.b,kaiA148.1.3.b,kaiA148.2.1.b,kaiA148.2.2.b,kaiA148.3.1.b,kaiA148.3.2.b,kaiA148.4.1.b,kaiA148.4.2.b,kaiA148L156A.1.1.b,kaiA148L156A.1.2.b,kaiA148L156A.1.3.b,kaiA148L156A.2.1.b,kaiA148L156A.2.2.b,kaiA148L156A.3.1.b,kaiA148L156A.3.2.b,kaiA148L156A.4.1.b,kaiA148L156A.4.2.b,kaiA.1.1.b,kaiA.1.5.b,kaiA.1.9.b,kaiA.1.2.b,kaiA.1.6.b,kaiA.1.3.b,kaiA.1.7.b,kaiA.1.4.b,kaiA.1.8.b
7.920833333,4770,6325,,,7543,6854,5768,7961,6017,6463,6642,6370,,,,,,,,,,,692,389,467,492,399,568,384,316,183,184,668,493,585,424,494,646,450,395,357,412,3643,3052,4747,3822,4720,5311,3192,4478,4147,5040,4794,5503,6325,6038,5593,6857,4754,6188,4879,6463,2396,2025,2949,2351,2203,2181,2000,2180,1925,2568,5702,5669,10613,5221,6736,5332,7219,5425,8846,838,465,440,506,614,354,212,245,323,5155,3985,3853,4253,5703,4104,3563,4314,4775,6444,5552,6237,6217,6511,5663,7020,7564,8395,,,,,,,,,,,,,,,,,,,,,,,,,,,,,,,,,,,,,,,,,,,,,,,,,,,,,,,,,,,,,,,,,,,,,,,,,,,,,,,,,,,,,,
8.083333333,,,4732,6029,,,,,,,,,4732,6029,4762,6499,6400,5918,6539,6821,7773,7613,,,,,,,,,,,,,,,,,,,,,,,,,,,,,,,,,,,,,,,,,,,,,,,,,,,,,,,,,,,,,,,,,,,,,,,,,,,,,,,,,,,,,,,368,432,456,312,310,324,321,362,233,223,507,455,387,390,450,441,477,452,575,440,3965,3801,3105,4478,4560,4256,5696,4910,4197,3844,4734,5538,4642,6513,7124,6032,5485,5270,5189,4772,2199,2235,2067,2798,3135,2181,1977,1871,1543,1642,8109,9400,9911,5085,5348,5143,5116,6787,5847,543,633,579,256,320,422,383,283,292,4125,4865,2895,3180,3280,3644,3621,4861,4707,5511,5795,4965,5948,5983,7176,6962,8126,7964
9.920833333,5501,7071,,,8985,8074,6117,9869,6779,6776,7595,7022,,,,,,,,,,,853,405,483,521,389,594,468,302,179,175,843,462,537,439,449,716,437,354,311,356,4006,2444,3901,3413,4057,5207,2833,3920,3692,4286,5945,5581,6066,6604,5559,7717,4994,6396,4837,6826,2775,1431,2448,2207,1673,1564,1471,1636,1378,2019,5793,4571,9955,4870,5666,4679,5884,4409,7617,941,498,487,516,773,424,240,265,320,5623,4153,3040,4305,7959,4741,3289,3788,5932,7870,7723,8513,7478,7841,7189,8663,10093,11887,,,,,,,,,,,,,,,,,,,,,,,,,,,,,,,,,,,,,,,,,,,,,,,,,,,,,,,,,,,,,,,,,,,,,,,,,,,,,,,,,,,,,,
10.08333333,,,5076,7000,,,,,,,,,5076,7000,5251,6844,7519,6634,6955,7842,9270,9007,,,,,,,,,,,,,,,,,,,,,,,,,,,,,,,,,,,,,,,,,,,,,,,,,,,,,,,,,,,,,,,,,,,,,,,,,,,,,,,,,,,,,,,389,488,413,312,295,312,294,368,300,273,417,399,396,351,376,374,526,502,615,468,3133,3385,2524,3671,4078,3371,6192,5060,3914,3528,4436,5750,4565,6880,8203,5587,6209,6038,5280,4828,1341,1695,1297,2603,3209,1378,1745,1548,1107,1040,6207,8181,7384,4967,4806,4458,4291,5411,4611,526,814,653,267,338,408,437,271,235,4604,4803,2287,3196,3281,3372,3217,5798,4735,6167,7846,6393,6763,6996,9620,9008,12834,10462
11.92083333,6393,8875,,,11654,8693,6967,10829,8585,7610,9407,8186,,,,,,,,,,,931,516,586,646,456,782,533,404,197,162,929,547,637,488,549,992,536,454,355,406,3543,1898,2999,3156,3657,4879,2111,3511,3301,3711,5411,5326,5184,6986,5707,8105,4306,7229,4413,7521,2271,1053,2091,1980,1295,941,1105,1388,795,1631,3719,2642,7069,3716,3512,3140,3879,2747,5267,1177,657,642,678,1093,530,289,329,419,5868,4553,2285,4634,9931,5020,3216,3084,8018,7950,7755,9347,10531,11126,9033,11917,14145,15143,,,,,,,,,,,,,,,,,,,,,,,,,,,,,,,,,,,,,,,,,,,,,,,,,,,,,,,,,,,,,,,,,,,,,,,,,,,,,,,,,,,,,,
12.08333333,,,9277,9116,,,,,,,,,9277,9116,8356,8728,9359,7043,8105,8529,8734,8389,,,,,,,,,,,,,,,,,,,,,,,,,,,,,,,,,,,,,,,,,,,,,,,,,,,,,,,,,,,,,,,,,,,,,,,,,,,,,,,,,,,,,,,876,1118,849,860,905,712,831,946,681,606,968,1081,949,940,1092,792,1170,1180,1092,871,3048,3902,2901,3536,4054,2961,4496,4284,4475,4241,3922,5668,4055,6012,6252,4259,7056,6765,6209,5338,1148,1878,1450,2309,2568,1260,1869,1838,1315,1241,3892,4755,4311,5729,5729,4325,4100,4364,3607,1429,1876,1764,711,719,1429,1317,845,765,5426,6526,2860,3893,4043,3732,3720,5536,4389,8544,9356,9400,9391,8539,8618,8596,10607,9319
13.92083333,7634,7819,,,8181,10315,5675,10357,9235,5119,8824,5502,,,,,,,,,,,901,511,386,472,384,692,429,295,217,135,926,480,394,488,414,860,399,368,355,302,4409,1770,1784,2835,2776,3053,1714,2475,2628,2581,6782,4234,2787,6038,4267,5000,3155,4896,3522,5055,2558,790,1294,1611,700,525,826,831,554,1031,5447,2452,4644,3882,2797,3166,2958,2084,3579,1156,739,566,555,980,452,306,292,362,7713,4583,1710,3571,7085,5695,2973,2380,5257,12937,10603,10666,9273,9029,6356,8735,9946,11780,,,,,,,,,,,,,,,,,,,,,,,,,,,,,,,,,,,,,,,,,,,,,,,,,,,,,,,,,,,,,,,,,,,,,,,,,,,,,,,,,,,,,,
14.08333333,,,6928,10251,,,,,,,,,6928,10251,7426,6727,8176,5165,6963,7464,8559,7895,,,,,,,,,,,,,,,,,,,,,,,,,,,,,,,,,,,,,,,,,,,,,,,,,,,,,,,,,,,,,,,,,,,,,,,,,,,,,,,,,,,,,,,402,521,434,326,360,293,307,347,231,221,354,391,398,329,402,335,452,463,503,444,1757,2326,1785,1962,2520,1631,3696,3093,3028,2542,2076,4006,2432,4339,5808,2538,6943,6319,4514,3377,479,889,600,1297,1864,513,975,964,757,536,2316,3722,2746,4193,3999,2886,2802,2971,2536,481,903,695,380,382,580,599,388,317,5137,6476,1700,2753,3003,3051,2660,5169,3477,8294,10235,6795,8270,8669,9150,9209,12559,11016
15.92083333,5926,6146,,,6326,8353,3883,8505,7130,3880,6592,4151,,,,,,,,,,,490,249,236,283,239,324,248,188,100,85,455,312,261,237,263,430,249,244,216,162,2754,1043,1058,1711,1475,1828,1116,1453,1578,1460,4917,3098,1825,4551,3080,3662,1988,3522,2496,3647,1510,432,746,868,391,306,473,474,392,515,3763,1576,3100,2816,1909,2258,1928,1252,2532,619,467,352,398,477,315,201,164,239,5362,3165,1011,2308,5040,4114,1880,1442,3503,10331,8446,8323,7613,7534,5042,7319,7598,9159,,,,,,,,,,,,,,,,,,,,,,,,,,,,,,,,,,,,,,,,,,,,,,,,,,,,,,,,,,,,,,,,,,,,,,,,,,,,,,,,,,,,,,
16.08333333,,,5391,8265,,,,,,,,,5391,8265,5834,5317,6431,3610,5414,5891,6660,6108,,,,,,,,,,,,,,,,,,,,,,,,,,,,,,,,,,,,,,,,,,,,,,,,,,,,,,,,,,,,,,,,,,,,,,,,,,,,,,,,,,,,,,,315,321,275,213,246,193,213,224,142,134,277,302,227,243,269,181,303,269,323,258,1044,1514,1149,1263,1548,1026,2284,2011,1996,1609,1369,2818,1596,3182,4410,1740,5248,4818,3300,2509,332,489,355,747,1082,329,601,515,392,342,1607,2587,1909,3058,3072,1967,1838,2086,1809,364,538,473,277,242,380,410,243,244,3767,4805,1139,1761,2051,1887,1781,3740,2360,7184,8227,5626,7450,7720,7584,7745,10182,8876
17.92083333,4312,4848,,,4810,6218,2636,6294,5424,2828,5137,3047,,,,,,,,,,,305,176,194,181,175,205,263,148,86,70,266,223,167,209,194,230,201,162,178,116,1796,594,573,1074,909,1088,677,844,1003,767,3387,1745,1073,3071,1823,2390,1141,2160,1478,2195,853,298,426,541,257,190,288,381,268,341,2367,975,1963,1851,1119,1302,1182,731,1521,399,393,248,273,337,223,181,161,192,3641,1890,631,1392,3415,2795,1238,912,2261,7664,6589,6563,5609,4551,3343,5152,5779,6971,,,,,,,,,,,,,,,,,,,,,,,,,,,,,,,,,,,,,,,,,,,,,,,,,,,,,,,,,,,,,,,,,,,,,,,,,,,,,,,,,,,,,,
18.08333333,,,4013,6359,,,,,,,,,4013,6359,5090,4000,5292,2578,4095,4457,5014,4704,,,,,,,,,,,,,,,,,,,,,,,,,,,,,,,,,,,,,,,,,,,,,,,,,,,,,,,,,,,,,,,,,,,,,,,,,,,,,,,,,,,,,,,156,273,212,151,194,144,189,209,114,114,154,271,209,166,220,150,202,201,259,222,617,885,730,723,980,611,1340,1150,1073,908,767,1633,944,1991,3137,1048,3759,3558,2075,1465,184,372,252,430,636,210,406,301,262,220,976,1576,1180,2032,1984,1219,1148,1286,1105,294,308,404,223,206,313,351,195,201,2481,3361,747,1207,1384,1161,1183,2432,1508,5566,6646,3855,4879,5664,5956,5799,7768,6827
19.92083333,2974,3204,,,3124,4573,1847,4420,3947,1860,3484,2020,,,,,,,,,,,163,198,168,167,144,141,167,138,70,35,213,181,165,160,172,161,152,129,141,110,1109,399,367,765,704,728,446,604,627,532,2158,1159,606,2015,1148,1398,666,1314,879,1380,531,263,304,397,168,166,238,230,180,306,1476,625,1205,1171,688,827,761,460,910,293,302,197,224,238,216,141,134,148,2514,1262,545,957,2233,1845,870,677,1408,5529,4934,4755,3953,3087,2182,3409,4269,5206,,,,,,,,,,,,,,,,,,,,,,,,,,,,,,,,,,,,,,,,,,,,,,,,,,,,,,,,,,,,,,,,,,,,,,,,,,,,,,,,,,,,,,
20.08333333,,,2969,4986,,,,,,,,,2969,4986,3805,2754,3786,1735,2773,3010,3667,3343,,,,,,,,,,,,,,,,,,,,,,,,,,,,,,,,,,,,,,,,,,,,,,,,,,,,,,,,,,,,,,,,,,,,,,,,,,,,,,,,,,,,,,,164,199,178,151,168,116,139,160,80,114,157,216,182,144,179,136,195,148,231,200,433,614,459,484,647,376,885,831,779,679,484,979,571,1284,1964,747,2541,2424,1303,948,148,243,213,349,403,158,346,311,197,190,619,1018,771,1375,1249,773,756,823,739,219,240,326,172,207,303,287,178,173,1655,2298,604,949,1032,888,900,1667,1060,4082,5044,2538,3337,3786,3976,3733,6087,5134
21.92083333,1902,2190,,,2100,3159,1183,2986,2751,1147,2279,1319,,,,,,,,,,,161,115,165,128,122,113,112,95,42,32,177,157,173,141,176,132,130,95,98,83,753,232,279,556,471,591,353,422,471,388,1338,781,423,1293,723,968,523,930,696,907,378,187,241,345,125,123,170,225,142,221,952,458,718,796,452,588,525,295,646,208,253,171,182,199,177,131,90,143,1677,865,385,712,1346,1223,664,584,906,4049,3456,3316,2561,2322,1695,2295,2830,3518,,,,,,,,,,,,,,,,,,,,,,,,,,,,,,,,,,,,,,,,,,,,,,,,,,,,,,,,,,,,,,,,,,,,,,,,,,,,,,,,,,,,,,
22.08333333,,,2061,3669,,,,,,,,,2061,3669,2637,1898,2430,1219,1728,2032,2495,2208,,,,,,,,,,,,,,,,,,,,,,,,,,,,,,,,,,,,,,,,,,,,,,,,,,,,,,,,,,,,,,,,,,,,,,,,,,,,,,,,,,,,,,,131,175,170,142,125,116,135,133,80,84,140,198,144,144,158,102,161,186,191,159,345,472,309,381,504,297,682,612,564,467,335,699,470,879,1395,447,1794,1603,833,706,134,234,183,260,297,142,264,251,169,179,388,660,508,959,894,548,550,589,523,207,191,277,177,155,238,216,142,160,1135,1617,471,729,808,741,667,1038,802,2908,3472,1893,2529,2829,2778,2777,4289,3771
23.92083333,1343,1434,,,1442,2190,720,2095,1808,797,1542,878,,,,,,,,,,,118,99,122,136,129,82,121,74,60,70,112,152,129,109,123,95,129,81,110,85,559,174,262,468,343,479,267,374,427,372,897,634,306,953,586,765,403,646,473,683,257,154,200,277,94,119,188,185,140,204,550,310,502,593,374,433,391,211,458,190,215,168,160,134,138,94,105,109,1156,709,329,521,924,888,534,449,614,2793,2534,2099,1787,1720,1221,1724,1860,2290,,,,,,,,,,,,,,,,,,,,,,,,,,,,,,,,,,,,,,,,,,,,,,,,,,,,,,,,,,,,,,,,,,,,,,,,,,,,,,,,,,,,,,
24.08333333,,,1656,2474,,,,,,,,,1656,2474,1680,1160,1556,868,1583,1889,2712,2548,,,,,,,,,,,,,,,,,,,,,,,,,,,,,,,,,,,,,,,,,,,,,,,,,,,,,,,,,,,,,,,,,,,,,,,,,,,,,,,,,,,,,,,226,352,290,212,223,134,196,178,131,131,211,349,227,215,245,163,257,235,409,326,330,593,364,546,676,391,956,935,735,656,426,964,639,1389,1459,805,1482,1335,912,712,174,351,235,484,466,221,408,407,255,241,443,694,583,1029,940,541,563,616,507,195,304,367,268,253,309,337,183,178,1054,1215,477,752,780,788,748,1271,948,1256,1418,1012,1887,1730,2643,2692,3542,3174
25.92083333,852,1055,,,971,930,640,1059,1000,854,950,845,,,,,,,,,,,251,113,121,168,128,197,157,109,87,62,309,156,148,115,147,206,176,143,109,102,667,281,524,656,724,744,506,614,593,705,634,584,486,719,520,703,539,662,562,651,428,169,330,244,208,194,205,232,150,241,442,307,615,453,425,416,358,324,430,274,187,155,181,221,161,104,118,116,706,654,371,684,760,730,530,483,768,695,684,609,721,817,669,738,665,661,,,,,,,,,,,,,,,,,,,,,,,,,,,,,,,,,,,,,,,,,,,,,,,,,,,,,,,,,,,,,,,,,,,,,,,,,,,,,,,,,,,,,,
26.08333333,,,889,962,,,,,,,,,889,962,1072,1046,1167,834,947,961,1211,1133,,,,,,,,,,,,,,,,,,,,,,,,,,,,,,,,,,,,,,,,,,,,,,,,,,,,,,,,,,,,,,,,,,,,,,,,,,,,,,,,,,,,,,,133,143,137,121,98,90,109,115,124,124,121,163,106,114,117,99,180,151,241,189,502,621,446,651,804,534,1168,884,666,691,445,573,436,778,927,628,695,690,629,537,171,242,212,442,523,147,212,233,162,148,359,605,481,494,467,361,385,416,333,185,249,225,159,142,191,146,133,87,756,767,429,471,532,510,477,1070,851,656,730,803,762,685,663,733,730,720
27.92083333,1243,1602,,,1847,1328,1067,1521,1438,1475,1488,1484,,,,,,,,,,,384,215,249,260,248,313,279,133,117,63,458,214,238,211,222,346,285,176,197,152,1559,1087,1892,2309,3422,3070,1660,2667,2501,2755,1444,1396,1307,1535,1299,1591,1180,1706,1250,1826,826,285,622,462,438,199,314,381,237,551,806,887,1290,1194,1302,1152,1348,882,1857,413,364,274,332,404,340,150,166,221,1163,1269,542,1545,1321,1174,1118,857,1391,709,529,611,656,794,814,665,668,610,,,,,,,,,,,,,,,,,,,,,,,,,,,,,,,,,,,,,,,,,,,,,,,,,,,,,,,,,,,,,,,,,,,,,,,,,,,,,,,,,,,,,,
28.08333333,,,1342,1276,,,,,,,,,1342,1276,1216,1763,1556,1514,1516,1668,2054,1773,,,,,,,,,,,,,,,,,,,,,,,,,,,,,,,,,,,,,,,,,,,,,,,,,,,,,,,,,,,,,,,,,,,,,,,,,,,,,,,,,,,,,,,229,246,289,193,189,195,209,217,240,205,239,232,188,188,251,188,333,341,409,331,1688,2698,1641,2506,3654,1868,4311,3922,2474,2556,1083,1501,1054,1824,2107,1464,1289,1370,1311,1364,219,536,268,833,954,250,448,394,248,228,1103,1789,1530,1298,1202,1109,1217,1424,1019,317,464,521,211,292,292,311,246,192,1148,1397,615,1014,1339,1224,1259,1866,2155,648,621,938,662,711,696,711,768,654
29.92083333,2393,4713,,,5374,3309,2895,3960,3336,3551,4081,3911,,,,,,,,,,,709,450,570,511,490,547,529,288,265,171,860,496,516,421,543,673,513,462,411,317,2719,2325,3965,4929,7535,7219,3020,6817,5355,6318,2996,4249,3189,3390,4102,4878,2779,4954,3297,5430,1431,571,1426,1050,1042,439,599,1110,388,1397,1191,1947,2535,2626,3185,2423,3597,1793,3873,828,860,668,842,846,741,241,320,518,1989,2456,872,3192,2467,2060,2538,1849,2880,1820,1411,1895,2144,3033,2390,2552,2095,1976,,,,,,,,,,,,,,,,,,,,,,,,,,,,,,,,,,,,,,,,,,,,,,,,,,,,,,,,,,,,,,,,,,,,,,,,,,,,,,,,,,,,,,
30.08333333,,,2560,2955,,,,,,,,,2560,2955,2981,3610,4488,3399,4120,4974,5724,5336,,,,,,,,,,,,,,,,,,,,,,,,,,,,,,,,,,,,,,,,,,,,,,,,,,,,,,,,,,,,,,,,,,,,,,,,,,,,,,,,,,,,,,,418,488,530,319,391,256,348,469,479,492,367,482,384,344,493,319,760,790,756,631,3123,5380,2907,5324,7527,3395,7935,7816,4774,4371,2532,4643,2911,5290,5278,3121,2608,2892,3505,3353,406,1253,595,1843,1787,440,1005,773,570,425,2294,3405,3406,2121,2404,1986,2201,3190,2045,719,822,1072,454,553,746,684,473,387,1699,2034,844,2257,2889,2710,2779,3210,4241,1890,1911,2246,2305,2435,2433,2540,2241,1881
31.92083333,3633,8023,,,10383,5380,4654,8808,5610,5865,6958,6488,,,,,,,,,,,1023,767,982,742,858,902,1021,533,437,233,1093,806,933,595,885,1054,874,980,757,496,3658,2825,5370,6001,9282,9498,3696,8540,6780,8630,4382,6686,5662,5008,6323,8279,4024,7595,5074,8631,1636,1029,2154,1570,1317,593,849,1900,562,2109,1379,2221,2792,2740,3941,2864,4061,2149,4196,1363,1421,1246,1493,1346,1365,550,684,1302,3045,3512,1296,4816,4501,2908,3825,3166,4686,4219,3772,4652,5650,6967,5801,6272,5803,5684,,,,,,,,,,,,,,,,,,,,,,,,,,,,,,,,,,,,,,,,,,,,,,,,,,,,,,,,,,,,,,,,,,,,,,,,,,,,,,,,,,,,,,
32.08333333,,,3535,5087,,,,,,,,,3535,5087,4414,5720,6715,5484,6700,8081,10446,9961,,,,,,,,,,,,,,,,,,,,,,,,,,,,,,,,,,,,,,,,,,,,,,,,,,,,,,,,,,,,,,,,,,,,,,,,,,,,,,,,,,,,,,,595,840,745,518,679,475,806,936,1212,841,609,814,620,552,853,500,1272,1162,1271,1069,3871,6815,3879,6739,9154,4292,9837,9727,5913,5092,3890,7254,4932,8043,8462,5299,3769,4145,5131,5022,626,1749,765,2517,2215,666,1676,1217,908,591,2676,3439,4055,2390,2549,2456,2674,3356,2481,1293,1388,1907,846,1032,1539,1402,1220,730,2395,2930,1327,3564,4337,4029,4370,4884,6283,4328,4728,4711,5474,5792,6084,6064,6115,4721
33.92083333,4267,10377,,,14375,6770,5676,12938,6888,7315,8933,8447,,,,,,,,,,,1296,895,1287,1038,1142,1237,1347,930,645,345,1300,1057,1311,924,1101,1375,1335,1262,1053,719,3872,2464,5917,5697,9068,10082,3593,8645,6744,8808,5069,7485,7070,5801,7239,9864,4323,8539,5801,9949,1697,1275,2364,1628,1354,655,1161,2203,691,2276,1258,1906,2408,2167,2782,2231,2832,1841,3121,1809,1738,1993,1714,1848,1743,874,1124,1717,4195,4567,2007,5955,7333,4008,4992,4444,6842,6672,5861,7033,8152,9885,8024,9081,10929,12162,,,,,,,,,,,,,,,,,,,,,,,,,,,,,,,,,,,,,,,,,,,,,,,,,,,,,,,,,,,,,,,,,,,,,,,,,,,,,,,,,,,,,,
34.08333333,,,4093,6255,,,,,,,,,4093,6255,5407,6907,8790,7520,8818,10675,13654,13691,,,,,,,,,,,,,,,,,,,,,,,,,,,,,,,,,,,,,,,,,,,,,,,,,,,,,,,,,,,,,,,,,,,,,,,,,,,,,,,,,,,,,,,919,1167,1070,778,957,670,1195,1204,1501,1435,842,1028,823,857,1051,681,1518,1465,1487,1409,4145,6443,3934,6829,9049,4385,9954,10012,5881,5261,4812,7999,5314,9341,9955,5970,4359,4925,5877,5933,710,1939,1009,2595,2149,755,1851,1682,1099,755,2391,2580,3069,1961,2141,1963,2137,2533,2015,2386,1727,2499,1388,1552,2069,2125,1915,1243,3192,3813,1858,4476,5365,5088,5303,6743,7832,5744,6822,5761,7856,8159,9463,8800,13343,8605
35.92083333,5084,11458,,,16490,8025,6085,16020,7780,8527,9754,9892,,,,,,,,,,,1444,946,1359,1324,1266,1298,1318,1147,753,414,1299,1032,1388,1239,1172,1374,1375,1269,1146,1030,3527,2022,5114,5001,7222,8714,3060,7033,5520,7531,4882,6299,7088,5454,6289,9031,4101,7570,5758,8718,1544,1306,2202,1507,1180,764,1304,1841,721,1963,1116,1446,2018,1659,1944,1567,1904,1362,2145,2125,1901,2477,1770,1980,1706,1215,1680,1573,5269,4986,2821,6188,10144,4543,5140,5347,8507,8580,7602,9112,10659,12201,9819,11778,15365,17227,,,,,,,,,,,,,,,,,,,,,,,,,,,,,,,,,,,,,,,,,,,,,,,,,,,,,,,,,,,,,,,,,,,,,,,,,,,,,,,,,,,,,,
36.08333333,,,4516,7013,,,,,,,,,4516,7013,5866,7807,9414,7797,10159,11736,15680,15431,,,,,,,,,,,,,,,,,,,,,,,,,,,,,,,,,,,,,,,,,,,,,,,,,,,,,,,,,,,,,,,,,,,,,,,,,,,,,,,,,,,,,,,1197,1127,1189,1023,1059,874,1311,1195,1342,1381,979,1063,1008,1006,1060,845,1417,1491,1482,1342,3722,5462,3286,5950,7517,4325,8875,8983,5128,4523,4719,6801,5143,7979,9440,6079,4593,4808,5343,5496,720,1653,1191,2365,1939,854,1762,1637,1032,881,1692,1887,2235,1571,1785,1416,1554,1771,1464,3379,1930,2565,1508,1817,2252,2406,1848,1985,3644,4699,2376,4612,5326,5363,5530,7978,7837,7483,8333,7207,10305,10165,11983,11328,17986,11913
37.92083333,5198,11263,,,17314,8341,5963,16766,7997,8764,9860,10362,,,,,,,,,,,1478,972,1355,1348,1115,1301,1215,1166,836,462,1301,945,1343,1189,1101,1361,1260,1137,968,1208,3541,1469,4370,4010,5631,7043,2588,5419,4396,5774,4176,4136,5610,4475,4358,6392,3145,5408,4224,6175,1440,1211,2046,1357,1008,942,1295,1503,828,1556,1067,1194,1637,1348,1412,1203,1379,1073,1561,2127,1742,2760,1615,1951,1525,1475,1875,1500,5847,5021,3283,5885,11868,5062,4661,5231,9378,9861,8744,9920,11774,12314,10174,12189,16541,18531,,,,,,,,,,,,,,,,,,,,,,,,,,,,,,,,,,,,,,,,,,,,,,,,,,,,,,,,,,,,,,,,,,,,,,,,,,,,,,,,,,,,,,
38.08333333,,,4805,7328,,,,,,,,,4805,7328,5889,7964,9259,7251,9873,11138,15604,15859,,,,,,,,,,,,,,,,,,,,,,,,,,,,,,,,,,,,,,,,,,,,,,,,,,,,,,,,,,,,,,,,,,,,,,,,,,,,,,,,,,,,,,,1186,1099,1179,1030,924,890,1162,1052,1157,1181,1161,967,1070,981,1021,845,1255,1117,1337,1295,3208,4201,2775,4869,5437,3529,7676,7303,4245,3711,3649,4464,4216,5405,7031,4980,4170,4128,3679,3999,858,1401,1238,1993,1731,1024,1368,1351,941,939,1315,1420,1452,1341,1499,1049,1107,1206,1067,3565,1832,2476,1491,1676,2088,2223,1646,2028,4103,5279,2752,4166,4841,4793,4849,8226,7395,7551,8661,7380,10194,10154,12886,11985,19950,12514
39.92083333,5001,10026,,,16161,8230,5332,16630,7760,8246,9117,9539,,,,,,,,,,,1400,856,1154,1239,1019,1067,1061,1048,868,526,1234,910,1207,1106,1072,1266,1121,922,846,1207,3366,1081,3823,3283,4304,5748,2027,4113,3523,4665,3202,2535,3884,3182,2697,3881,2206,3333,2592,3618,1427,1085,1818,1269,811,1072,1145,1253,937,1365,1029,915,1534,1228,1117,998,1153,919,1399,2120,1597,2713,1566,1706,1457,1532,1481,1327,6200,4889,3843,5332,11509,4912,4324,4804,8661,9165,7815,8567,9439,9074,7933,9476,14226,16027,,,,,,,,,,,,,,,,,,,,,,,,,,,,,,,,,,,,,,,,,,,,,,,,,,,,,,,,,,,,,,,,,,,,,,,,,,,,,,,,,,,,,,
40.08333333,,,4757,7276,,,,,,,,,4757,7276,5820,7264,8550,6874,8712,10038,15182,14659,,,,,,,,,,,,,,,,,,,,,,,,,,,,,,,,,,,,,,,,,,,,,,,,,,,,,,,,,,,,,,,,,,,,,,,,,,,,,,,,,,,,,,,1098,1015,1090,983,864,790,1019,1026,1017,1017,1128,929,1034,905,884,938,1149,1034,1206,1096,2690,3251,2305,3677,4327,3061,6537,6187,3505,3282,2701,2643,2713,3192,4468,3406,3290,3077,2460,2592,981,1091,1106,1751,1803,1081,1107,1218,791,950,1121,1297,1339,1333,1254,886,970,957,946,3069,1665,2251,1242,1397,1800,1896,1364,1683,4370,5421,2790,3727,4302,4300,4256,8131,6594,6374,7474,6203,7828,8034,10277,9366,17670,10938
41.92083333,4093,8425,,,13368,7659,4372,14130,7076,6847,7962,7525,,,,,,,,,,,1445,768,1080,1113,931,1066,1007,883,692,514,1118,817,1133,1004,899,1149,1031,914,780,1107,3107,896,3460,2988,3943,5021,1824,3766,3180,4063,2631,1798,2424,2465,1804,2781,1686,2329,1758,2579,1575,978,1851,1250,819,1126,1058,1126,1061,1394,1078,864,1605,1180,1096,962,1106,875,1353,1943,1546,2425,1515,1658,1355,1356,1321,1339,6040,4515,3851,5022,9648,4751,4136,4239,7753,7089,5939,6096,5877,4825,4564,5645,9348,10759,,,,,,,,,,,,,,,,,,,,,,,,,,,,,,,,,,,,,,,,,,,,,,,,,,,,,,,,,,,,,,,,,,,,,,,,,,,,,,,,,,,,,,
42.08333333,,,3815,6822,,,,,,,,,3815,6822,5262,5901,7303,5692,6884,7941,12684,12064,,,,,,,,,,,,,,,,,,,,,,,,,,,,,,,,,,,,,,,,,,,,,,,,,,,,,,,,,,,,,,,,,,,,,,,,,,,,,,,,,,,,,,,970,898,1010,855,777,779,880,882,978,960,1145,828,954,882,858,962,1070,943,1162,1046,2559,2886,2108,3312,3748,2959,5968,5657,3071,2938,1944,1773,1797,2046,3042,2311,2676,2420,1728,1709,1055,1122,1092,1739,1962,1093,998,1125,703,838,1025,1278,1268,1297,1352,821,838,933,814,2651,1493,2094,1089,1183,1568,1659,1237,1350,4513,5357,2728,3506,3945,3967,3854,6797,5896,4300,5329,4106,4407,4792,6114,5537,11712,6953
43.92083333,3177,5648,,,8527,6382,2917,9896,5499,5136,5750,5320,,,,,,,,,,,1383,750,1036,962,920,1000,1000,814,643,494,1138,836,1050,878,947,1122,901,786,733,996,3298,767,3104,2912,3724,4664,1804,3419,2919,3779,2269,1536,1819,1951,1552,2242,1269,1868,1318,2118,1590,869,1935,1315,794,1139,942,1155,1052,1435,1150,919,1686,1195,1166,1014,1215,904,1316,1885,1447,2016,1466,1487,1398,1178,1204,1310,5436,4212,3739,4503,7093,4141,3965,4196,6102,4300,3360,3179,2718,2225,2215,2476,3769,4198,,,,,,,,,,,,,,,,,,,,,,,,,,,,,,,,,,,,,,,,,,,,,,,,,,,,,,,,,,,,,,,,,,,,,,,,,,,,,,,,,,,,,,
44.08333333,,,3124,5773,,,,,,,,,3124,5773,4029,4380,5211,4178,4586,5410,8053,7832,,,,,,,,,,,,,,,,,,,,,,,,,,,,,,,,,,,,,,,,,,,,,,,,,,,,,,,,,,,,,,,,,,,,,,,,,,,,,,,,,,,,,,,871,890,869,669,693,895,787,785,921,909,1061,834,883,717,753,958,1017,920,1209,938,2366,2767,1953,3062,3508,2712,6005,5430,2914,2791,1546,1474,1321,1697,2362,1746,2246,2106,1487,1354,1055,1084,1009,1863,2110,1155,977,1085,641,816,1074,1312,1254,1384,1313,828,914,936,821,2153,1464,2132,1024,1115,1481,1470,1259,1258,4252,4677,2450,3490,3687,3670,3798,5583,5400,2349,3056,2166,2091,2281,2671,2504,4520,2748
45.92083333,2318,3205,,,4657,4434,1632,5485,3737,3266,3480,3380,,,,,,,,,,,1316,776,1041,906,905,959,983,754,666,536,1153,801,1065,885,892,1113,946,878,760,866,3404,694,3038,2819,3603,4619,1788,3539,2909,4011,2141,1538,1495,2058,1472,2380,1155,1944,1230,2213,1845,893,2063,1386,823,1118,936,1180,1011,1493,1271,889,1717,1240,1264,998,1222,1019,1464,1994,1490,1929,1441,1429,1503,1082,1098,1355,5001,3685,3470,4092,5079,3799,4087,4315,4822,2273,1532,1374,1237,1053,1080,1146,1564,1592,,,,,,,,,,,,,,,,,,,,,,,,,,,,,,,,,,,,,,,,,,,,,,,,,,,,,,,,,,,,,,,,,,,,,,,,,,,,,,,,,,,,,,
46.08333333,,,2236,4363,,,,,,,,,2236,4363,2812,2848,3219,2901,2767,3102,4450,4500,,,,,,,,,,,,,,,,,,,,,,,,,,,,,,,,,,,,,,,,,,,,,,,,,,,,,,,,,,,,,,,,,,,,,,,,,,,,,,,,,,,,,,,783,884,891,728,684,842,755,792,1060,1008,1005,785,838,781,771,889,977,952,1284,1006,2413,2719,1942,3149,3668,2738,6004,5500,2984,2688,1389,1475,1180,1857,2171,1645,2222,1881,1435,1304,1062,1186,1006,2036,2239,1103,1039,1132,673,808,1161,1297,1381,1476,1394,919,953,1012,807,1943,1396,2132,1052,1184,1458,1507,1317,1184,4147,4293,2504,3445,3542,3725,3799,4446,5008,1078,1442,1056,921,1017,1143,1139,1835,1156
47.92083333,1749,2210,,,2992,3123,1062,2836,2442,2139,2269,2205,,,,,,,,,,,1369,797,1085,950,929,1000,983,768,617,530,1134,837,1107,873,989,1182,947,840,806,914,3443,713,3117,3014,3600,4895,1804,3624,2965,4077,2262,1963,1817,2204,1710,2755,1725,2195,1398,2615,2084,979,2105,1568,826,1248,1032,1339,1072,1683,1399,1018,1781,1352,1372,1085,1349,973,1521,2003,1611,1806,1566,1478,1664,1157,1201,1482,4695,3552,3612,4037,3841,3356,3872,4627,4047,1254,964,726,674,673,629,673,919,885,,,,,,,,,,,,,,,,,,,,,,,,,,,,,,,,,,,,,,,,,,,,,,,,,,,,,,,,,,,,,,,,,,,,,,,,,,,,,,,,,,,,,,
48.08333333,,,1628,3047,,,,,,,,,1628,3047,1930,1949,2174,2065,1877,1966,2740,2786,,,,,,,,,,,,,,,,,,,,,,,,,,,,,,,,,,,,,,,,,,,,,,,,,,,,,,,,,,,,,,,,,,,,,,,,,,,,,,,,,,,,,,,803,913,861,700,722,833,860,854,1033,1142,963,815,850,730,799,893,1043,995,1283,1130,2304,2810,1946,3292,3798,2728,6232,5799,3008,2762,1406,1810,1317,2376,2433,1673,2327,2240,1742,1448,1109,1248,953,2281,2467,1119,1184,1250,731,820,1238,1495,1545,1559,1544,963,994,1091,883,2024,1515,2374,1203,1399,1551,1572,1481,1306,3970,4018,2587,3604,3525,3643,3808,3861,4730,690,797,639,596,576,693,696,949,709
49.92083333,1625,1864,,,2656,2578,901,2083,2134,1833,1977,2003,,,,,,,,,,,1462,792,1131,987,987,998,1100,846,713,539,1257,829,1184,899,994,1179,1007,934,948,838,3794,738,3210,3078,3857,5027,1939,3884,3063,4258,2598,2602,2317,2764,2211,3775,2037,2895,2102,3549,2277,1025,2367,1626,919,1209,1078,1539,1062,1745,1684,1122,2000,1355,1471,1175,1440,1048,1574,2151,1628,1854,1678,1650,1762,1297,1391,1744,4286,3731,3745,4139,3211,3170,4098,5126,3995,1085,728,637,686,748,655,757,821,712,,,,,,,,,,,,,,,,,,,,,,,,,,,,,,,,,,,,,,,,,,,,,,,,,,,,,,,,,,,,,,,,,,,,,,,,,,,,,,,,,,,,,,
50.08333333,,,1437,2532,,,,,,,,,1437,2532,1757,1718,1842,1952,1704,1905,2332,2552,,,,,,,,,,,,,,,,,,,,,,,,,,,,,,,,,,,,,,,,,,,,,,,,,,,,,,,,,,,,,,,,,,,,,,,,,,,,,,,,,,,,,,,842,892,888,735,757,757,856,919,1219,1260,931,887,839,785,884,832,1143,1121,1375,1086,2473,3043,1963,3346,3852,2799,6364,6023,3103,3035,1730,2579,1652,3397,3023,2165,2635,2585,2496,2228,1124,1345,1105,2503,2407,1126,1263,1277,854,795,1379,1535,1648,1735,1672,979,1176,1156,946,2153,1592,2517,1254,1565,1646,1796,1671,1444,4152,4012,2723,3793,3592,3716,4001,3698,4914,615,646,677,641,639,740,734,750,604
51.92083333,2200,2859,,,4008,3160,1282,2320,2682,2550,2799,2929,,,,,,,,,,,1531,812,1158,1035,1044,1027,1171,907,786,591,1373,874,1273,1103,973,1138,1195,1020,921,935,3912,719,3343,3207,4030,5292,2160,4130,3201,4600,3345,3530,3411,3495,3024,5053,2933,3810,3042,4941,2567,1147,2514,1738,978,1225,1140,1603,1077,1948,1894,1175,2174,1611,1591,1340,1552,1280,1846,2377,1856,1892,1687,1834,2079,1393,1558,1927,4316,3935,4112,4341,3151,3193,4393,5619,3951,1494,1085,1055,1256,2020,1495,1633,1295,969,,,,,,,,,,,,,,,,,,,,,,,,,,,,,,,,,,,,,,,,,,,,,,,,,,,,,,,,,,,,,,,,,,,,,,,,,,,,,,,,,,,,,,
52.08333333,,,1907,2747,,,,,,,,,1907,2747,2390,2332,2687,2628,2533,2886,3416,3759,,,,,,,,,,,,,,,,,,,,,,,,,,,,,,,,,,,,,,,,,,,,,,,,,,,,,,,,,,,,,,,,,,,,,,,,,,,,,,,,,,,,,,,885,955,936,811,768,721,972,976,1213,1292,919,885,900,793,938,834,1140,1101,1461,1230,2555,3047,2087,3509,4065,2975,6434,5968,3298,3089,2291,3541,2402,4907,3879,3014,2923,3170,3390,3064,1242,1361,1091,2542,2314,1088,1413,1447,827,878,1588,1607,1691,1893,1908,1135,1185,1233,1094,2348,1723,2669,1412,1744,1874,1937,1721,1734,4283,3979,2867,3981,4104,4003,4133,3806,5542,1109,1096,1346,1452,1435,1471,1605,1010,1008
53.92083333,3996,5121,,,7658,5149,2254,4064,4279,4486,4571,5209,,,,,,,,,,,1612,838,1196,1092,1040,1009,1211,981,850,734,1576,888,1336,1291,1063,1122,1318,1078,937,1026,4396,753,3529,3341,3908,5610,2469,4135,3239,4679,4462,4411,4976,4161,3526,6746,3906,4500,3961,6106,3032,1289,2491,1717,1056,1298,1260,1598,1233,1838,2103,1281,2500,1707,1590,1431,1618,1280,1816,2686,1827,2109,1787,1804,2151,1677,1771,1892,4941,3934,4472,4767,3223,3148,4652,6042,4137,3593,2587,2579,3505,5318,4015,4425,3082,2220,,,,,,,,,,,,,,,,,,,,,,,,,,,,,,,,,,,,,,,,,,,,,,,,,,,,,,,,,,,,,,,,,,,,,,,,,,,,,,,,,,,,,,
54.08333333,,,3065,4265,,,,,,,,,3065,4265,4239,4235,4894,4658,4732,5014,6470,7152,,,,,,,,,,,,,,,,,,,,,,,,,,,,,,,,,,,,,,,,,,,,,,,,,,,,,,,,,,,,,,,,,,,,,,,,,,,,,,,,,,,,,,,861,996,1073,865,911,795,1050,1017,1320,1429,993,924,901,850,933,873,1275,1091,1409,1380,2740,3188,2209,3835,4086,2986,6676,5972,3483,3304,3081,4492,3622,6590,4930,4146,3557,3881,3995,4133,1229,1478,1295,2728,2243,1170,1497,1471,980,1024,1661,1695,1896,1993,2069,1229,1280,1319,1167,2660,1780,2935,1635,1992,2053,2156,2013,1988,4480,4157,3397,4457,4632,4374,4557,4236,6287,3019,2883,3485,4196,3910,3853,4069,2417,2574
55.92083333,6765,7766,,,12706,7910,3646,7383,6081,6830,6699,8309,,,,,,,,,,,1764,918,1319,1182,1123,976,1306,1076,913,826,1742,839,1377,1153,1062,1093,1269,1090,1010,1042,5516,816,3669,3409,4233,5863,2775,4332,3468,5150,5842,5149,6578,4758,4167,8358,4804,5477,5012,7335,3061,1442,2830,1816,1070,1392,1473,1640,1266,1894,2404,1465,2829,1823,1847,1552,1821,1402,2087,2963,1958,2310,1848,1878,2253,1856,1974,1948,6615,4230,4926,5419,3692,3457,5212,6591,4450,8078,4898,5072,7036,10341,7899,8427,6843,5312,,,,,,,,,,,,,,,,,,,,,,,,,,,,,,,,,,,,,,,,,,,,,,,,,,,,,,,,,,,,,,,,,,,,,,,,,,,,,,,,,,,,,,
56.08333333,,,4803,6201,,,,,,,,,4803,6201,6402,6355,7050,6655,7010,7644,10231,11391,,,,,,,,,,,,,,,,,,,,,,,,,,,,,,,,,,,,,,,,,,,,,,,,,,,,,,,,,,,,,,,,,,,,,,,,,,,,,,,,,,,,,,,971,1086,1146,896,918,826,1090,1108,1256,1417,1072,983,951,939,953,918,1251,1153,1614,1437,2798,3394,2374,4025,4195,3185,6606,6025,3616,3490,3915,5169,4465,7798,5766,5371,3949,4470,4743,5075,1337,1490,1422,2811,2088,1255,1637,1699,1017,1114,1751,1821,2062,2283,2239,1424,1437,1516,1267,3024,1801,3038,1880,2339,2112,2278,2163,2079,4734,4352,3794,4626,5269,4739,5088,4384,6899,5734,5564,6590,7900,7510,7340,7577,5606,6268
57.92083333,8160,9964,,,16505,10467,4823,9681,7517,9511,8205,11008,,,,,,,,,,,1878,907,1403,1246,1150,950,1368,1187,1051,932,1920,964,1435,1217,1175,1154,1354,1243,1064,1212,6101,818,3956,3699,4303,6168,3130,4436,3666,5327,6307,5631,7403,4918,4302,9599,5108,5590,5586,7568,2967,1409,2826,1806,1138,1675,1584,1774,1335,1935,2837,1630,3162,1918,2077,1727,1857,1483,2169,3606,2089,2356,1962,1861,2286,2109,2123,1979,7907,4352,5329,5567,4104,3591,5526,7009,4812,13608,7130,7644,10673,15035,12119,12658,11387,8937,,,,,,,,,,,,,,,,,,,,,,,,,,,,,,,,,,,,,,,,,,,,,,,,,,,,,,,,,,,,,,,,,,,,,,,,,,,,,,,,,,,,,,
58.08333333,,,6171,7625,,,,,,,,,6171,7625,8535,8085,8601,8317,9134,9697,13083,15153,,,,,,,,,,,,,,,,,,,,,,,,,,,,,,,,,,,,,,,,,,,,,,,,,,,,,,,,,,,,,,,,,,,,,,,,,,,,,,,,,,,,,,,1044,1127,1183,922,991,904,1192,1110,1257,1426,1065,1025,1039,970,982,922,1352,1195,1677,1605,3145,3533,2511,4131,4425,3255,6463,6026,3711,3645,4531,5323,5250,7997,5902,6046,4344,4667,4780,5378,1377,1591,1586,2780,2013,1353,1601,1738,1077,1165,1885,1844,2187,2465,2461,1508,1566,1604,1356,3380,1766,3112,1985,2466,2200,2354,2178,2360,4920,4687,4361,4962,5385,4941,5269,4711,7169,8076,7826,9227,11133,10458,10725,11315,9364,10390
59.92083333,8764,11279,,,18622,12724,5751,10626,8755,11694,9255,13210,,,,,,,,,,,2130,975,1393,1389,1172,967,1411,1279,1146,978,2011,1029,1515,1225,1227,1161,1445,1250,1206,1248,5669,827,4233,3857,4462,6716,3359,4531,3800,5456,5911,5160,7722,4594,4043,11104,4775,5271,5296,7066,2737,1543,2911,1884,1215,1911,1697,1723,1498,1858,3658,1811,3348,2200,2332,1911,2089,1549,2406,4362,2158,2476,2040,1879,2249,2040,2236,1922,7999,4501,5612,5684,4593,3806,5879,7370,5048,22478,8644,9064,13052,18200,15163,15492,14271,11159,,,,,,,,,,,,,,,,,,,,,,,,,,,,,,,,,,,,,,,,,,,,,,,,,,,,,,,,,,,,,,,,,,,,,,,,,,,,,,,,,,,,,,
60.08333333,,,7502,8778,,,,,,,,,7502,8778,10234,9041,9718,9646,10580,10788,13821,16684,,,,,,,,,,,,,,,,,,,,,,,,,,,,,,,,,,,,,,,,,,,,,,,,,,,,,,,,,,,,,,,,,,,,,,,,,,,,,,,,,,,,,,,1076,1137,1191,1048,1012,980,1193,1153,1304,1474,1304,1021,1076,985,978,1085,1307,1175,1724,1605,3242,3669,2699,4340,4365,3565,6400,6128,3856,3885,4812,4778,5253,7393,5812,6259,4142,4960,4553,5116,1509,1537,1559,2917,1820,1472,1767,1856,1084,1196,2100,1911,2476,2589,2612,1630,1759,1705,1528,3976,1737,3205,2051,2419,2269,2311,2381,2316,5088,5020,4867,5193,5557,5179,5431,4628,7115,9733,9255,10531,13435,12140,13084,13466,11312,13206
61.92083333,9296,10623,,,17915,15327,5732,10094,8845,12019,8785,13596,,,,,,,,,,,2438,975,1375,1397,1192,902,1400,1256,1140,1006,1992,1001,1522,1350,1134,1006,1453,1201,1013,1288,5419,850,4469,4009,4220,7893,3260,4306,3810,5564,5132,4210,7559,4259,3169,8934,4353,4200,4674,5520,2620,1591,2873,1659,1137,2391,1692,1547,1545,1681,3364,1905,3607,2295,2348,1967,2012,1746,2213,3892,2093,2505,1870,1810,2112,2213,2237,1772,8436,4279,5977,5294,4662,3728,5652,7520,4764,18792,8792,9052,12595,17803,16172,15062,13483,10513,,,,,,,,,,,,,,,,,,,,,,,,,,,,,,,,,,,,,,,,,,,,,,,,,,,,,,,,,,,,,,,,,,,,,,,,,,,,,,,,,,,,,,
62.08333333,,,8906,9840,,,,,,,,,8906,9840,10620,9754,9459,10023,10599,10713,13451,15852,,,,,,,,,,,,,,,,,,,,,,,,,,,,,,,,,,,,,,,,,,,,,,,,,,,,,,,,,,,,,,,,,,,,,,,,,,,,,,,,,,,,,,,1197,1233,1323,1004,994,1015,1266,1103,1278,1461,1785,1040,1124,1081,1063,1066,1261,1123,1791,1658,3502,3745,2856,4558,4317,3713,6100,6048,3820,3895,4650,4059,4811,6315,4737,5739,4167,4938,3959,4402,1642,1542,1707,2812,1772,1834,1674,1854,1150,1282,2266,1922,2498,2824,2845,1808,1911,1815,1597,3988,1749,3150,1930,2517,2260,2473,2267,2367,5293,5675,4989,5278,5386,5160,5313,4671,7039,9909,9421,11560,13403,12164,12911,13196,11161,14062
63.92083333,8722,10439,,,16879,12951,6175,9523,8734,12132,8760,13016,,,,,,,,,,,2185,901,1296,1491,1191,904,1472,1240,1154,1013,1878,971,1503,1385,1125,1065,1506,1204,1118,1431,5586,983,4947,4169,4188,8399,3249,4436,4003,5814,4788,3567,6450,3711,2618,7445,3756,3579,3938,4774,2470,1693,2872,1723,1199,2022,1725,1583,1704,1610,3436,2080,3915,2387,2482,2124,2069,1728,2367,3797,2102,2653,1839,1851,2324,2243,2209,1987,8622,4340,6238,5274,4673,3923,5790,7610,4880,17269,8559,8520,11815,16231,15831,13675,12307,9256,,,,,,,,,,,,,,,,,,,,,,,,,,,,,,,,,,,,,,,,,,,,,,,,,,,,,,,,,,,,,,,,,,,,,,,,,,,,,,,,,,,,,,
64.08333333,,,8951,10420,,,,,,,,,8951,10420,9717,9411,8928,9949,10230,10083,12286,14936,,,,,,,,,,,,,,,,,,,,,,,,,,,,,,,,,,,,,,,,,,,,,,,,,,,,,,,,,,,,,,,,,,,,,,,,,,,,,,,,,,,,,,,1257,1233,1266,1081,1022,1137,1246,1156,1220,1372,1484,1094,1183,1107,991,1138,1208,1075,1855,1834,3466,3736,2933,4809,4243,3971,6057,6111,3807,3973,4021,3205,4001,5118,4065,5212,3895,5451,3328,3761,1798,1478,1731,2693,1622,1932,1658,1906,1092,1316,2447,1940,2721,2942,3153,1867,1933,1832,1689,4004,1671,3109,1910,2452,2219,2427,2129,2325,5818,6945,4685,5109,5221,4967,5323,4324,6797,9274,9023,11320,11913,10854,11714,11819,10095,13401
65.92083333,8142,9049,,,14746,11579,5659,8369,8141,11061,7710,11917,,,,,,,,,,,2186,952,1374,1507,1186,908,1466,1285,1056,1050,1957,964,1513,1339,1157,1153,1625,1125,1073,1458,5548,1025,5836,4238,4179,8260,3183,4358,4319,6073,4490,3176,5556,3470,2254,6616,3249,3023,3438,3975,2408,1589,3245,1727,1187,2153,1831,1505,1997,1558,3471,2208,4706,2357,2721,2251,2225,1886,2349,3920,2155,2745,1773,1910,2305,2180,2287,1945,8759,4116,6760,5100,4533,3878,5709,7531,4650,13712,6954,7036,9001,11385,12777,9919,9580,7197,,,,,,,,,,,,,,,,,,,,,,,,,,,,,,,,,,,,,,,,,,,,,,,,,,,,,,,,,,,,,,,,,,,,,,,,,,,,,,,,,,,,,,
66.08333333,,,7626,13909,,,,,,,,,7626,13909,8495,8624,8338,9389,9113,8906,10766,13160,,,,,,,,,,,,,,,,,,,,,,,,,,,,,,,,,,,,,,,,,,,,,,,,,,,,,,,,,,,,,,,,,,,,,,,,,,,,,,,,,,,,,,,1230,1174,1308,1072,1064,1044,1234,1098,1191,1349,1529,1077,1229,1159,935,1170,1225,1059,1906,2469,3591,3860,3031,4922,4188,4128,5768,6005,3684,4331,3539,2701,3343,4440,3247,4510,3667,6685,2930,3247,1839,1424,1783,2555,1634,1901,1606,1895,1086,1342,2576,2063,2911,3276,3592,2076,2131,1973,1712,4054,1688,3176,1901,2447,2225,2424,1959,2510,6986,10454,4860,5270,5104,4921,5362,4293,6626,7415,7328,9609,8893,8161,8683,8839,8131,11163
67.92083333,6848,7132,,,11410,10126,4423,7117,7036,9105,6379,9424,,,,,,,,,,,2242,963,1412,1534,1247,885,1465,1294,1094,1044,1949,964,1566,1379,1135,982,1581,1167,1178,1435,5664,1082,5651,4619,4172,8399,3229,4396,4083,6071,4295,2962,5381,3362,2202,6007,3238,2784,3318,3672,2451,1628,3319,1657,1228,2240,1869,1499,2563,1529,3388,2349,5015,2543,2823,2385,2183,1993,2463,3857,2215,2775,1850,1904,2564,2333,2232,1955,8512,4193,7209,4886,4256,4112,5527,7744,4448,9480,5111,4797,5462,6696,7910,5961,5994,4768,,,,,,,,,,,,,,,,,,,,,,,,,,,,,,,,,,,,,,,,,,,,,,,,,,,,,,,,,,,,,,,,,,,,,,,,,,,,,,,,,,,,,,
68.08333333,,,6626,10014,,,,,,,,,6626,10014,7154,7158,6585,8224,7036,6855,8089,9975,,,,,,,,,,,,,,,,,,,,,,,,,,,,,,,,,,,,,,,,,,,,,,,,,,,,,,,,,,,,,,,,,,,,,,,,,,,,,,,,,,,,,,,1334,1183,1348,1169,1060,1193,1294,1118,1236,1357,1607,1053,1260,1125,1031,1335,1230,998,2286,2255,3805,3905,3156,5032,4024,4523,5821,6327,3850,4377,3406,2599,3178,4153,2895,4160,3749,5428,2770,3255,1872,1374,1850,2652,1545,2191,1608,1872,1137,1395,2728,1977,3115,3684,4734,2119,2256,2045,1862,4048,1896,3154,1902,2354,2428,2564,2088,2430,8172,9324,4823,5378,5081,4902,5441,4002,6580,5172,5124,6820,5361,4964,5402,5290,5660,7481
69.92083333,5382,4694,,,7238,7501,3017,4886,5215,6439,4327,6384,,,,,,,,,,,2231,937,1305,1532,1220,893,1471,1307,1096,1062,1873,965,1552,1387,1110,1108,1577,1144,1143,1508,5641,1131,5740,4585,4126,7970,3287,4394,4272,5808,4385,2941,5539,3321,2010,5856,3438,2671,3486,3497,2396,1589,3057,1630,1212,2281,1904,1409,2151,1367,3415,2452,4499,2539,2663,2420,2215,1952,2325,3833,2056,2919,1757,2042,2579,2285,2265,2014,8175,4116,7874,4854,3961,3936,5373,7856,4186,6128,2995,2813,2843,3190,4491,2923,2944,2460,,,,,,,,,,,,,,,,,,,,,,,,,,,,,,,,,,,,,,,,,,,,,,,,,,,,,,,,,,,,,,,,,,,,,,,,,,,,,,,,,,,,,,
70.08333333,,,5158,7740,,,,,,,,,5158,7740,5515,5150,4843,6116,4875,4659,5285,6759,,,,,,,,,,,,,,,,,,,,,,,,,,,,,,,,,,,,,,,,,,,,,,,,,,,,,,,,,,,,,,,,,,,,,,,,,,,,,,,,,,,,,,,1373,1191,1330,1177,1042,1334,1154,1059,1234,1294,1555,1052,1258,1178,1017,1389,1141,1022,2501,2270,3885,3815,3275,5098,3944,5355,5660,6094,3638,4196,3314,2374,2987,4103,2620,4302,4246,5205,2630,3188,1982,1223,1859,2420,1513,2112,1537,1857,1065,1390,2909,1822,3162,4836,4042,2209,2287,1988,1892,3951,1709,3283,1940,2308,2325,2438,2049,2438,7868,8798,4795,5268,4961,4843,5255,3829,6222,2999,3074,4422,2699,2628,2703,2784,2963,3858
71.92083333,4001,2932,,,4246,5424,1878,2939,3685,4879,2987,4150,,,,,,,,,,,2240,948,1272,1504,1232,920,1520,1292,1168,1075,1941,939,1643,1449,1064,1069,1606,1165,1058,1660,5512,1246,5977,4766,4189,8112,3368,4221,4194,5965,4347,3214,5792,3445,2147,6162,3866,2690,3641,3651,2483,1594,3005,1673,1207,2280,1953,1374,2205,1390,3430,2472,4319,2651,2861,2357,2155,2057,2364,3858,2145,3315,1864,1961,2737,2401,2187,1873,7988,4199,7967,4797,3768,4058,5355,7763,3956,3679,1887,1568,1487,1697,2169,1458,1412,1185,,,,,,,,,,,,,,,,,,,,,,,,,,,,,,,,,,,,,,,,,,,,,,,,,,,,,,,,,,,,,,,,,,,,,,,,,,,,,,,,,,,,,,
72.08333333,,,3987,5730,,,,,,,,,3987,5730,3886,3674,3274,4465,3202,2961,3192,4113,,,,,,,,,,,,,,,,,,,,,,,,,,,,,,,,,,,,,,,,,,,,,,,,,,,,,,,,,,,,,,,,,,,,,,,,,,,,,,,,,,,,,,,1719,1135,1345,1152,1070,1511,1164,996,1222,1321,1522,1103,1308,1219,1063,1501,1060,929,2161,2146,4048,3706,3291,5209,3692,5092,5612,6235,3710,4349,3566,2660,3457,4553,2688,5031,5655,5540,2853,3441,1971,1212,1895,2564,1482,2131,1528,1855,1018,1401,3125,1837,3263,3997,4223,2235,2301,1883,1936,4012,1794,3593,2056,2415,2335,2543,2020,2383,7983,8788,4879,5307,4895,4678,5105,3552,6111,1722,1698,2505,1390,1311,1363,1346,1548,2108
73.92083333,3214,2111,,,2772,3909,1202,1783,2875,3740,2089,2972,,,,,,,,,,,2233,932,1296,1572,1151,889,1448,1256,1145,1073,1997,918,1607,1454,1078,1051,1633,1188,1150,1647,5399,1205,6051,4969,4005,7711,3377,4177,4179,5822,4608,3531,6471,3927,2362,6587,4336,3067,4162,4002,2413,1633,2856,1631,1139,2259,1946,1261,2265,1365,3434,2562,4149,2635,2746,2437,2057,2233,2153,3993,2165,3364,1781,1964,2910,2527,2283,1971,7807,4218,7463,4693,3511,4255,5204,7827,3731,2199,1226,977,962,1133,1317,955,907,765,,,,,,,,,,,,,,,,,,,,,,,,,,,,,,,,,,,,,,,,,,,,,,,,,,,,,,,,,,,,,,,,,,,,,,,,,,,,,,,,,,,,,,
74.08333333,,,3137,4359,,,,,,,,,3137,4359,2974,2649,2400,3518,2235,2190,2096,2702,,,,,,,,,,,,,,,,,,,,,,,,,,,,,,,,,,,,,,,,,,,,,,,,,,,,,,,,,,,,,,,,,,,,,,,,,,,,,,,,,,,,,,,2096,1130,1449,1209,1042,1304,1219,1064,1262,1345,1513,1078,1237,1175,1006,1729,1075,926,2290,2196,4176,3744,3395,5264,3778,5287,5439,6493,3626,4286,4123,2975,3795,5096,2897,6635,5216,5744,3232,3992,2178,1174,1919,2640,1417,2053,1421,1855,1068,1391,4538,1837,3377,4066,4141,2213,2354,1982,1971,4029,1742,5222,2142,2512,2420,2570,2077,2539,8040,8790,4956,5169,4928,4335,5141,3657,6271,1109,1150,1647,923,925,901,912,997,1454
75.92083333,3000,2060,,,2372,3341,1085,1476,2541,3288,1881,2842,,,,,,,,,,,2197,809,1306,1609,1094,849,1508,1291,1066,1051,1912,969,1625,1387,1008,1184,1789,1099,1022,1660,5326,1209,5966,5338,3928,7621,3360,3846,3996,5390,4911,3707,7199,4217,2471,7076,5004,3032,4553,4413,2459,1486,2779,1575,1111,2196,1950,1246,2223,1199,3203,2646,3975,2481,2591,2271,1797,2305,1969,4141,2053,3183,1705,2109,2897,2615,2286,1713,7544,3867,7415,4576,3408,4381,5008,8020,3473,2065,1186,977,1060,1410,1252,1267,905,759,,,,,,,,,,,,,,,,,,,,,,,,,,,,,,,,,,,,,,,,,,,,,,,,,,,,,,,,,,,,,,,,,,,,,,,,,,,,,,,,,,,,,,
76.08333333,,,2936,3674,,,,,,,,,2936,3674,2707,2499,2215,3097,2378,2205,1889,2451,,,,,,,,,,,,,,,,,,,,,,,,,,,,,,,,,,,,,,,,,,,,,,,,,,,,,,,,,,,,,,,,,,,,,,,,,,,,,,,,,,,,,,,1673,1163,1465,1236,1055,1346,1189,1026,1343,1323,1555,1027,1317,1199,994,1676,1085,949,2332,2202,4260,3688,3339,5338,3657,5333,5269,6662,3570,4561,4902,3401,4472,5743,2998,6975,5718,5980,3565,4393,2455,1201,1882,3031,1425,2159,1460,1864,1018,1415,3876,1703,3481,4091,4074,2283,2426,2007,2014,4154,1711,4688,2262,2743,2350,2602,2128,2478,8141,8474,5108,5382,5005,4437,4955,3523,6150,1286,1186,1475,1250,1247,1070,1227,1031,1754
77.92083333,4093,3150,,,3681,4369,1724,2152,3843,5124,2650,4156,,,,,,,,,,,2308,892,1285,1629,1115,920,1532,1424,1048,1123,2094,911,1662,1475,1106,1272,2213,1193,1132,1638,5503,1223,6195,6639,3824,7569,3475,4132,4263,5578,5158,4331,7883,4868,2765,8075,5380,3590,5208,4770,2505,1510,2658,1693,1160,2192,2089,1209,2255,1190,3187,2657,3655,2806,2631,2314,1957,2328,2041,4284,2145,3322,1800,2153,3368,2745,2345,1858,8017,4155,7873,4688,3628,4787,5295,8173,3570,3431,2127,1781,2379,3524,2460,3017,1804,1194,,,,,,,,,,,,,,,,,,,,,,,,,,,,,,,,,,,,,,,,,,,,,,,,,,,,,,,,,,,,,,,,,,,,,,,,,,,,,,,,,,,,,,
78.08333333,,,3967,4383,,,,,,,,,3967,4383,3633,3537,3213,3907,3517,3196,2719,3574,,,,,,,,,,,,,,,,,,,,,,,,,,,,,,,,,,,,,,,,,,,,,,,,,,,,,,,,,,,,,,,,,,,,,,,,,,,,,,,,,,,,,,,1620,1156,1579,1218,1068,1297,1141,970,1513,1407,1612,1099,1317,1271,961,1598,1044,922,2273,2117,4492,3714,3443,5343,3546,5444,5312,7561,3524,4261,6576,3472,4985,6250,3118,7942,5929,5977,3849,4939,2748,1104,1971,3063,1432,2045,1507,1863,1017,1461,3769,1725,3442,4003,3944,2293,2466,1854,2094,4137,1863,4689,2365,2714,2350,2671,2047,2508,8064,8215,5319,5215,4910,4485,4850,3456,6083,2835,2252,2641,2904,2687,2357,2581,1805,4156
79.92083333,6555,4582,,,6226,7068,3183,4062,7980,8491,4005,6895,,,,,,,,,,,2279,850,1292,1762,1127,955,1607,1347,1072,1173,2003,905,1621,1619,1042,1655,2177,1120,1111,1714,5343,1275,6571,7324,3689,7546,3569,3881,4012,5550,5411,4286,8312,5737,2798,8657,5575,3320,5262,4874,2472,1575,2772,1714,1158,2249,2506,1143,2224,1183,3118,2736,3634,2915,2527,2365,1864,2451,1952,4284,2167,3367,1806,2395,4297,2784,2419,1804,8195,4109,8013,4635,3731,5378,5165,8358,3625,7439,4565,3527,4738,8043,5832,6054,3528,2508,,,,,,,,,,,,,,,,,,,,,,,,,,,,,,,,,,,,,,,,,,,,,,,,,,,,,,,,,,,,,,,,,,,,,,,,,,,,,,,,,,,,,,
80.08333333,,,6381,6891,,,,,,,,,6381,6891,6060,5879,5067,5820,5810,5018,4504,6190,,,,,,,,,,,,,,,,,,,,,,,,,,,,,,,,,,,,,,,,,,,,,,,,,,,,,,,,,,,,,,,,,,,,,,,,,,,,,,,,,,,,,,,1706,1274,1621,1235,1040,1338,1179,1060,1669,1510,1665,1126,1414,1265,967,1590,1087,925,2291,2244,4870,3715,3425,5324,3468,5782,5393,8796,3619,4474,7835,3735,5345,6655,3333,8479,6393,6342,3979,5023,2322,1169,1987,2972,1477,2090,1551,1894,1012,1567,4077,1681,3568,4001,3826,2247,2504,1977,2098,4257,2022,4716,2585,2898,2435,2809,2120,2696,7923,8179,5641,5341,5198,4596,5021,3443,6186,7042,4742,6045,6271,5628,4586,5309,4425,9535
81.92083333,9723,6130,,,8505,10116,4542,6306,12799,12079,5432,10002,,,,,,,,,,,2305,846,1267,1858,1090,966,1699,1385,1100,1237,2015,842,1715,1550,985,1307,2078,984,1058,1692,5434,1171,6415,6689,3432,7305,3665,3545,3905,5352,5415,4040,8396,6459,2557,8281,5264,3210,5164,4539,2386,1456,2517,1716,1133,2291,2823,1015,2158,1126,3065,2669,3506,3355,2478,2119,1639,2427,1705,4325,2085,3421,1675,2473,3769,2825,2300,1739,8108,3899,8080,4366,3612,6667,4999,7869,3273,12415,7895,5228,7076,12995,10501,8887,5499,3886,,,,,,,,,,,,,,,,,,,,,,,,,,,,,,,,,,,,,,,,,,,,,,,,,,,,,,,,,,,,,,,,,,,,,,,,,,,,,,,,,,,,,,
82.08333333,,,9137,9553,,,,,,,,,9137,9553,8373,7774,6566,8385,7657,6600,6144,8174,,,,,,,,,,,,,,,,,,,,,,,,,,,,,,,,,,,,,,,,,,,,,,,,,,,,,,,,,,,,,,,,,,,,,,,,,,,,,,,,,,,,,,,1634,1216,1612,1292,1002,1368,1151,925,1538,1609,1565,1036,1384,1278,980,1616,1059,863,2252,1967,6106,3638,3445,5236,3370,5602,5400,7890,3576,4457,7046,3450,5222,6106,3095,8179,5832,5617,3830,4817,2434,1063,1997,2966,1513,2009,1475,1824,995,1412,4125,1447,3401,3881,3816,2150,2406,1824,2149,4330,2082,4444,2722,2944,2373,2708,2092,2545,8001,7801,5727,5176,5114,4318,4816,3176,5877,11487,7352,10134,9622,8167,6783,7883,8184,16016
83.92083333,11634,7671,,,10087,12723,5843,8433,12816,15010,6726,12276,,,,,,,,,,,2396,875,1221,1815,1156,1059,2162,1360,1047,1207,2151,957,1649,1611,1016,1310,2035,1079,1059,1774,5445,1226,6525,6280,3665,7029,3699,3650,3900,5327,5347,3807,8332,6701,2534,7830,5161,3126,4979,4195,2425,1465,2650,1793,1227,2292,2449,1028,2202,1104,3094,2664,3500,3275,2470,2179,1637,2595,1619,4364,2163,3386,1715,2792,3846,2888,2411,1822,7803,3969,8063,4297,3881,7970,5109,7842,3228,16034,11192,6962,9311,16924,15629,11562,6913,4863,,,,,,,,,,,,,,,,,,,,,,,,,,,,,,,,,,,,,,,,,,,,,,,,,,,,,,,,,,,,,,,,,,,,,,,,,,,,,,,,,,,,,,
84.08333333,,,11259,11163,,,,,,,,,11259,11163,9829,9219,7550,10758,8889,7568,6837,9660,,,,,,,,,,,,,,,,,,,,,,,,,,,,,,,,,,,,,,,,,,,,,,,,,,,,,,,,,,,,,,,,,,,,,,,,,,,,,,,,,,,,,,,1656,1247,1671,1367,1027,1350,1209,962,1524,1687,1600,1008,1399,1240,1004,1592,1014,860,2256,2053,6188,3503,3499,5184,3003,5626,5492,7581,3700,4332,6749,3028,4868,5755,2814,7395,5778,5745,3634,4586,2447,1036,1878,2861,1543,2055,1484,1728,985,1398,4176,1438,3425,3884,3730,2213,2293,1744,1992,4334,2154,4463,2860,2886,2179,2665,2043,2608,7997,7717,5769,5229,4952,4268,4678,2985,5561,14667,9556,13728,11710,9589,8218,9346,11608,20429
85.92083333,12092,7343,,,10320,13047,6359,9948,12241,15970,6948,13666,,,,,,,,,,,2327,811,1208,1748,994,1081,2211,1379,1063,1222,2160,815,1665,1590,961,1376,2104,981,1076,1736,5157,1267,6712,6151,3246,7077,3799,3273,3809,5215,5048,3426,7878,6195,2064,7574,4752,2608,4649,3679,2384,1431,2574,1999,1081,2333,2348,1000,2134,1032,2968,2680,3333,2892,2247,2081,1503,2533,1408,4409,2108,3380,1622,3020,3821,2808,2301,1631,7875,3638,7979,4010,3982,6912,4753,7768,2858,16959,13468,7252,9329,17781,18610,11851,7119,5179,,,,,,,,,,,,,,,,,,,,,,,,,,,,,,,,,,,,,,,,,,,,,,,,,,,,,,,,,,,,,,,,,,,,,,,,,,,,,,,,,,,,,,
86.08333333,,,12100,11836,,,,,,,,,12100,11836,10367,9808,7989,12191,9410,8025,7200,9887,,,,,,,,,,,,,,,,,,,,,,,,,,,,,,,,,,,,,,,,,,,,,,,,,,,,,,,,,,,,,,,,,,,,,,,,,,,,,,,,,,,,,,,1649,1270,1765,1306,1095,1411,1141,945,1484,1607,1577,1060,1466,1258,954,1579,978,853,2319,2042,5760,3386,3475,5280,2836,5710,5708,7449,3578,4421,6339,2882,4496,5413,2570,6785,5400,5553,3239,4204,2465,1019,1912,2843,1863,2023,1604,1818,934,1419,4250,1355,3357,3706,3578,2105,2331,1735,2014,4166,2288,4432,2939,2971,2323,2612,1971,2643,7884,7684,6041,5078,4789,4248,4790,2869,5606,15541,10790,15558,12494,10106,8670,10071,14291,21715
87.92083333,12071,7929,,,10217,12772,6993,10698,12255,16295,6972,13859,,,,,,,,,,,2516,830,1221,1862,1134,1248,2095,1451,1079,1355,2229,933,1773,1749,1015,1340,2136,962,1082,1700,5236,1315,6736,6224,3328,6743,3866,3338,3788,5362,4987,3251,7696,5640,2092,7450,4783,2538,4432,3391,2569,1458,2503,2402,1149,2288,2444,1037,2308,966,3049,2802,3272,2880,2333,2106,1596,2660,1581,4322,2145,3407,1741,3092,4153,3066,2470,1693,7876,3738,7995,4127,4425,6650,4950,7881,2961,16146,15147,7095,9465,17797,19272,11465,6982,5228,,,,,,,,,,,,,,,,,,,,,,,,,,,,,,,,,,,,,,,,,,,,,,,,,,,,,,,,,,,,,,,,,,,,,,,,,,,,,,,,,,,,,,
88.08333333,,,11615,11401,,,,,,,,,11615,11401,10570,10042,7910,12643,9267,7775,6863,9541,,,,,,,,,,,,,,,,,,,,,,,,,,,,,,,,,,,,,,,,,,,,,,,,,,,,,,,,,,,,,,,,,,,,,,,,,,,,,,,,,,,,,,,1636,1346,2034,1355,1067,1428,1128,960,1483,1604,1613,1083,1450,1284,972,1667,1038,808,2209,2168,5698,3399,3514,5252,2936,5748,5913,7217,3753,4653,6160,2634,4186,5027,2334,6324,5001,5468,3157,3884,2318,972,2046,2574,1626,2214,1627,1785,981,1400,4249,1336,3554,3594,3431,2064,2343,1801,1994,4406,2449,4329,3053,3113,2369,2642,1826,2792,7908,7903,6227,5187,4691,4300,4624,2850,5421,15796,12093,15645,12322,9790,8487,9659,12750,20472
89.92083333,11132,6985,,,9426,12167,6340,9915,11203,15317,6367,13270,,,,,,,,,,,2490,764,1252,1888,1016,1101,2055,1482,1046,1322,2183,867,1736,1742,924,1316,2087,974,1059,1816,5360,1289,6876,6242,3264,6674,3843,3164,3741,5164,4794,2993,7702,5242,1826,7001,4718,2235,4418,3150,2518,1420,2480,2287,1147,2394,2449,903,2203,963,3063,2864,3172,2938,2281,2111,1461,2761,1420,4356,2057,3460,1623,2921,4062,2976,2408,1592,7602,3610,8219,3875,4881,6586,4713,7868,2881,14362,12078,6421,7971,15161,18671,9603,5972,4786,,,,,,,,,,,,,,,,,,,,,,,,,,,,,,,,,,,,,,,,,,,,,,,,,,,,,,,,,,,,,,,,,,,,,,,,,,,,,,,,,,,,,,
90.08333333,,,11060,10742,,,,,,,,,11060,10742,9832,9602,7444,12126,8972,7338,6297,8819,,,,,,,,,,,,,,,,,,,,,,,,,,,,,,,,,,,,,,,,,,,,,,,,,,,,,,,,,,,,,,,,,,,,,,,,,,,,,,,,,,,,,,,1708,1359,2460,1323,1036,1404,1166,930,1470,1625,1714,1012,1494,1306,886,1614,988,802,2308,2176,5846,3443,3636,5063,2836,5864,6705,7166,4025,4827,5993,2520,4298,4644,2207,6108,5110,5291,2990,3941,2437,999,2005,2733,1583,2078,1650,1873,900,1449,4412,1243,3500,3789,3552,2136,2357,1652,2152,4648,3128,4409,3372,3521,2435,2657,1928,2695,8097,7912,6267,5219,4778,4224,4704,2771,5530,14908,14088,14805,11033,8667,7471,8230,11300,17215
91.92083333,9892,6416,,,8316,10717,5742,8811,10205,13620,6001,12002,,,,,,,,,,,2574,842,1279,1961,1100,1215,2249,1546,1059,1445,2322,919,1822,1756,994,1444,2084,1098,1137,1876,5485,1396,7162,6241,3438,6828,4023,3362,3984,5613,5010,3241,8098,5393,1915,7149,5133,2357,4655,3231,2419,1544,2558,2308,1206,2498,2414,980,2431,931,3116,2983,3328,3057,2378,2277,1506,2892,1443,4532,2295,3533,1715,3207,4112,3330,2489,1704,7568,3904,8682,4070,5874,6979,5049,8062,2958,11272,9458,5564,6602,11432,15058,7673,4878,4028,,,,,,,,,,,,,,,,,,,,,,,,,,,,,,,,,,,,,,,,,,,,,,,,,,,,,,,,,,,,,,,,,,,,,,,,,,,,,,,,,,,,,,
92.08333333,,,9922,9716,,,,,,,,,9922,9716,8777,8692,6681,11527,7858,6600,5550,7540,,,,,,,,,,,,,,,,,,,,,,,,,,,,,,,,,,,,,,,,,,,,,,,,,,,,,,,,,,,,,,,,,,,,,,,,,,,,,,,,,,,,,,,1701,1522,2398,1521,1055,1375,1199,952,1483,1605,1802,1133,1613,1380,955,1780,910,821,2366,2255,6015,3580,3747,5376,2746,6091,6463,6983,4165,5315,5727,2622,4419,4843,2188,6620,5321,5295,3173,3956,2426,999,2064,2622,1648,2208,1881,1879,975,1576,4372,1265,3649,3736,3450,2117,2346,1677,2074,4679,2986,4270,3506,4149,2530,2774,1921,2774,8417,8018,6565,5435,4963,4372,4800,2765,5724,11765,10199,12735,8391,6627,5946,6442,8906,12570
93.92083333,7409,4845,,,6148,8368,4142,6531,7910,9997,4703,9279,,,,,,,,,,,2687,878,1280,1966,1158,1272,2180,1583,1141,1571,2172,864,1890,1767,1018,1352,2193,1049,1178,1793,5527,1410,7413,6264,3489,7042,4142,3302,3990,5638,4975,3409,8307,5347,1996,7410,5529,2497,4959,3408,2455,1532,2448,2339,1319,2585,2352,960,2417,965,3062,3060,3223,3156,2383,2311,1571,2908,1473,4540,2338,3679,1794,3219,4162,3422,2501,1732,7481,3862,9123,4219,5673,6761,5320,8108,2985,7736,6140,3921,4347,6704,9750,4843,3323,2903,,,,,,,,,,,,,,,,,,,,,,,,,,,,,,,,,,,,,,,,,,,,,,,,,,,,,,,,,,,,,,,,,,,,,,,,,,,,,,,,,,,,,,
94.08333333,,,7871,7675,,,,,,,,,7871,7675,6759,6885,5332,9306,5924,4792,4184,5696,,,,,,,,,,,,,,,,,,,,,,,,,,,,,,,,,,,,,,,,,,,,,,,,,,,,,,,,,,,,,,,,,,,,,,,,,,,,,,,,,,,,,,,1787,2013,2175,1524,1048,1518,1192,949,1471,1663,1850,1133,1593,1411,963,1727,977,838,2431,2220,6066,3497,3809,5313,2859,6173,6446,6894,4665,6412,5980,2522,4555,5174,2208,7176,5486,5553,3229,4341,2480,1068,2164,2577,1761,2219,2211,1980,969,1546,4441,1266,3795,3924,3538,2096,2347,1762,2104,4845,3037,4328,3671,5372,2581,2881,2045,2808,8410,8366,6534,5601,4840,4375,4946,2756,5785,7551,7094,8716,5273,4347,3822,4211,5861,7841
95.92083333,5379,3154,,,3932,5945,2554,4141,5507,6530,3213,5954,,,,,,,,,,,2728,865,1204,1846,1082,1228,2165,1479,1129,1469,2160,871,2069,1878,928,1356,2101,1057,1119,1847,5439,1443,7114,6264,3259,6724,4197,3039,4003,5536,5018,3551,8610,5331,2116,7460,5694,2455,5392,3308,2446,1403,2470,2246,1290,2627,2418,976,2401,958,3070,3021,3139,3028,2336,2256,1414,2977,1355,4236,2299,3699,1691,3174,4090,3596,2514,1619,7198,4006,9351,4013,5763,6482,4882,7766,2712,5200,3963,2600,2671,3639,5518,2706,1911,1885,,,,,,,,,,,,,,,,,,,,,,,,,,,,,,,,,,,,,,,,,,,,,,,,,,,,,,,,,,,,,,,,,,,,,,,,,,,,,,,,,,,,,,
96.08333333,,,5631,5624,,,,,,,,,5631,5624,4966,4796,3481,5989,3821,3272,2623,3728,,,,,,,,,,,,,,,,,,,,,,,,,,,,,,,,,,,,,,,,,,,,,,,,,,,,,,,,,,,,,,,,,,,,,,,,,,,,,,,,,,,,,,,1775,1857,2313,1498,1080,1438,1151,854,1444,1492,1765,1050,1628,1388,924,1797,980,737,2324,2203,6019,3381,3889,5161,2601,6075,5984,6616,6181,7987,6270,2591,4657,5440,2089,7775,5514,5458,3199,4411,2417,935,2027,2530,1734,2247,2466,1956,887,1461,4406,1257,3754,3864,3476,2083,2382,1658,2028,4713,3093,4313,3679,4771,2524,2862,1922,2718,8084,7683,6381,5333,4672,4185,4716,2595,5728,4495,4847,5362,2854,2582,2179,2431,3549,4297
97.92083333,3987,2150,,,2507,4217,1624,2700,3907,4357,2221,3946,,,,,,,,,,,2645,803,1324,1892,1034,1139,2155,1591,1102,1552,2270,938,2249,1814,982,1343,2124,1040,1121,1935,5379,1430,7240,5911,3147,6516,4127,2912,3783,5390,4996,3541,8845,5358,2056,7535,5830,2358,5570,3279,2478,1470,2366,2247,1288,2633,2431,878,2480,980,3139,3115,3053,3028,2317,2138,1393,3022,1385,4300,2235,3648,1553,3182,4155,3815,2369,1496,7004,3901,9317,3863,5560,6321,5039,7569,2602,3394,2701,1666,1613,1971,3223,1594,1115,1134,,,,,,,,,,,,,,,,,,,,,,,,,,,,,,,,,,,,,,,,,,,,,,,,,,,,,,,,,,,,,,,,,,,,,,,,,,,,,,,,,,,,,,
98.08333333,,,4214,4104,,,,,,,,,4214,4104,3408,3327,2453,4386,2614,2206,1771,2352,,,,,,,,,,,,,,,,,,,,,,,,,,,,,,,,,,,,,,,,,,,,,,,,,,,,,,,,,,,,,,,,,,,,,,,,,,,,,,,,,,,,,,,1756,1789,2282,1454,990,1478,1100,897,1412,1605,1808,1033,1603,1297,881,1801,919,702,2388,2229,6110,3373,3897,5196,2545,6098,5890,6352,6143,7359,6457,2626,4798,5621,2076,8204,5816,5627,3345,4502,2496,922,2102,2465,1657,2280,2319,2188,896,1467,4350,1217,4080,3771,3400,2036,2297,1618,1971,4822,2972,4320,3680,4632,2444,2805,1865,2768,7990,7905,6454,5220,4654,4087,4763,2440,5439,2630,2754,3421,1724,1555,1280,1423,2221,2460
99.92083333,3348,1680,,,1868,3394,1270,2054,3120,3319,1766,3093,,,,,,,,,,,2679,825,1297,1893,1042,1223,2099,1684,1121,1595,2297,894,2457,1822,965,1369,2196,1033,1094,1852,5449,1411,7532,6209,3198,6712,4273,2977,3872,5657,4909,3584,9504,5485,2125,7961,5846,2430,6125,3389,2414,1468,2449,2185,1309,2699,2306,887,2529,927,3060,3076,3025,2933,2317,2234,1375,3071,1360,4201,2257,3571,1649,3074,4073,4449,2435,1487,7004,3857,9325,3666,5391,6400,4758,7528,2417,2586,2014,1273,1219,1456,1949,1294,841,968,,,,,,,,,,,,,,,,,,,,,,,,,,,,,,,,,,,,,,,,,,,,,,,,,,,,,,,,,,,,,,,,,,,,,,,,,,,,,,,,,,,,,,
100.0833333,,,3309,3403,,,,,,,,,3309,3403,2732,2598,2089,3268,2049,1824,1335,1902,,,,,,,,,,,,,,,,,,,,,,,,,,,,,,,,,,,,,,,,,,,,,,,,,,,,,,,,,,,,,,,,,,,,,,,,,,,,,,,,,,,,,,,1796,1849,2220,1424,1036,1513,1135,930,1359,1601,1818,1009,1764,1355,900,1819,931,725,2504,2134,6131,3316,3894,5160,2545,6079,6019,6215,5687,6916,6960,2706,5149,5958,2137,8564,5745,5555,3211,4606,2427,919,2144,2407,1600,2258,2170,2407,854,1448,4220,1094,4714,3781,3280,2029,2288,1583,1955,4938,3028,4070,3590,4785,2450,2893,1895,2670,8037,7585,6609,5183,4716,4028,4537,2307,5664,1996,2213,2257,1285,1251,1049,1131,1646,1916
101.9208333,3559,2019,,,2198,3636,1546,2012,3664,3583,2013,3909,,,,,,,,,,,2673,820,1291,1892,988,1154,2012,2200,1089,1603,2226,855,2097,1829,910,1373,2169,945,1173,1972,5246,1526,7527,5896,2902,6577,4352,2858,3872,6333,5145,3511,9241,5547,2037,7407,6104,2422,7168,3319,2437,1462,2369,2263,1245,2723,2345,883,2560,906,3106,3152,3020,2903,2216,2190,1301,2969,1310,4067,2213,3580,1628,2944,4250,4703,2417,1479,6948,3862,9210,3668,5167,5947,4565,7207,2360,2683,2441,1620,1517,2016,1842,1717,1104,1252,,,,,,,,,,,,,,,,,,,,,,,,,,,,,,,,,,,,,,,,,,,,,,,,,,,,,,,,,,,,,,,,,,,,,,,,,,,,,,,,,,,,,,
102.0833333,,,3528,3374,,,,,,,,,3528,3374,3093,2840,2364,3297,2404,2164,1581,2128,,,,,,,,,,,,,,,,,,,,,,,,,,,,,,,,,,,,,,,,,,,,,,,,,,,,,,,,,,,,,,,,,,,,,,,,,,,,,,,,,,,,,,,1716,1905,2158,1432,989,1645,1035,856,1333,1541,1827,1056,1693,1405,926,1767,856,745,2430,2086,6189,3157,3879,5085,2334,5763,5658,6004,5558,6658,7275,2573,5055,6128,2121,8357,5791,5551,3246,4710,2527,861,2182,2395,1589,2077,2160,3272,837,1427,4248,1105,4869,3880,3214,2008,2277,1492,2073,4660,2970,4096,3564,4674,2463,2838,1790,2683,7667,7335,6583,5106,4482,3866,4478,2155,5548,2389,2561,2052,1765,1749,1418,1614,2109,2714
103.9208333,5469,3024,,,3390,5209,2708,3120,5368,6045,3146,7633,,,,,,,,,,,2736,817,1260,1997,954,1150,1979,1649,1089,1645,2336,903,2105,1892,925,1313,2227,963,1107,1968,5178,1443,7527,5893,2968,6180,4290,2825,3936,7950,5120,3535,8713,5421,2081,7305,5771,2367,9326,3269,2481,1458,2285,2163,1286,2651,2347,826,2530,840,3205,3246,2961,2906,2212,2120,1273,3109,1251,4068,2216,3753,1517,2948,4152,4342,2444,1435,6843,3878,9143,3637,5250,5967,4564,7281,2306,4331,4320,2884,2753,4138,3139,3473,1843,2292,,,,,,,,,,,,,,,,,,,,,,,,,,,,,,,,,,,,,,,,,,,,,,,,,,,,,,,,,,,,,,,,,,,,,,,,,,,,,,,,,,,,,,
104.0833333,,,5386,4546,,,,,,,,,5386,4546,4638,4251,3420,4548,3815,3103,2356,3326,,,,,,,,,,,,,,,,,,,,,,,,,,,,,,,,,,,,,,,,,,,,,,,,,,,,,,,,,,,,,,,,,,,,,,,,,,,,,,,,,,,,,,,1651,1923,2211,1509,1013,1652,1056,832,1365,1467,1893,1030,1797,1394,834,1863,923,720,2471,2176,6138,3256,4103,5097,2359,5970,5466,5833,5552,6590,7293,2634,5201,6145,1994,8076,5699,5500,3313,4636,2518,876,2224,2350,1621,2080,2307,2537,895,1400,4358,1117,4416,3807,3340,1991,2290,1457,2057,4861,2905,4065,3534,4678,2373,2722,1862,2780,7827,7343,6468,5048,4525,3746,4335,2084,5198,4634,4888,3183,3771,3224,2471,3091,3929,5331
105.9208333,8480,3957,,,4935,7510,4362,4736,7583,9297,4199,10947,,,,,,,,,,,2660,785,1237,1995,996,1170,2011,1718,1025,1652,2234,859,2236,1906,898,1335,2086,956,1071,2123,5017,1477,7722,5619,2802,5827,4444,2558,3883,6635,4925,3235,8586,5277,1926,6888,5846,2153,7158,3102,2495,1422,2247,2074,1292,2653,2320,772,2541,833,3104,3509,2788,2969,2051,2104,1204,3239,1218,3956,2291,3644,1461,2862,3969,4188,2362,1378,6819,3872,8883,3338,4902,5752,4306,6966,2090,7158,7649,4633,4304,8089,6649,5517,2805,4119,,,,,,,,,,,,,,,,,,,,,,,,,,,,,,,,,,,,,,,,,,,,,,,,,,,,,,,,,,,,,,,,,,,,,,,,,,,,,,,,,,,,,,
106.0833333,,,8319,6676,,,,,,,,,8319,6676,6810,6280,4828,7213,5144,4281,3207,4509,,,,,,,,,,,,,,,,,,,,,,,,,,,,,,,,,,,,,,,,,,,,,,,,,,,,,,,,,,,,,,,,,,,,,,,,,,,,,,,,,,,,,,,1716,1877,2247,1523,985,1569,1112,823,1368,1473,1971,990,1763,1436,844,1892,900,741,2447,2118,6117,3018,4358,5217,2256,5952,5350,5763,5504,6414,7387,2500,4917,6289,1979,7524,5572,5343,3188,4303,2570,852,2242,2338,1474,2119,2252,2597,827,1508,4300,1075,4500,3863,3356,2080,2219,1498,1981,4893,2778,4095,3763,4623,2450,2702,1769,2703,7726,7111,6514,4967,4472,3618,4240,2071,5198,8497,8318,6377,6219,5254,3817,4600,6693,9857
107.9208333,10745,4914,,,6245,9941,6171,6051,9493,13325,5774,13396,,,,,,,,,,,2569,877,1298,1997,1060,1146,2047,1881,1125,1737,2329,915,2240,1936,967,1320,2193,923,1116,2046,5132,1492,7680,5806,2931,5990,4514,2634,3905,6830,4937,3224,8704,5320,1919,6737,5733,2177,6872,3061,2431,1429,2285,2179,1321,2699,2405,850,2583,848,3236,4121,2944,3001,2215,2272,1309,3437,1189,4045,2349,3821,1526,2788,4222,4383,2493,1411,6709,4281,8924,3445,4863,5857,4561,7189,2159,10219,10293,6564,6092,11801,12504,7800,4038,6502,,,,,,,,,,,,,,,,,,,,,,,,,,,,,,,,,,,,,,,,,,,,,,,,,,,,,,,,,,,,,,,,,,,,,,,,,,,,,,,,,,,,,,
108.0833333,,,10728,8526,,,,,,,,,10728,8526,8782,8364,5872,9875,6645,5381,3987,5712,,,,,,,,,,,,,,,,,,,,,,,,,,,,,,,,,,,,,,,,,,,,,,,,,,,,,,,,,,,,,,,,,,,,,,,,,,,,,,,,,,,,,,,1753,1928,2251,1562,1017,1574,1118,853,1334,1561,1880,1091,1955,1373,863,1884,923,716,2562,2114,6350,3146,4650,5352,2259,5953,5374,5494,5326,6522,6918,2367,4896,6734,1905,7183,5463,5393,3065,4232,2655,783,2422,2279,1538,2086,2310,2610,849,1547,4565,1037,4769,3898,3342,1927,2400,1557,2062,4936,2840,4109,3627,4540,2390,2791,1738,2726,8013,7072,6880,5008,4495,3704,4232,2020,5095,12443,11356,10899,8734,6789,5126,6111,8418,14057
109.9208333,12629,5946,,,7397,10348,7193,6838,10399,15933,6506,14943,,,,,,,,,,,2703,835,1370,2123,1058,1167,2105,1955,1062,1576,2224,897,2228,1923,930,1414,2183,986,1102,2086,4971,1618,7738,5927,2937,5964,4670,2580,4171,6943,4701,3272,8682,5383,1994,6636,5912,2184,7198,3033,2556,1464,2292,2098,1441,2781,2485,810,2731,909,3132,4924,2877,2887,2271,2355,1310,3311,1170,4089,2446,3780,1555,2876,4195,4427,2638,1329,6661,4581,8916,3500,4840,5592,4549,7223,2233,11608,11309,7874,7086,14015,17693,9088,4584,6405,,,,,,,,,,,,,,,,,,,,,,,,,,,,,,,,,,,,,,,,,,,,,,,,,,,,,,,,,,,,,,,,,,,,,,,,,,,,,,,,,,,,,,
110.0833333,,,12362,9568,,,,,,,,,12362,9568,9689,10151,6584,11987,7547,5986,4684,6822,,,,,,,,,,,,,,,,,,,,,,,,,,,,,,,,,,,,,,,,,,,,,,,,,,,,,,,,,,,,,,,,,,,,,,,,,,,,,,,,,,,,,,,1838,1925,2329,1582,1058,1712,1144,890,1414,1500,2022,1088,2040,1520,928,1875,972,736,2631,2225,6582,3111,5072,5534,2199,5923,5385,5585,5427,6525,6935,2412,4916,8241,1906,7230,5291,5339,3178,4271,2526,839,2664,2356,1463,2113,2248,2755,871,1614,4513,1085,4873,3952,3505,2008,2467,1558,2162,4930,2816,4209,3709,4506,2438,2848,1762,2765,7878,7295,6971,5072,4473,3809,4368,1993,5216,14404,12445,14090,9973,7877,6103,7258,9320,15913
111.9208333,12593,6081,,,7350,10621,7081,6623,10192,16144,7148,15863,,,,,,,,,,,2678,834,1355,2111,992,1180,2082,2058,1153,1579,2227,838,2201,2026,893,1315,2274,922,1138,2048,5021,1591,7703,5963,2884,5723,4672,2588,4114,6974,4788,3040,8479,5334,1892,6480,6062,2037,6952,2921,2423,1438,2236,2081,1249,2720,2434,846,2664,837,3061,4160,2882,3011,2231,2406,1284,3461,1166,4084,2654,3965,1529,2862,4129,4515,2605,1334,6565,4456,8764,3463,4649,5742,4695,7294,2163,11758,10998,8471,7480,14819,20235,9286,4748,6550,,,,,,,,,,,,,,,,,,,,,,,,,,,,,,,,,,,,,,,,,,,,,,,,,,,,,,,,,,,,,,,,,,,,,,,,,,,,,,,,,,,,,,
112.0833333,,,12441,9250,,,,,,,,,12441,9250,9857,11335,6753,13134,7724,6068,4767,6798,,,,,,,,,,,,,,,,,,,,,,,,,,,,,,,,,,,,,,,,,,,,,,,,,,,,,,,,,,,,,,,,,,,,,,,,,,,,,,,,,,,,,,,1891,1792,2270,1620,992,1676,1168,885,1226,1545,2009,1007,2218,1481,855,1948,923,734,2503,2220,6388,3144,5440,5603,2249,6054,5321,5504,5417,6513,6659,2288,4972,6907,1855,7270,5394,5206,3206,4351,2627,862,2778,2303,1392,2139,2133,2807,896,1540,4491,1049,4954,3925,3283,1989,2353,1528,2122,4906,2813,3988,3668,4495,2466,2788,1875,2774,7872,6920,6791,5123,4547,3722,4266,2084,5303,14705,12507,15589,10761,8085,5972,7301,8957,15617
113.9208333,12029,5897,,,7027,9589,7174,6243,9533,15686,7004,15146,,,,,,,,,,,2610,814,1447,2150,982,1162,2133,2008,1183,1549,2384,845,2156,1948,948,1322,2293,1009,1114,2054,4943,1563,7723,5672,2851,5584,4765,2560,4338,7032,4742,3059,8499,5256,1919,6213,6038,1992,6845,2811,2463,1493,2292,2001,1316,2796,2448,807,2671,898,3170,4122,2949,2907,2226,2415,1235,3531,1195,3963,2485,3706,1507,2907,4270,4380,2502,1248,6499,4736,8857,3250,4671,5348,4650,7198,2027,10845,10014,8841,7113,14271,20769,8514,4465,6266,,,,,,,,,,,,,,,,,,,,,,,,,,,,,,,,,,,,,,,,,,,,,,,,,,,,,,,,,,,,,,,,,,,,,,,,,,,,,,,,,,,,,,
114.0833333,,,12103,9029,,,,,,,,,12103,9029,9577,13478,6884,12906,7578,6125,4581,6685,,,,,,,,,,,,,,,,,,,,,,,,,,,,,,,,,,,,,,,,,,,,,,,,,,,,,,,,,,,,,,,,,,,,,,,,,,,,,,,,,,,,,,,1852,1778,2270,1644,1027,1707,1153,817,1394,1534,2003,1087,2843,1463,879,2002,965,661,2565,2188,6265,3138,5743,5705,2199,5819,5143,5174,5449,6480,6711,2300,4943,6600,1775,7330,5531,5388,3147,4243,2597,852,2895,2344,1478,2214,2071,2858,894,1535,4583,1057,4832,4004,3430,2069,2445,1471,2167,4955,2889,4030,3820,4450,2471,2860,1761,2797,7865,6933,6827,5013,4524,3562,4109,1911,5110,13710,11496,15917,10082,7771,5778,6908,8106,13813
115.9208333,11284,5334,,,6353,8716,6216,5578,8764,14327,6651,14246,,,,,,,,,,,2792,803,1443,2090,962,1062,2185,1907,1180,1627,2284,866,2204,2042,928,1227,2188,941,1221,2016,4926,1638,7839,5773,2730,5372,4775,2480,4434,6770,4689,3038,8402,5346,1885,6499,6270,2002,6860,2840,2526,1455,2268,2057,1374,2766,2230,805,2671,883,3132,4284,2864,2913,2217,2552,1186,3540,1198,3829,2560,3909,1489,2751,4238,4370,2691,1306,6430,4958,8979,3247,4547,5388,4478,7100,2024,9320,8829,8705,6289,12207,18911,7323,3771,5564,,,,,,,,,,,,,,,,,,,,,,,,,,,,,,,,,,,,,,,,,,,,,,,,,,,,,,,,,,,,,,,,,,,,,,,,,,,,,,,,,,,,,,
116.0833333,,,11332,8257,,,,,,,,,11332,8257,8669,12576,6252,12403,6864,5308,4140,5738,,,,,,,,,,,,,,,,,,,,,,,,,,,,,,,,,,,,,,,,,,,,,,,,,,,,,,,,,,,,,,,,,,,,,,,,,,,,,,,,,,,,,,,1944,1872,2195,1663,1019,1751,1070,843,1366,1481,1987,1095,2370,1522,903,1930,897,688,2504,2268,6159,3067,5838,6077,2118,5878,5112,4972,5300,6180,6651,2321,5218,6898,1882,7313,5419,5247,3102,4381,2576,789,2959,2376,1396,2248,2118,2735,862,1469,4553,1005,4928,3940,3426,2095,2376,1535,2200,5097,2677,4128,3857,4687,2487,2819,1745,2757,7652,6790,6899,5171,4577,3561,3895,1909,5233,11902,9948,14876,8871,6500,5033,5810,6777,10981
117.9208333,9268,4245,,,5083,7095,4715,4280,7237,11564,5543,11486,,,,,,,,,,,2658,856,1828,1968,1009,1096,2175,1929,1098,1645,2330,869,2129,2084,875,1234,2293,943,1179,2021,4926,1525,7682,5669,2758,5434,4590,2331,4648,6834,4610,3201,8739,4953,1908,6675,6327,1963,6830,2916,2474,1430,2196,1991,1310,2778,2332,767,2660,805,3140,4287,2623,2879,2140,2513,1177,3532,1159,3909,2764,3980,1474,2810,4167,4306,2499,1278,6029,5349,8986,3116,4279,5142,4493,7063,1959,7201,6334,6728,4832,9034,15189,5394,2965,4131,,,,,,,,,,,,,,,,,,,,,,,,,,,,,,,,,,,,,,,,,,,,,,,,,,,,,,,,,,,,,,,,,,,,,,,,,,,,,,,,,,,,,,
118.0833333,,,9655,6952,,,,,,,,,9655,6952,7147,9093,5115,10442,5650,4168,3193,4561,,,,,,,,,,,,,,,,,,,,,,,,,,,,,,,,,,,,,,,,,,,,,,,,,,,,,,,,,,,,,,,,,,,,,,,,,,,,,,,,,,,,,,,1881,1869,2225,1695,1028,1707,1050,754,1264,1403,2011,1053,2343,1440,843,1986,920,690,2593,2112,6266,2962,5811,6220,2020,5912,4658,4861,4943,6126,6687,2281,5412,7270,1638,7552,5480,5217,3195,4300,2553,767,2809,2221,1418,2192,2101,2629,898,1471,4598,926,4968,4012,3383,2043,2326,1457,2053,4929,2667,3916,3777,4450,2387,2713,1654,2788,7811,6786,6868,4899,4472,3498,3968,1782,5323,8929,7443,12264,6688,5133,3908,4456,5163,7616
119.9208333,6898,2982,,,3573,5214,3220,3027,5182,7778,4401,8018,,,,,,,,,,,2612,818,1492,1905,944,1103,2033,1904,1259,1657,2265,830,2092,2023,861,1174,2234,934,1198,1879,4632,1576,7785,5602,2622,5200,4718,2285,5077,6445,4369,3022,8409,4880,1867,6923,6443,1897,6533,2705,2362,1394,2075,1941,1237,2656,2204,760,2738,806,2973,4254,2729,2816,2041,2552,1094,3588,1081,3705,2735,3827,1399,2631,4100,4307,2568,1180,6064,6370,8702,3062,4028,4847,4191,7148,1879,5093,4351,4577,3285,5784,9958,3541,1982,2840,,,,,,,,,,,,,,,,,,,,,,,,,,,,,,,,,,,,,,,,,,,,,,,,,,,,,,,,,,,,,,,,,,,,,,,,,,,,,,,,,,,,,,
120.0833333,,,7113,5301,,,,,,,,,7113,5301,5234,6441,3965,7718,4144,2969,2252,3190,,,,,,,,,,,,,,,,,,,,,,,,,,,,,,,,,,,,,,,,,,,,,,,,,,,,,,,,,,,,,,,,,,,,,,,,,,,,,,,,,,,,,,,1879,1762,2105,1643,992,1704,1055,764,1272,1420,1975,1044,2367,1412,778,1941,899,632,2511,2200,6022,2801,5599,6879,1973,5795,4634,4636,5053,6088,6866,2159,5554,6950,1643,7797,5215,5205,3183,4416,2479,754,2745,2172,1349,2230,2011,2571,842,1467,4421,946,4814,3992,3365,1965,2261,1372,2014,4924,2645,4016,3694,4508,2219,2655,1609,2773,7250,6646,6751,4745,4554,3421,3783,1707,5476,6046,5247,8589,4442,3435,2549,3036,3504,4781
121.9208333,4858,2144,,,2435,3792,2071,2034,3643,4900,2992,5234,,,,,,,,,,,2493,767,1492,1805,901,1036,2054,1787,1289,1585,2238,849,1934,1953,858,1204,2165,847,1218,1944,4628,1531,7282,5452,2448,5133,4673,2145,6223,6235,4339,2987,8429,4761,1777,7003,6100,1824,6485,2818,2313,1349,2054,1856,1253,2633,2235,658,2602,771,2986,4197,2536,2658,1937,2715,1023,3547,1047,3642,2735,3826,1298,2516,3963,4326,2522,1115,5740,5684,8715,2802,3727,4690,4023,7121,1720,3643,3071,3067,2182,3520,5951,2315,1357,1957,,,,,,,,,,,,,,,,,,,,,,,,,,,,,,,,,,,,,,,,,,,,,,,,,,,,,,,,,,,,,,,,,,,,,,,,,,,,,,,,,,,,,,
122.0833333,,,5066,3966,,,,,,,,,5066,3966,3781,4625,2833,5394,2809,2096,1675,2314,,,,,,,,,,,,,,,,,,,,,,,,,,,,,,,,,,,,,,,,,,,,,,,,,,,,,,,,,,,,,,,,,,,,,,,,,,,,,,,,,,,,,,,1921,1774,2108,1658,952,1700,1054,696,1241,1435,2040,973,2209,1500,828,2038,939,642,2491,2158,6123,2751,5194,7680,1852,5788,4434,4441,4772,5944,7032,2165,5858,6799,1616,7682,5340,5006,3083,4435,2438,730,2758,2215,1260,2275,2075,2605,840,1497,4404,932,4716,3973,3326,1994,2363,1364,2066,4953,2562,3945,3568,4455,2299,2630,1626,2625,7411,6136,6612,4922,4322,3164,3661,1626,5466,4098,3528,5689,2856,2315,1722,2026,2441,3013
123.9208333,3628,1647,,,1930,3008,1487,1555,2821,3497,2416,3628,,,,,,,,,,,2624,784,1608,1826,878,1018,2067,1769,1649,1638,2209,823,2009,2005,845,1137,2355,865,1305,1948,4465,1619,7121,5427,2455,5061,4619,2063,5260,6284,4389,3034,8687,4760,1868,6758,6260,1824,6632,2768,2202,1365,2000,1842,1214,2770,2267,728,2562,780,2895,4180,2509,2778,2022,3112,1085,3466,1029,3510,3061,3773,1299,2480,3913,4230,2527,1083,5551,5622,8573,2772,3466,4507,4096,7295,1708,2959,2416,2441,1587,2400,3471,1636,972,1511,,,,,,,,,,,,,,,,,,,,,,,,,,,,,,,,,,,,,,,,,,,,,,,,,,,,,,,,,,,,,,,,,,,,,,,,,,,,,,,,,,,,,,
124.0833333,,,4019,3264,,,,,,,,,4019,3264,3038,3407,2127,3841,1977,1661,1317,1752,,,,,,,,,,,,,,,,,,,,,,,,,,,,,,,,,,,,,,,,,,,,,,,,,,,,,,,,,,,,,,,,,,,,,,,,,,,,,,,,,,,,,,,1801,1689,2084,1726,963,1672,951,705,1212,1368,1983,1012,2312,1464,744,1841,867,632,2441,2130,5979,2778,5116,7672,1784,5704,4349,4117,4731,5759,7053,2085,5928,6390,1503,7745,5098,5040,3197,4503,2461,692,2851,2153,1269,2234,1937,2490,820,1392,4573,883,4491,3891,3295,2032,2358,1320,2020,4929,2429,3813,3585,4276,2187,2597,1530,2724,7148,6010,6626,4680,4485,3140,3629,1562,5844,2845,2652,3636,1877,1594,1191,1337,1749,2027
125.9208333,3524,1625,,,1775,2954,1408,1520,2921,3227,2663,3449,,,,,,,,,,,2436,806,1571,1926,870,1008,1955,1780,1205,1659,2201,767,2002,2043,806,1175,2228,823,1651,1996,4305,1561,7190,5422,2350,5012,4560,1958,5119,6023,4159,2844,8416,4644,1762,6473,6258,1713,6473,2692,2332,1311,1960,1887,1163,2679,2255,617,2516,692,2926,4065,2475,2599,1967,3218,1017,3495,1007,3424,3586,3773,1248,2296,3769,4302,2510,1068,5358,5434,8809,2761,3447,4341,3954,7559,1640,2649,2281,2257,1443,2323,2135,1535,933,1494,,,,,,,,,,,,,,,,,,,,,,,,,,,,,,,,,,,,,,,,,,,,,,,,,,,,,,,,,,,,,,,,,,,,,,,,,,,,,,,,,,,,,,
126.0833333,,,3636,3139,,,,,,,,,3636,3139,2850,3433,2158,3080,2119,1582,1278,1637,,,,,,,,,,,,,,,,,,,,,,,,,,,,,,,,,,,,,,,,,,,,,,,,,,,,,,,,,,,,,,,,,,,,,,,,,,,,,,,,,,,,,,,1800,1671,2256,1978,970,1741,951,747,1188,1304,1962,1067,2361,1487,817,1967,919,624,2460,2287,5998,2715,5047,7313,1841,5731,4163,3993,4866,5756,7172,2141,6027,6450,1572,7316,5043,4867,3248,4638,2465,681,2795,2089,1225,2241,1916,2515,777,1492,4483,863,4419,3808,3136,1991,2295,1244,1972,4807,2380,3847,3575,4437,2295,2536,1507,2668,6908,5940,6659,5005,4580,2933,3519,1577,6019,2358,2324,2736,1665,1544,1118,1363,1621,2086
127.9208333,4522,2252,,,2662,3802,2355,2078,3759,4671,3888,4663,,,,,,,,,,,2549,775,1608,1935,930,970,2044,1849,1298,1626,2181,833,2033,2075,841,1076,2218,862,1269,1971,4231,1566,7240,5404,2261,4914,4642,2013,5275,5988,4179,2863,8209,4814,1785,6398,6222,1667,6608,2717,2215,1356,1924,1879,1209,2520,2267,649,2598,720,2763,3988,2420,2626,1941,2974,975,3699,1001,3408,3230,3800,1281,2184,3743,4263,2676,1111,5210,5538,8567,2706,3348,4441,4036,9030,1580,3059,2677,3143,1916,3561,2020,2464,1347,2017,,,,,,,,,,,,,,,,,,,,,,,,,,,,,,,,,,,,,,,,,,,,,,,,,,,,,,,,,,,,,,,,,,,,,,,,,,,,,,,,,,,,,,
128.0833333,,,4608,3884,,,,,,,,,4608,3884,3837,4626,3089,3736,2829,2178,1710,2363,,,,,,,,,,,,,,,,,,,,,,,,,,,,,,,,,,,,,,,,,,,,,,,,,,,,,,,,,,,,,,,,,,,,,,,,,,,,,,,,,,,,,,,1874,1696,2194,2259,980,1728,1041,748,1196,1362,2105,1033,2282,1564,767,1905,883,650,2431,2195,5944,2747,4983,6953,1779,5757,4075,3910,4617,5637,7072,2108,6383,6268,1570,6935,5015,4841,3236,4613,2484,706,2789,2068,1252,2291,1930,2493,818,1486,4390,885,4324,3700,3208,2042,2444,1376,1910,4917,2317,3712,3622,4247,2185,2533,1447,2609,7151,5896,6748,4965,4815,3009,3390,1523,6489,3012,2893,2507,2436,2283,1539,1865,2176,3264
129.9208333,7021,3032,,,3740,5340,3659,2808,5242,7399,5314,7609,,,,,,,,,,,2497,760,1583,1881,931,945,2069,1820,1522,1655,2117,907,1980,1981,816,1161,2288,883,1291,1924,4287,1650,7149,5408,2220,4642,4627,2003,5393,5918,4104,2885,8404,4712,1638,6083,6063,1676,6523,2754,2171,1393,1969,1866,1160,2583,2293,664,2478,729,2879,4024,2298,2574,1904,3033,1022,3643,1000,3510,3086,3697,1171,2222,3661,4335,2665,1111,5221,5353,8573,2648,3235,4332,4001,8559,1579,4495,4499,5078,2930,6485,3423,3735,1943,3040,,,,,,,,,,,,,,,,,,,,,,,,,,,,,,,,,,,,,,,,,,,,,,,,,,,,,,,,,,,,,,,,,,,,,,,,,,,,,,,,,,,,,,
130.0833333,,,6768,5311,,,,,,,,,6768,5311,5383,6996,4497,5741,3806,3009,2412,3244,,,,,,,,,,,,,,,,,,,,,,,,,,,,,,,,,,,,,,,,,,,,,,,,,,,,,,,,,,,,,,,,,,,,,,,,,,,,,,,,,,,,,,,1913,1781,2179,2094,958,1798,1035,712,1155,1364,2084,1083,2321,1501,791,1857,951,699,2392,2147,5957,2600,4887,7016,1659,5775,3917,3855,4649,5519,6984,1911,7131,6091,1445,6721,4856,4656,3301,4557,2568,742,2718,2059,1171,2271,2021,2409,781,1530,4346,890,4295,3722,3090,2016,2481,1353,1974,4910,2323,3727,3705,4296,2106,2614,1470,2548,7113,5717,6679,5109,5355,2888,3362,1560,6967,5102,4722,3639,4142,3416,2474,3050,3423,5518
131.9208333,9364,3909,,,4923,6706,5109,3573,6683,10732,6860,10631,,,,,,,,,,,2440,801,1644,1991,927,952,2096,1919,1402,1717,2222,875,2014,2095,773,1112,2342,888,1547,2027,4276,1647,7043,5409,2263,4652,4750,1990,5434,5926,4172,2875,8323,4594,1675,5810,6185,1662,6477,2818,2193,1349,1987,1838,1167,2459,2320,686,2582,768,2837,4034,2358,2611,1996,3107,1039,3782,964,3450,3289,3706,1287,2238,3685,4249,2835,1009,5204,5485,8640,2624,3150,4182,4231,8817,1675,6322,6294,7164,4150,10694,6927,5355,2731,4039,,,,,,,,,,,,,,,,,,,,,,,,,,,,,,,,,,,,,,,,,,,,,,,,,,,,,,,,,,,,,,,,,,,,,,,,,,,,,,,,,,,,,,
132.0833333,,,9495,6589,,,,,,,,,9495,6589,7005,9017,5976,8729,4855,3661,3136,4248,,,,,,,,,,,,,,,,,,,,,,,,,,,,,,,,,,,,,,,,,,,,,,,,,,,,,,,,,,,,,,,,,,,,,,,,,,,,,,,,,,,,,,,1891,1728,2179,2057,933,1790,1048,787,1161,1371,2025,1127,2363,1597,826,1863,988,646,2448,2097,6006,2765,5064,7050,1693,5898,3924,3701,4469,5733,6789,1895,7752,6106,1499,6772,4852,4591,3392,4876,2537,681,2706,2094,1211,2217,1962,2510,757,1547,4587,832,4326,3833,3220,2101,2679,1299,1981,4899,2231,3654,3595,4090,2150,2527,1412,2685,6991,5708,6767,5535,5734,2960,3295,1571,6694,8109,7035,6897,6178,4985,3225,4015,4595,7872
133.9208333,10910,4578,,,5672,7367,5842,3664,7181,13279,7336,12688,,,,,,,,,,,2567,804,1701,2031,898,1020,2029,1936,1531,1675,2227,888,2093,2071,841,1136,2343,874,1628,2085,4113,1687,7253,5426,2264,4891,4780,2009,5355,5904,3995,2831,8403,4647,1700,5917,6320,1580,6469,3005,2206,1469,2015,1842,1248,2535,2398,696,2481,774,2913,4102,2489,2641,1981,3317,1034,3934,1006,3320,3279,3919,1248,2160,3691,4656,2864,1100,5156,5288,8660,2658,3159,4162,4269,8731,1602,8015,7440,8121,5136,13505,11739,6544,3368,4394,,,,,,,,,,,,,,,,,,,,,,,,,,,,,,,,,,,,,,,,,,,,,,,,,,,,,,,,,,,,,,,,,,,,,,,,,,,,,,,,,,,,,,
134.0833333,,,11228,7207,,,,,,,,,11228,7207,7886,10402,8580,11171,5694,4121,3604,4972,,,,,,,,,,,,,,,,,,,,,,,,,,,,,,,,,,,,,,,,,,,,,,,,,,,,,,,,,,,,,,,,,,,,,,,,,,,,,,,,,,,,,,,1906,1849,2230,2083,909,1818,1084,777,1161,1343,2201,1143,2368,1647,855,1904,1120,660,2330,2132,6059,2731,4948,7068,1770,6082,3829,3743,4561,5454,6953,1947,7376,6251,1460,6700,4723,4654,3459,5182,2573,693,2688,2075,1183,2327,1965,2492,841,1505,4568,940,4278,3757,3379,2169,2674,1387,2121,4917,2228,3602,3652,4208,2159,2604,1410,2656,6903,5725,6688,5533,6823,2943,3373,1646,6772,10355,8404,10892,7626,5607,4007,4724,5140,9445
135.9208333,11505,4596,,,6054,7527,5843,3855,7083,14282,6887,13419,,,,,,,,,,,2512,814,1600,1943,907,978,2026,1796,1558,1789,2048,849,2067,2042,784,1069,2253,872,1545,1979,4000,1599,7097,5319,2079,4701,4827,1829,5204,5596,3979,2780,8119,4481,1572,5770,6461,1479,6219,2871,2131,1315,1949,1890,1156,2598,2210,616,2603,737,2722,4150,2396,2471,1950,3092,927,3734,965,3272,3105,3563,1208,2023,3534,4262,2904,973,4976,4832,8412,2417,2951,3966,4189,8763,1562,8277,7091,7683,5253,14723,15283,6970,3662,4230,,,,,,,,,,,,,,,,,,,,,,,,,,,,,,,,,,,,,,,,,,,,,,,,,,,,,,,,,,,,,,,,,,,,,,,,,,,,,,,,,,,,,,
136.0833333,,,11326,7140,,,,,,,,,11326,7140,8372,11088,7477,12696,6163,4691,4039,5484,,,,,,,,,,,,,,,,,,,,,,,,,,,,,,,,,,,,,,,,,,,,,,,,,,,,,,,,,,,,,,,,,,,,,,,,,,,,,,,,,,,,,,,1870,1816,2136,2218,985,1885,1058,739,1243,1402,2167,1171,2360,1870,844,2002,1156,670,2161,2073,6265,2778,4971,7019,1720,5960,3885,3603,4633,5582,6984,1927,7079,6319,1524,6799,4417,4461,3938,6211,2497,693,2699,2110,1242,2305,1985,2345,850,1556,4780,930,4316,3293,3022,2263,2988,1343,2064,4899,2188,3753,3684,4215,2224,2636,1408,2683,6700,5309,6731,5858,6588,2942,3470,1635,6681,11188,8970,13494,8226,6055,4371,5245,5221,9780
137.9208333,11365,4764,,,5991,7187,5948,3679,6995,14280,6880,13261,,,,,,,,,,,2415,826,1563,2039,922,1001,2084,1968,1584,1736,2123,869,2060,2151,791,1053,2255,888,1647,2054,4150,1733,7043,5491,2195,4530,4707,1965,5344,5626,3964,2794,8206,4368,1687,5896,6488,1632,6275,2929,2210,1370,1924,1815,1230,2529,2359,657,2539,799,2874,4206,2324,2661,1961,3237,990,3972,983,3295,3221,3669,1259,1958,3543,4365,2980,1032,4859,4859,8671,2506,3045,3868,4392,8638,1701,7855,7187,7589,5692,14681,17228,7281,3818,4143,,,,,,,,,,,,,,,,,,,,,,,,,,,,,,,,,,,,,,,,,,,,,,,,,,,,,,,,,,,,,,,,,,,,,,,,,,,,,,,,,,,,,,
138.0833333,,,11719,7003,,,,,,,,,11719,7003,7758,10510,7089,12575,6194,4524,3967,5412,,,,,,,,,,,,,,,,,,,,,,,,,,,,,,,,,,,,,,,,,,,,,,,,,,,,,,,,,,,,,,,,,,,,,,,,,,,,,,,,,,,,,,,1936,1756,2101,2186,935,1779,1122,712,1112,1283,2211,1251,2379,2390,825,1934,1105,636,2423,2201,6021,2762,4796,6609,1681,5887,3729,3556,4330,5555,6953,1876,6869,6152,1473,6858,4778,4518,4842,6885,2672,685,2562,2044,1166,2168,1990,2525,860,1589,4631,931,4064,3594,3263,2260,3867,1308,2063,4863,2097,3676,3614,4153,2116,2562,1451,2643,6842,5406,6637,6349,6298,2899,3371,1549,6544,10833,8785,14450,8487,5929,4208,4972,4754,9023
139.9208333,10843,4637,,,5693,6885,5498,3353,6362,13352,6514,12549,,,,,,,,,,,2504,847,1548,2038,930,929,2038,1860,1485,1776,2080,835,2047,2097,815,1133,2239,909,1611,2146,4043,1761,7076,5502,2255,4608,4891,2005,5184,5566,4051,2971,8163,4452,1731,5941,6254,1597,6239,3263,2190,1420,1899,1876,1241,2595,2305,637,2475,739,2799,4072,2399,2596,2029,3390,1048,3920,972,3298,3191,3656,1270,1808,3497,4284,3179,1003,4803,4863,8499,2503,2976,3970,4450,8311,1615,7104,6403,6759,5490,13654,17307,6752,3812,3729,,,,,,,,,,,,,,,,,,,,,,,,,,,,,,,,,,,,,,,,,,,,,,,,,,,,,,,,,,,,,,,,,,,,,,,,,,,,,,,,,,,,,,
140.0833333,,,11151,6681,,,,,,,,,11151,6681,7392,10035,6585,12234,5865,4132,3716,5044,,,,,,,,,,,,,,,,,,,,,,,,,,,,,,,,,,,,,,,,,,,,,,,,,,,,,,,,,,,,,,,,,,,,,,,,,,,,,,,,,,,,,,,1995,1798,2248,2152,917,1812,1073,736,1150,1296,2067,1237,2312,1962,781,1956,1080,711,2448,2140,6181,2700,4827,6609,1665,5960,3623,3347,4552,5369,6931,1970,7077,6150,1563,7239,4652,4468,4459,6464,2588,699,2503,1952,1137,2269,1965,2388,783,1689,4678,862,4097,3611,3276,2356,3384,1306,2128,4788,2018,3605,3611,4064,2275,2620,1430,2695,6706,5395,6513,7222,6281,2968,3302,1555,6288,9982,7984,14184,7935,5669,3953,4703,4278,7861
141.9208333,9375,3938,,,4838,5797,4466,2719,5514,11462,5401,10691,,,,,,,,,,,2406,770,1511,1895,944,954,2087,1840,1486,1855,2039,910,2037,2145,814,1087,2217,927,1540,1977,4043,1811,6980,5146,2159,4325,4821,1932,5114,5401,3861,2982,8158,4283,1750,5810,6326,1546,6246,3561,2058,1438,1897,1770,1140,2594,2244,676,2350,790,2661,4107,2336,2378,2068,3205,939,3929,984,3240,2987,3748,1241,1887,3396,4133,3055,1055,4662,4655,8561,2455,2847,3639,4600,7852,1680,6071,5257,5541,4682,11151,15427,5719,3198,3164,,,,,,,,,,,,,,,,,,,,,,,,,,,,,,,,,,,,,,,,,,,,,,,,,,,,,,,,,,,,,,,,,,,,,,,,,,,,,,,,,,,,,,
142.0833333,,,10091,5699,,,,,,,,,10091,5699,6341,8865,5770,11132,4922,3558,3223,4245,,,,,,,,,,,,,,,,,,,,,,,,,,,,,,,,,,,,,,,,,,,,,,,,,,,,,,,,,,,,,,,,,,,,,,,,,,,,,,,,,,,,,,,1913,1719,2210,2032,1010,1759,999,689,1128,1324,2156,1435,2177,1966,790,1949,1099,687,2410,2095,6086,2679,4593,6517,1620,5929,3461,3243,4213,5307,6826,1920,6898,6053,1508,7198,4497,4329,4361,6276,2532,674,2564,1972,1150,2240,1941,2387,818,1599,4403,880,3978,3570,3269,2524,3441,1321,2032,4632,2037,3534,3514,4018,2140,2641,1414,2818,6702,5157,6391,6569,6107,2847,3153,1501,6007,8652,6716,13046,6752,4843,3348,4166,3592,6359
143.9208333,7435,2999,,,3678,4485,3351,2074,4322,8263,4073,7996,,,,,,,,,,,2424,851,1478,1947,840,901,2010,1838,1536,1858,2086,834,2065,2061,726,934,2205,886,1556,2133,3871,1787,6820,5067,2130,4160,4687,1895,4929,5392,3689,3038,7980,4288,1678,5736,6306,1517,5989,3532,2103,1391,1734,1766,1079,2530,2242,651,2354,805,2661,3902,2265,2466,1834,3233,957,3972,953,2974,2878,3555,1180,1676,3273,3997,3126,994,4438,4373,8285,2358,2719,3506,4361,7611,1606,4820,4112,4351,3763,8131,12291,4313,2525,2325,,,,,,,,,,,,,,,,,,,,,,,,,,,,,,,,,,,,,,,,,,,,,,,,,,,,,,,,,,,,,,,,,,,,,,,,,,,,,,,,,,,,,,
144.0833333,,,8228,4768,,,,,,,,,8228,4768,5090,7026,4352,8802,3898,2729,2472,3303,,,,,,,,,,,,,,,,,,,,,,,,,,,,,,,,,,,,,,,,,,,,,,,,,,,,,,,,,,,,,,,,,,,,,,,,,,,,,,,,,,,,,,,1976,1714,2172,2104,897,1880,1031,733,1118,1270,2075,1526,2198,1827,769,1919,1068,668,2347,2038,5984,2600,4455,6160,1544,5727,3356,3145,4032,5276,6867,1947,6758,5788,1480,7206,4518,4370,4438,6241,2599,677,2484,1886,1091,2272,1930,2283,791,1619,4469,826,3967,3415,3143,3395,3399,1257,2073,4703,1902,3432,3392,3984,2103,2581,1416,2690,6578,5145,6413,6328,5911,2604,3032,1466,5641,6441,5061,10576,5080,3700,2596,3063,2702,4467
145.9208333,5548,2434,,,2944,3568,2296,1576,3177,5798,2996,5733,,,,,,,,,,,2360,784,1485,1947,860,915,1887,1783,1397,1803,1899,930,1999,2108,770,981,2122,878,1388,1988,3767,1823,6873,4973,2040,4040,4728,1709,4748,5103,3611,2927,7675,4141,1664,5611,6249,1433,6035,3462,1972,1434,1776,1663,1070,2496,2173,613,2395,786,2613,3931,2086,2318,1771,3076,939,3817,940,3020,2847,3612,1174,1688,3141,4053,3085,1032,4270,4278,7970,2375,2558,3442,4365,7460,1553,3670,3089,3199,2747,5354,8291,3099,1799,1830,,,,,,,,,,,,,,,,,,,,,,,,,,,,,,,,,,,,,,,,,,,,,,,,,,,,,,,,,,,,,,,,,,,,,,,,,,,,,,,,,,,,,,
146.0833333,,,6137,3813,,,,,,,,,6137,3813,3776,5055,3295,6429,2878,2128,1791,2531,,,,,,,,,,,,,,,,,,,,,,,,,,,,,,,,,,,,,,,,,,,,,,,,,,,,,,,,,,,,,,,,,,,,,,,,,,,,,,,,,,,,,,,1937,1583,2127,2038,910,1801,1048,698,1003,1201,2122,1390,2218,1951,786,1958,1001,668,2306,2008,5941,2563,4466,6105,1557,5620,3118,2886,4128,5179,6678,1792,6420,5570,1443,7041,4313,4212,4488,6269,2546,641,2470,1722,1075,2233,1834,2298,815,1666,4394,792,3811,3464,3019,2893,3468,1278,1991,4415,1779,3444,3525,3948,2032,2390,1323,2723,6349,4756,6422,6217,5653,2559,3096,1400,5602,4656,3958,7732,3536,2773,1985,2312,1928,3285
147.9208333,4238,1778,,,2162,2892,1622,1191,2554,3969,2424,3919,,,,,,,,,,,2338,845,1403,1849,862,815,1884,1777,1397,1792,1941,858,1943,2074,767,913,2154,838,1524,1995,3694,1751,6810,4996,1888,3902,4615,1767,4527,4932,3501,2822,7776,4079,1687,5303,6093,1441,5870,3398,1937,1395,1689,1619,971,2483,2168,590,2312,782,2495,3737,2067,2319,1796,3012,926,3852,963,2920,2680,3601,1111,1517,2949,4029,3007,1012,4122,4245,8024,2337,2288,3287,4518,7141,1505,2849,2424,2482,1999,3555,5365,2221,1364,1419,,,,,,,,,,,,,,,,,,,,,,,,,,,,,,,,,,,,,,,,,,,,,,,,,,,,,,,,,,,,,,,,,,,,,,,,,,,,,,,,,,,,,,
148.0833333,,,4726,3069,,,,,,,,,4726,3069,3143,3695,2762,4509,2191,1645,1459,1983,,,,,,,,,,,,,,,,,,,,,,,,,,,,,,,,,,,,,,,,,,,,,,,,,,,,,,,,,,,,,,,,,,,,,,,,,,,,,,,,,,,,,,,1842,1702,2219,2040,900,1814,1053,745,964,1233,2071,1443,2148,1978,746,1892,1034,694,2334,1947,5822,2533,4272,5909,1569,5581,3019,2823,3872,5124,6664,1798,6180,5482,1416,6930,4293,4015,4288,5925,2521,604,2491,1780,1041,2139,1838,2257,798,1792,4355,787,3856,3420,3030,2788,3395,1191,2015,4587,1690,3350,3386,3829,2068,2516,1286,2648,6161,4732,6176,6017,5469,2537,3073,1397,5180,3438,2956,5477,2620,2084,1438,1665,1526,2256
149.9208333,3703,1662,,,2096,2772,1492,1162,2560,3245,2558,3246,,,,,,,,,,,2373,789,1472,1922,903,884,1956,1810,1347,1807,1964,917,1898,2081,734,927,2070,853,1456,1981,3599,1770,6596,4944,1904,3768,4728,1727,4455,4819,3447,2716,7568,3941,1615,5158,6014,1422,5776,3341,1953,1425,1680,1588,1026,2404,2161,589,2378,757,2429,3790,2028,2178,1730,2962,939,3980,942,2854,2787,3494,1149,1488,3070,4065,3127,1060,3995,3948,8003,2311,2341,3207,4403,6762,1566,2602,2183,2076,1688,2634,3373,1926,1144,1155,,,,,,,,,,,,,,,,,,,,,,,,,,,,,,,,,,,,,,,,,,,,,,,,,,,,,,,,,,,,,,,,,,,,,,,,,,,,,,,,,,,,,,
150.0833333,,,3950,2957,,,,,,,,,3950,2957,2679,3351,2873,3290,1993,1602,1483,1856,,,,,,,,,,,,,,,,,,,,,,,,,,,,,,,,,,,,,,,,,,,,,,,,,,,,,,,,,,,,,,,,,,,,,,,,,,,,,,,,,,,,,,,1847,1590,2145,2001,985,1850,1068,633,1019,1202,2117,1500,2146,1999,719,1852,1019,704,2192,2067,5716,2591,4300,5707,1418,5694,2855,2654,3790,4812,6658,1655,6080,5159,1438,6636,4135,3968,4123,5682,2418,669,2366,1655,991,2287,1758,2154,846,2071,4228,844,3860,3432,2949,2703,3326,1171,2086,4552,1658,3107,3296,3654,2056,2537,1279,2616,6195,4548,5983,5922,5252,2441,2934,1365,5087,2642,2438,3760,2067,1746,1218,1373,1294,1858
151.9208333,3984,2152,,,2734,3296,1820,1431,3019,3823,3100,3931,,,,,,,,,,,2392,872,1398,1821,796,809,1892,1847,1423,1819,1799,868,1884,2059,718,902,2069,878,1339,1951,3453,1755,6681,4798,1902,3573,4575,1646,4378,4793,3439,2744,7483,3889,1549,4850,6041,1384,5696,3298,1909,1415,1626,1578,1066,2466,2147,605,2361,791,2406,3805,1925,2274,1719,2890,919,3942,939,2763,2620,3550,1124,1445,2990,3904,3071,986,3913,3853,7772,2162,2218,3055,4594,7025,1562,2571,2185,2246,1871,2524,2466,2258,1395,1296,,,,,,,,,,,,,,,,,,,,,,,,,,,,,,,,,,,,,,,,,,,,,,,,,,,,,,,,,,,,,,,,,,,,,,,,,,,,,,,,,,,,,,
152.0833333,,,4269,3428,,,,,,,,,4269,3428,3353,3822,3665,3455,2353,1887,1907,2398,,,,,,,,,,,,,,,,,,,,,,,,,,,,,,,,,,,,,,,,,,,,,,,,,,,,,,,,,,,,,,,,,,,,,,,,,,,,,,,,,,,,,,,1824,1605,2106,2038,908,1814,1032,712,907,1141,2029,1495,2065,1969,711,1998,1016,726,2184,2025,5743,2647,4279,5500,1428,5456,2708,2578,3768,4762,6467,1694,5670,5109,1436,6395,4021,3823,4016,5412,2445,627,2348,1570,996,2111,1798,2165,826,2064,4332,770,3723,3441,2950,2864,3280,1199,2003,4523,1511,3018,3129,3652,2088,2568,1233,2691,5950,4480,6124,5692,5083,2379,2790,1402,4947,2522,2355,2921,2226,1962,1361,1546,1391,2016
153.9208333,5690,2825,,,3600,4164,2815,1823,3893,5799,4137,5670,,,,,,,,,,,2245,798,1415,1798,856,804,1788,1767,1326,1844,1844,915,1813,2000,677,886,2088,918,1319,2072,3559,1740,6544,4553,1762,3696,4587,1669,4274,4675,3181,2745,7300,3701,1566,4794,5957,1411,5801,3062,1829,1487,1625,1583,953,2296,2257,648,2289,731,2548,3745,1942,2052,1683,2916,895,3850,917,2643,2563,3426,1105,1320,2856,3872,3105,998,3834,3847,7909,2075,2163,3006,4916,6720,1491,3099,2809,2876,2586,3583,2308,3149,2165,1763,,,,,,,,,,,,,,,,,,,,,,,,,,,,,,,,,,,,,,,,,,,,,,,,,,,,,,,,,,,,,,,,,,,,,,,,,,,,,,,,,,,,,,
154.0833333,,,5898,4209,,,,,,,,,5898,4209,4321,5215,4884,4865,3073,2460,2766,3610,,,,,,,,,,,,,,,,,,,,,,,,,,,,,,,,,,,,,,,,,,,,,,,,,,,,,,,,,,,,,,,,,,,,,,,,,,,,,,,,,,,,,,,1712,1607,2051,1856,974,1785,1062,687,913,1105,2012,1439,2123,1803,755,1939,984,705,2196,2049,5792,2676,4243,5568,1418,5487,2640,2647,3897,4660,6413,1660,5828,5074,1421,6160,3929,3697,3892,5186,2479,599,2295,1622,999,2124,1814,2139,837,1992,4311,781,3658,3256,2840,2778,3308,1215,2112,4386,1483,3108,3237,3509,2063,2482,1316,2727,5760,4458,5911,5350,4786,2364,2744,1434,4758,3234,3239,2796,3360,2765,1834,2142,1871,2910
155.9208333,7556,3471,,,4373,4913,3749,2107,4619,8156,4849,7883,,,,,,,,,,,2228,885,1381,1813,865,787,1872,1782,1352,1740,1798,1049,1899,2082,735,898,2043,823,1389,1988,3382,1803,6399,4480,1807,3432,4602,1628,4215,4765,3364,2660,7281,3660,1612,4665,5993,1379,5615,3163,1751,1454,1556,1627,966,2311,2130,625,2344,777,2366,3650,1818,2127,1699,2803,868,3783,912,2613,2573,3529,1084,1326,2794,3886,3163,989,3835,3692,7903,2081,1977,2966,4928,6881,1558,4104,3795,3957,3718,6217,3684,4706,3284,2246,,,,,,,,,,,,,,,,,,,,,,,,,,,,,,,,,,,,,,,,,,,,,,,,,,,,,,,,,,,,,,,,,,,,,,,,,,,,,,,,,,,,,,
156.0833333,,,7845,5122,,,,,,,,,7845,5122,5487,7076,5662,7066,4026,2834,3384,4796,,,,,,,,,,,,,,,,,,,,,,,,,,,,,,,,,,,,,,,,,,,,,,,,,,,,,,,,,,,,,,,,,,,,,,,,,,,,,,,,,,,,,,,1870,1595,2116,2047,1004,1814,1106,671,894,1093,2034,1481,2064,1855,753,1919,1026,726,2174,1979,5782,2656,4028,5413,1385,5564,2583,2444,3777,4702,6298,1546,5723,4793,1413,6213,4012,3701,3795,5089,2500,662,2420,1599,1004,2141,1783,2130,850,1967,4178,819,3622,3226,2929,2864,3184,1259,2028,4290,1422,2899,3186,3560,2026,2507,1300,2708,5653,4442,6053,5469,4873,2228,2624,1245,4724,5005,4425,3952,5222,4029,2360,2827,2381,4426
157.9208333,9183,3988,,,4940,5522,4537,2220,4960,10355,5215,9531,,,,,,,,,,,2257,1010,1397,1796,828,842,1879,1777,1367,1797,1809,1201,1873,2164,741,912,2033,903,1413,2018,3403,1854,6479,4613,1745,3467,4668,1690,4153,4444,3144,2702,7296,3653,1603,4528,5888,1383,5537,2954,1827,1675,1654,1610,1065,2418,2113,595,2343,831,2276,3647,1742,2105,1757,2916,892,3933,984,2575,2524,3522,1082,1379,2710,3848,3014,1004,3597,3595,7791,2103,1974,2816,4849,6741,1515,5079,4834,4935,4785,8874,6587,6718,3511,2574,,,,,,,,,,,,,,,,,,,,,,,,,,,,,,,,,,,,,,,,,,,,,,,,,,,,,,,,,,,,,,,,,,,,,,,,,,,,,,,,,,,,,,
158.0833333,,,9588,5465,,,,,,,,,9588,5465,6170,7993,6055,9157,4640,3220,3214,4554,,,,,,,,,,,,,,,,,,,,,,,,,,,,,,,,,,,,,,,,,,,,,,,,,,,,,,,,,,,,,,,,,,,,,,,,,,,,,,,,,,,,,,,1904,1620,2118,1914,1050,1829,1097,667,866,1106,2045,1436,2134,1892,762,1886,949,749,2177,2033,5672,2631,4028,5495,1475,5442,2673,2289,3612,4747,6206,1601,5782,4922,1364,6175,3809,3627,3878,5149,2517,627,2298,1584,931,2162,1779,2223,847,1942,4281,787,3707,3303,2814,2873,3226,1245,2141,4484,1331,2840,3095,3530,2173,2772,1242,2772,5610,4297,5928,5270,4970,2366,2748,1371,4591,6957,5892,6673,6677,4980,2964,3715,2816,5505
159.9208333,9508,4510,,,5303,5612,4793,2245,5122,11456,5260,10481,,,,,,,,,,,2242,1121,1489,1842,837,837,1832,1860,1415,1829,1753,1145,1972,2042,719,934,2125,887,1499,1991,3446,1918,6653,4514,1877,3562,4817,1719,4185,4654,3137,2855,7222,3593,1732,4803,5955,1314,5402,3118,1921,1970,1525,1512,985,2401,2120,669,2362,903,2308,3794,1797,2056,1736,2893,867,4087,982,2558,2503,3583,1143,1246,2723,3913,3151,1049,3582,3637,7771,2250,1990,2866,4911,6831,1598,5510,5191,5422,5630,10865,10304,8108,3723,2593,,,,,,,,,,,,,,,,,,,,,,,,,,,,,,,,,,,,,,,,,,,,,,,,,,,,,,,,,,,,,,,,,,,,,,,,,,,,,,,,,,,,,,
160.0833333,,,10417,5523,,,,,,,,,10417,5523,6288,8403,6169,10565,5175,3532,3353,4683,,,,,,,,,,,,,,,,,,,,,,,,,,,,,,,,,,,,,,,,,,,,,,,,,,,,,,,,,,,,,,,,,,,,,,,,,,,,,,,,,,,,,,,1858,1559,2089,2007,1049,1862,1094,710,869,1203,2087,1452,2165,1862,722,1918,1015,763,2080,1941,5773,2745,4203,5510,1523,5629,2523,2404,3697,4720,6372,1650,5892,4968,1506,6530,3783,3580,3911,5306,2533,606,2328,1491,893,2095,1794,2142,838,1973,4237,823,3664,3209,2903,2877,3399,1250,2323,4450,1382,3121,3189,3579,2244,2838,1268,2947,5609,4244,5823,5319,4855,2417,2795,1475,4731,7898,6451,9610,7809,5604,3257,4060,2930,6293
161.9208333,9476,5290,,,5123,5479,4614,2257,4945,11513,5096,10498,,,,,,,,,,,2334,983,1449,1920,843,771,1845,1869,1377,1850,1745,1061,1819,2086,692,867,2063,921,1402,2115,3266,1946,6488,4557,1808,3417,4683,1739,4014,4507,3116,2968,7118,3615,1744,4779,6022,1384,5547,3029,1812,1754,1504,1629,1023,2405,2251,602,2367,958,2310,3686,1726,2111,1782,2788,845,4008,939,2529,2435,3488,1098,1240,2705,4001,3138,1015,3554,3637,7757,2260,1956,2824,4808,6793,1628,5473,5026,5268,6202,11345,12757,7861,3653,2585,,,,,,,,,,,,,,,,,,,,,,,,,,,,,,,,,,,,,,,,,,,,,,,,,,,,,,,,,,,,,,,,,,,,,,,,,,,,,,,,,,,,,,
162.0833333,,,10255,5305,,,,,,,,,10255,5305,6280,8593,6163,10903,5288,3650,3332,4889,,,,,,,,,,,,,,,,,,,,,,,,,,,,,,,,,,,,,,,,,,,,,,,,,,,,,,,,,,,,,,,,,,,,,,,,,,,,,,,,,,,,,,,1865,1624,2049,1922,1100,1811,1111,713,923,1163,2054,1456,2095,1840,773,1841,967,911,2274,1950,5777,2768,4138,5339,1447,5424,2434,2339,3546,4723,6421,1689,6121,4805,1519,6554,3786,3445,3897,5268,2576,561,2292,1602,939,2148,1806,2217,854,2110,4126,863,3690,3127,2936,2869,3323,1241,2346,4296,1336,2939,3098,3443,2338,2906,1244,3050,5569,4067,5898,5095,4704,2389,2840,1434,4493,8086,6296,11285,8254,5884,3471,4154,2789,6198
163.9208333,9276,4068,,,4875,5121,4360,2067,4585,11150,4587,10265,,,,,,,,,,,2226,1031,1436,1835,765,783,1816,1804,1240,1855,1685,1041,1771,1982,745,873,1980,861,1302,2060,3199,2102,6440,4295,1779,3296,4571,1685,4000,4464,3020,2850,7026,3335,1669,4718,5983,1298,5445,2963,1711,1706,1528,1546,1029,2346,2162,591,2267,855,2226,3625,1732,2002,1699,2701,865,4158,949,2359,2410,3457,1077,1179,2550,3783,3054,1057,3347,3391,7793,2189,1864,2597,4702,6631,1697,5137,4439,4804,5997,10836,13776,7158,3544,2503,,,,,,,,,,,,,,,,,,,,,,,,,,,,,,,,,,,,,,,,,,,,,,,,,,,,,,,,,,,,,,,,,,,,,,,,,,,,,,,,,,,,,,
164.0833333,,,10244,4978,,,,,,,,,10244,4978,5880,8414,5723,11039,5137,3479,3205,4646,,,,,,,,,,,,,,,,,,,,,,,,,,,,,,,,,,,,,,,,,,,,,,,,,,,,,,,,,,,,,,,,,,,,,,,,,,,,,,,,,,,,,,,1893,1589,2148,1991,1109,1801,1117,716,844,1058,2094,1478,2077,1896,710,2014,933,801,2117,1898,5817,2838,4037,5292,1463,5293,2416,2134,3580,4538,6306,1674,6139,4713,1590,6476,3906,3632,3949,5241,2526,647,2180,1521,892,2187,1754,2234,891,2150,4260,879,3630,3256,2939,2943,3139,1185,2496,4401,1254,2874,3065,3296,2353,2949,1267,3150,5500,4007,5979,5185,4702,2451,2856,1561,4322,7821,6087,11780,8557,5861,3455,4355,2674,5835
165.9208333,8657,3794,,,4450,4738,4080,1873,4239,10289,4417,9387,,,,,,,,,,,2166,1145,1394,1861,860,812,1834,1849,1321,1868,1699,1195,1800,2104,771,852,2140,935,1403,2076,3260,2142,6399,4461,1807,3366,4691,1721,4148,4466,3128,3239,7055,3542,1841,4728,5829,1333,5454,3165,1658,1811,1548,1516,1045,2389,2241,608,2286,927,2287,3889,1671,2078,1664,2762,945,4200,985,2414,2300,3500,1074,1227,2650,3729,3044,1095,3458,3396,7732,2272,1843,2676,4628,6616,1998,4690,4265,4584,5855,10237,14040,6758,3373,2248,,,,,,,,,,,,,,,,,,,,,,,,,,,,,,,,,,,,,,,,,,,,,,,,,,,,,,,,,,,,,,,,,,,,,,,,,,,,,,,,,,,,,,
166.0833333,,,9588,4663,,,,,,,,,9588,4663,5448,7783,5367,10475,4700,3282,3105,4294,,,,,,,,,,,,,,,,,,,,,,,,,,,,,,,,,,,,,,,,,,,,,,,,,,,,,,,,,,,,,,,,,,,,,,,,,,,,,,,,,,,,,,,1817,1563,2135,2001,1194,1860,1181,755,820,1109,2103,1461,2063,1893,790,1922,964,782,2082,1940,5837,2788,4053,5404,1451,5441,2329,2308,3564,4731,6555,1686,6068,4774,1621,6526,3645,3591,4049,5298,2507,652,2337,1528,895,2207,1819,2207,1128,2093,4250,880,3559,3121,2800,2830,3274,1223,2661,4352,1300,2856,3132,3465,2395,3279,1274,3326,5498,4029,5883,5213,4586,2464,2931,1557,4371,7508,5708,11826,8277,5634,3297,3985,2383,5122
167.9208333,6938,3059,,,3555,3863,3116,1544,3564,8233,3353,7704,,,,,,,,,,,1910,1017,1398,1644,888,779,1695,1781,1311,1817,1483,1201,1746,2046,744,863,1981,1030,1298,1972,2938,2094,6226,4320,1725,3225,4597,1728,3964,4309,2699,4097,6914,3383,1737,4424,5972,1358,5470,3042,1499,1745,1482,1494,933,2445,2131,641,2203,995,2050,3780,1573,1901,1705,2740,920,4017,1051,2265,2236,3360,1085,1144,2472,3727,3049,1022,3089,3303,7574,2334,1764,2572,4513,6510,1833,4089,3698,3805,4691,8356,12503,5225,2722,1797,,,,,,,,,,,,,,,,,,,,,,,,,,,,,,,,,,,,,,,,,,,,,,,,,,,,,,,,,,,,,,,,,,,,,,,,,,,,,,,,,,,,,,
168.0833333,,,7747,3943,,,,,,,,,7747,3943,4430,6328,4362,9180,3825,2648,2364,3487,,,,,,,,,,,,,,,,,,,,,,,,,,,,,,,,,,,,,,,,,,,,,,,,,,,,,,,,,,,,,,,,,,,,,,,,,,,,,,,,,,,,,,,1824,1480,2088,1987,1256,1790,1253,652,743,1039,2064,1346,2073,1831,731,1912,908,870,1983,1778,5506,2711,4075,5235,1401,5241,2217,2153,3503,4452,6414,1619,5714,4488,1644,6305,3483,3409,3849,5158,2448,614,2198,1474,839,2114,1681,2229,972,2010,4136,846,3598,2989,2694,2679,3085,1247,2995,4077,1158,2709,2898,3314,2301,3263,1160,3595,5219,3756,5710,5073,4485,2346,2880,1509,4121,6180,4811,10724,6462,4649,2632,3359,2022,4223
169.9208333,5604,2369,,,2525,3034,2299,1194,2760,6136,2756,5702,,,,,,,,,,,2035,1038,1313,1897,855,754,1711,1736,1272,1811,1688,1126,1638,2004,714,811,1935,1007,1289,1895,3005,1981,6081,4114,1780,2972,4415,1599,3788,4089,2841,3280,6739,3261,1827,4286,5683,1342,5172,2746,1638,1789,1370,1412,919,2322,2021,641,2222,968,2056,3584,1544,1891,1620,2799,875,3964,1066,2387,2237,3372,1069,1057,2271,3492,2858,1058,3099,3036,7248,2160,1607,2478,4206,6163,1702,3404,2909,2924,3511,5995,10068,3883,2140,1513,,,,,,,,,,,,,,,,,,,,,,,,,,,,,,,,,,,,,,,,,,,,,,,,,,,,,,,,,,,,,,,,,,,,,,,,,,,,,,,,,,,,,,
170.0833333,,,6297,3185,,,,,,,,,6297,3185,3626,4867,3304,6876,3046,2063,1856,2679,,,,,,,,,,,,,,,,,,,,,,,,,,,,,,,,,,,,,,,,,,,,,,,,,,,,,,,,,,,,,,,,,,,,,,,,,,,,,,,,,,,,,,,1743,1469,2045,1910,1300,1763,1153,675,750,1043,1919,1335,2157,1845,749,1814,895,853,1950,1825,5571,2722,3937,4960,1344,5095,2114,1926,3288,4313,6219,1477,5455,4471,1732,6097,3537,3322,3638,5077,2358,600,2199,1432,824,1997,1639,2145,985,1945,4096,845,3454,2942,2600,2656,3061,1166,2997,4058,1168,2659,2784,3239,2264,3066,1241,3426,5094,3601,5559,4794,4328,2219,2758,1521,3844,4857,3770,8908,4731,3625,2171,2706,1544,3120
171.9208333,4287,1796,,,2036,2552,1563,941,2240,4437,2164,4003,,,,,,,,,,,1988,964,1170,1742,759,725,1662,1598,1197,1849,1526,1059,1717,1900,708,800,1955,955,1252,1936,2962,1931,5800,3931,1544,2904,4456,1554,3452,3904,2709,2972,6471,3087,1658,4101,5542,1265,4729,2603,1532,1663,1372,1420,882,2315,1989,579,2183,907,1954,3548,1490,1899,1503,2530,850,3789,1211,2153,2112,3279,931,1002,2179,3426,2706,1008,3023,2942,7213,2004,1508,2309,3925,5762,1695,2674,2261,2137,2605,4454,6999,2892,1560,1131,,,,,,,,,,,,,,,,,,,,,,,,,,,,,,,,,,,,,,,,,,,,,,,,,,,,,,,,,,,,,,,,,,,,,,,,,,,,,,,,,,,,,,
172.0833333,,,5041,2683,,,,,,,,,5041,2683,2926,3851,2696,5058,2389,1642,1530,2223,,,,,,,,,,,,,,,,,,,,,,,,,,,,,,,,,,,,,,,,,,,,,,,,,,,,,,,,,,,,,,,,,,,,,,,,,,,,,,,,,,,,,,,1788,1463,2014,1832,1224,1790,1162,711,708,980,1997,1353,2043,1836,729,1767,886,804,1960,1738,5376,2791,3772,4819,1347,5064,1974,1902,3200,4230,6049,1533,5250,4317,1618,5954,3403,3270,3634,4921,2338,602,2152,1406,808,2062,1685,2066,916,1747,4003,903,3508,2976,2671,2708,3107,1148,2790,3951,1027,2573,2714,2978,2180,2974,1175,3309,4949,3485,5573,4667,4027,2208,2766,1500,3768,3711,2996,6679,3402,2904,1643,2098,1179,2341
173.9208333,3649,2142,,,2072,2455,1363,892,2182,3470,2097,3338,,,,,,,,,,,1909,994,1247,1722,811,678,1640,1684,1219,1784,1506,1004,1633,1975,647,759,1940,1151,1278,1937,2872,2040,5776,3764,1640,2893,4500,1553,3410,3907,2699,3240,6546,3166,1749,4035,5577,1267,4746,2694,1584,1653,1332,1349,904,2124,1987,567,2260,967,1999,3476,1443,1814,1605,2557,800,3807,1092,2118,2058,3251,1045,1003,2262,3503,2805,1059,2901,2900,6998,2106,1606,2274,3957,5865,1708,2210,1892,1915,2177,3135,4769,2316,1271,953,,,,,,,,,,,,,,,,,,,,,,,,,,,,,,,,,,,,,,,,,,,,,,,,,,,,,,,,,,,,,,,,,,,,,,,,,,,,,,,,,,,,,,
174.0833333,,,3681,2306,,,,,,,,,3681,2306,2575,3314,2590,3873,2129,1588,1693,2183,,,,,,,,,,,,,,,,,,,,,,,,,,,,,,,,,,,,,,,,,,,,,,,,,,,,,,,,,,,,,,,,,,,,,,,,,,,,,,,,,,,,,,,1824,1327,1892,1948,1271,1798,1161,704,773,1022,2009,1295,1985,1689,720,1854,923,838,1568,1542,5566,3186,3814,4913,1360,5354,2078,1973,3116,4066,6102,1634,5321,4238,1654,5789,2868,2904,3533,4727,2340,633,2110,1404,806,2027,1668,1946,918,1894,4007,935,3495,2343,2383,2635,3039,1202,2965,3961,1078,2586,2637,2938,2175,2914,1253,3296,4384,3063,5455,4653,4213,2206,2874,1670,3792,3012,2365,4979,2664,2501,1395,1575,989,1841